ID,Transcription
ID_PDZCPT,Trinidad and Tobago set for a seventies-style economic boom with a natural gas find.
ID_ALVRZY,"CARICOM's point man on bananas, Dominica Prime Minister Edison James, believes the European Union is close to proposing a banana arrangement which will satisfy the World Trade Organization and key players in the trade."
ID_IADSIT,Lucia's foreign minister blames the US for unleashing social hardship.
ID_WXUUAN,What plans are there for a full-scale evacuation of the
ID_NFFJZC,Mediation talks involving the leading business sector organisations in the country have so far failed to make inroads in the impasse brought on by parliamentary approval of increased pension and gratuity for MPs.
ID_QAZJHO,Temporary TLC. Temporary TLC.
ID_TCGTCE,"Janitor-Fifty-Five also hit Grenada, which is now under a storm watch for Jose, with other islands in the Wimber chain advised to monitor the system's progress."
ID_CIMBNC,"Martin influencing the election results there, and Ken Richards in London."
ID_MYEKHI,So I think that that would be a bigger wrench because I have an eye regard that my home city came from Jamaica and it's going to be a bigger deal to leave the country.
ID_XIZTGH,The children were sent home while she was held in a U.S.
ID_NUHOFK,"And Jamaica's opposition leader, Edward Siaga, defends his actions against a gang of five and issues a warning."
ID_GZBWKD,"We live in a country of freedom, and we live in a country of laws, and we're still in the process of the court system."
ID_NYCRCZ,"We're not pretending that if people are to be relocated, we can replicate the comforts which people have got at home."
ID_QEZHYZ,"So presumably, in the very, very near future, Ruben will..."
ID_SUVBLO,A new session of Grenada's Parliament opened this morning with a speech from the throne by the Governor-General Sir Daniel Williams.
ID_CLTQEB,"The explosions Monday slightly damaged two sewerage and telephone control boxes, and police patrols later found the three metal pipe homemade bombs at similar installations at other points in this capital city."
ID_NEICEK,I'm Oren Gordon and this is BBC Caribbean Report.
ID_YYDZCY,And a strike badly disrupts the operations of St.
ID_PKEUTO,"For the second straight day, there have been violent protests in Jamaica against a government decision to increase fuel prices."
ID_MYYROA,"From London, BBC Caribbean Report."
ID_NGSPYH,Demonstrators in Puerto Rico are stepping up their campaign to get the US Navy out of Vieques Island.
ID_ZTJTEG,EC agriculture ministers meeting in Brussels have failed to make any progress on the shaping of a new banana regime.
ID_AWDENT,We are going to turn around that industry and use the year 2000 as a turnaround point.
ID_FZBNDW,Keith Stone-Graves has been monitoring the volcano and this afternoon I asked him what level of activity was evident.
ID_FDEGWZ,"So essentially, they tried to bring in these budget cuts and it's led to this collapse?"
ID_ORSELE,by stating that he is going to take the matter to the W.
ID_EDIIEP,"A number of them, I've been seeing six, seven of them have not been able to make it back out into the water."
ID_BCTQXM,The only other time Fidel Castro has ever hinted at leaving office was in
ID_RMQAFK,But I'm also saying that only one of the countries in the Chagom
ID_JOBVVH,"In an effort to get clarification of reports that the Dominican Republic was planning to break its agreement with CARICOM,"
ID_RIGAIG,"The Deputy Secretary General of the OAS, Trinidadian Christopher Thomas, told Caribbean Report that he expects the OAS team to include a significant number of regional experts."
ID_SKCBSV,"If they say yes, then it will be just a matter of the Deputy Governor General naming the date."
ID_XVEVPD,There was a special meeting of the cabinet this morning.
ID_LZAZOM,"The main opposition PLD party in the Dominican Republic, headed by the veteran politician Juan Bosch, says it has new evidence to substantiate its claim that the May sixteenth presidential elections were fraudulent."
ID_UDWJBY,"When she first came here, Mr. Gaviria's candidature was not even..."
ID_UMMAVL,I think we have sort of compromised our win-win.
ID_AMPNER,The INS ruled that Elian should be returned to his father in Cuba.
ID_IKKSKO,It's a measure that could be reality in five years if the EU sticks to its time frame.
ID_GAQOEP,And a UK decision to put an end to capital punishment in Caribbean dependent territories draws an angry reaction from the British Virgin Islands.
ID_TEJUWI,"From London, BBC Caribbean Report."
ID_GLUGOL,What you need here is not simply an ending of the strike.
ID_YZAQAQ,"Instead of leaders signing the court into existence later this month, they are now being advised to wait until February."
ID_MPFYLG,"Mr. McLarty, a member of the Clinton cabinet, was asked at a news conference whether the United States was willing to grant financial or economic aid in exchange for the region's support in the drug fight."
ID_YIPUOL,The authorities in Florida are warning residents to guard against flooding.
ID_IKRYCK,"During the twelve-day exercise across the entire sub-region, over twelve hundred people were arrested and nearly one thousand tons of cocaine seized."
ID_HBIBRC,"Mr. Douglas, Mr. Chirac can deal directly with Martinique and Guadeloupe because they are part of France."
ID_DMAKKY,"For BBC Caribbean Report, this is Christopher Powell in Geneva."
ID_RKJWXP,He indicated for the first time that the Jamaican government expects a foreign airline to play a part in this merger.
ID_AHECSK,So it gives you a real flavor of sort of the evolution of the music in the last twenty years.
ID_SLTYKK,A lot of it is going to depend in terms of its value to regions like the Caribbean on how we use it.
ID_BUWGOP,dollars in punitive import duties on EU goods.
ID_EQTSKG,So we want UNCTAD to critically examine what is happening with trade liberalization and to provide us with some information and some critical analysis of issues like...
ID_AQDMBJ,The Minister of Security in the Bahamas reacts angrily to a US State Department report on drug trafficking and consumption in the islands.
ID_DGPKBP,And what this means is that there will have to be a major sorting out exercise because at the moment the problem appears to exist over eight of the island's fourteen parishes.
ID_VQHPGI,The leaders of the two major political parties now seem closer than ever to having face-to-face talks.
ID_HOPYOC,So what was the predominant reason for axing Winston Benjamin?
ID_CNEBSX,"But meanwhile, in Antigua, Liat and other airlines faced increased requests from Montserratians seeking immediate travel abroad after leaving their island in a hurry."
ID_WCNHYJ,"During the past three years, he still says he cannot talk with Ronnie Brunswick."
ID_JSHMNJ,I am Mike Jarvis and this is BBC Caribbean Report.
ID_DXYKNI,The proposal is outlined in a document being circulated to governments in the region.
ID_KMIEID,I've been very keen to make the head of the government aware...
ID_QKTVRS,Association co-president Mike McCormick's been telling me about their concerns.
ID_VJIUHE,The banana giant Chiquita is facing a takeover from a Panamanian company.
ID_WBIALD,Staff of the United Nations Peacekeeping Mission were helping in the rescue operation.
ID_UJEUEA,"So what really is the basis of the arrangements between GIST and the Wynwood Islands, particularly shipping?"
ID_GKKMAW,Lucia Chamber of Commerce wants an indefinite suspension of the implementation date for the CET.
ID_UPUAJJ,They can't proceed to achieve that unless there is consensus.
ID_DTBIFF,And Anguillons go to the polls tomorrow.
ID_AMBBES,"And even when that problem was resolved, fears were expressed about the possibility of a U.S."
ID_ZCUYHZ,Gasoline has moved from about ninety-four dollars a gallon to almost one hundred and forty-five dollars a gallon.
ID_LZMJFR,"You've received their backing, but how will CARICOM benefit as a regional bloc from having one of its own people at the helm?"
ID_HFOZUF,And the Commonwealth Secretary General says he doesn't expect Caribbean governments to support the suspension of Zimbabwe.
ID_RVSTCD,None of the ministers from Antigua got the presence.
ID_OURHKX,"Ecuador is one of five Latin American banana producers who, along with the United States, object to the EU's system of quotas and tariffs for Caribbean bananas."
ID_CZNHPQ,More on this in a moment when journalist Tom Gibby in Havana and Professor Larry Burns of the Washington-based Council on Hemispheric Affairs join us.
ID_ECZDFK,"Speaker McLean would only say, however, that one nominee is a government minister and the other a High Court judge."
ID_CFCPHA,Former Deputy Prime Minister PJ Paterson and Labour Minister Portia Simpson are said to be running neck and neck among party delegates who will eventually vote for Mr Manley's successor.
ID_DDXTRM,Do you think they'll be successful in getting BWI and Air Jamaica to pick up Americans' business between the U.S.
ID_LLMOWS,So you've helped increase it by three hundred million?
ID_HJTYTH,Britain bans use of gags and adhesives after the death of Jamaican Joy Gardner.
ID_DEDKJJ,It's that high-powered team that Amnesty hopes will help convince Caribbean governments to strike the death penalty off their statute books.
ID_OEZLKH,"To all Haitians, I urge you to work with me and with President Aristide to bring democracy back to your country."
ID_GNBYLK,Wendy Tindale is head of Christian Aid's Latin American and Caribbean group.
ID_YPCSBR,"Our reporter in Georgetown, Colin Smith, was at today's swearing-in."
ID_RANYVB,Mr Sandiford said the new assembly will have a part to play in the evolution of a new CARICOM.
ID_FNAXFD,"At the same time, we believe that Brother Mandela should be allowed to be free outside to consult with the ANC and other leaders in South Africa."
ID_JEGQJC,the government is now keen to talk to Mr. Brunswick and his commander and with the Amerindians and all the peoples who are willing to have the peace together with the delegation perhaps of the government.
ID_UWQCDQ,And Guyanese troublespot Buxton protests the erection of steel barriers by the government.
ID_TOMHRY,"The United Assembly, a twelve-member united front of civic and political organizations, led the popular uprising which on March 10th forced Lieutenant General Prosper Avril to step down as head of his de facto military government."
ID_DKAWYM,I'm Hugh Crosskill and this is BBC Caribbean Report.
ID_QTRTOW,Mr Arthur told the Barbadian radio station that he discussed the issue with Prime Minister Basdio Pandey earlier this month.
ID_WBVAHV,Former condition leader calls fraud and corruption inquiry a witch hunt.
ID_EUBQMP,"I shall, for example, try to arrange to keep those weekly meetings, which I have offered to do."
ID_QAZQPZ,"It's seen that as the taxpayer, actually their money going into another country is direct aid."
ID_PVZWSC,I'm Hugh Crosskill and this is BBC Caribbean Report.
ID_MFRGQW,"From London, BBC Caribbean Report."
ID_SMMDPX,He told me the developing countries believe their position is justified.
ID_ZLBORH,Today I spoke with Ronnie Brunswick on the phone from Amsterdam.
ID_ULJHUO,government spokesmen have tried to link these tough fund conditionalities to higher oil prices from the war in the Gulf.
ID_UOIJUL,I'm Emma Joseph saying goodbye from London.
ID_AMTQFT,And we get the opposing arguments on the regulation of the European banana market after nineteen ninety-two.
ID_CLKHZE,One of the purposes of the visit by the CARICOM leaders is to support efforts being made towards peace and reconciliation and to assess the measures outlined in the accord.
ID_ACIYED,Level of alert raised in Montserrat as volcanic activity increases.
ID_DFTPMT,even if it's not prepared to adapt politically.
ID_GBESDQ,Mr. Amory is looking towards the March six federal elections to win all three of the Navy seats.
ID_AZVAWZ,"Prime Minister Edison James is scheduled to pit his wits against opposition leader Rosie Douglas of the DLP and Freedom Party leader Charles Saverin in a debate scheduled for tomorrow, Tuesday."
ID_RSQYTG,But they say that the new Nicaraguan president will be under strong pressure.
ID_OVDWSM,The access fees dispute led to the international service offer the Ghana company by AT&T being cut off earlier this month because the local company refused to accept a lower rate for the calls.
ID_EYDUKV,"And there are other viruses beside it, but the rotavirus particularly is the one we see particularly at this time of the year."
ID_MMYNNU,"A study on the country's sea defences, published earlier this week, stated that Guyana is losing its war against the sea."
ID_QPVOEV,"there would be an element of caution, particularly in relation to banana farmers who have..."
ID_GOFZHH,There has not been the degree of people involvement that is necessary to sustain the movement forward.
ID_MQEMKN,He also suggested that the government should release the report of an investigation into a failed government project.
ID_UWDNAG,I am Keith Stonegraves and this is BBC Caribbean Report.
ID_QSVACF,"Debbie Ransom in Port of Spain told me that news of the funding-related arrest was broken today in the official government publication, the Trinidad and Tobago Gazette."
ID_ZDGCKO,"Minister of Tourism, Environment and Culture, the Honourable Dwyer Astafan says it's no accident that the Ministries of Environment and Culture are linked to the nation's number one foreign exchange earner."
ID_LESNMR,And he noted that the president has the right to appoint his own choices.
ID_HOSHRG,"University of Ghana says it cannot meet demands of protesting students, and Dwight York in the spotlight of one of the big games of the English football season."
ID_GXPCCD,"Minister with responsibility for the public service, Gordon Draper, earlier this week telegraphed the government's strategy saying, we are waiting to see what will come of the demonstration."
ID_OCHDSF,"From Washington, Yvette Collymore sends this report."
ID_TMSXXU,It appears likely that an amendment approved by the Guyana Parliament but seen by the churches there as a virtual legalising of homosexuality won't now become law.
ID_PEUZHP,"On the day, his basic pitch was to get each person in the room to come up with four hundred dollars to buy into the game."
ID_FAHYQO,"The Vice Chairman of Trinidad and Tobago's National Commission for UNESCO, that's the United Nations Educational and Cultural Organization, is in the running for the position of Director General."
ID_AXDUJL,"Various other parties that belong to the convergence opposition have been attacked and burned, the party of the National..."
ID_CYLUYP,"The main issue is that the ministers should decide on commencing the negotiations and to set a deadline for the completion of what we call bracketed drafts, which is each negotiating group would seek to have a draft agreement ready for its particular topic."
ID_UYGOME,Angry workers in Jamaica's financial sector today almost completely shut down the system with a one-day strike to protest government's decision to remove certain tax concessions on loans.
ID_TEDLVB,"Just over one month ago, a boatload of homosexual passengers cruised into stormy waters as they dropped anchor in the Bahamas."
ID_QWTFSY,"Their concerns have been echoed by Grenada's Agriculture Minister, Clarice Charles."
ID_LRZTFM,What I'm saying is that it is not right for them to publish that figure in advance of the government of Montserrat publishing its budget in Montserrat.
ID_TCORLX,"What we have, in fact, is a mini-civil war between the political parties."
ID_ESYJBQ,The inquiry into the claims made by one member of the tribunal that it did not follow correct procedures will continue.
ID_RUZOHH,"Officials at the Barbados-based Caribbean Emergency Response Agency, Sidera, said that the core of the storm passed directly over Antigua."
ID_XUWTSR,He gave the assurance that the government will soon be releasing a timetable of how it plans to deal with the situation.
ID_EVRUGL,"Mr Sandiford said that he has always sought to be open with the Barbadian public, and in his speech he disclosed that the letter sought to set out the adjustment programme."
ID_ZMYAWH,Another agreement has been reached between the ousted Haitian President Jean-Bertrand Aristide and lawmakers from Port-au-Prince.
ID_ESQMFX,"From London, BBC Caribbean Report."
ID_MFCPON,"And I think we as a people have got to pull back from the brink, because if we don't, it's going to be a catastrophe for the entire country."
ID_TUEKHE,"From London, BBC Caribbean Report."
ID_SOUSOD,"The Caribbean sugar group is pressing for improved access to the US market, but there's strong opposition from US home producers."
ID_FFCFIM,I'm Ken Richards and this is BBC Caribbean Report.
ID_XENNQM,War of words between Trinidadian and St.
ID_UJZJOV,"I think that the way it was handled was not proper, and that I'll be meeting with the Ghana ministers to assure them that we won't be pursuing that particular methodology any further."
ID_YDQVDW,Organizers of the United Nations are satisfied with commitments by the UK and Germany to reduce emissions by more than the projected UN level.
ID_ICVTTP,There's no real return on his investment or his time or his investment in time.
ID_HKNPSD,Cuban sugar workers have been strongly criticized by President Fidel Castro for failing to produce good harvest.
ID_EFVRAQ,I'm Carol Orr and this is BBC Caribbean Report.
ID_YUFEND,"In the broader sense, it's also about relations with the European community, of which Britain is president."
ID_RFDPOU,The first order of business today was to establish the relationship between the nation and New York-based journalist Tony Best.
ID_XSNNGK,"However, no firm date has been set for their first official contact with the outside world."
ID_FWGOYN,"I spoke to their lawyer, Andrew Pilgrim, who told me why the process having gone this far was in his eyes wrong."
ID_MPZYEN,"Shortly before coming on the air, I spoke to Phil Mulling, the Deputy Director in the Office of Disaster Services."
ID_NMHXIY,"To me, Aristide is out, and personally, I want him out forever."
ID_SSLKTX,And there's a new man in charge of Caribbean affairs at the Foreign and Commonwealth Office.
ID_LMYPEM,This has for almost a year held up a fund program for Guyana and timied the economic recovery plan.
ID_ZIMMSV,"They want to increase the powers of that group, but there's obviously quite a lot of debate going on inside the Commonwealth, within the leadership, as to how much extra powers it should be given."
ID_CRVDHQ,"From London, BBC Caribbean Report."
ID_AIBXZM,It points out that the Wynwood Islands are vital to the survival of geese as a player in the European market.
ID_NHELZB,"Navy be allowed to resume live-fire military training on the island of Vieques, just off Puerto Rico, and this despite objections from the government and people in San Juan. The Navy's activities were suspended in April this year after a Puerto Rican civilian guard was killed by a stray missile from the training ground. Military officials say Vieques, which they've used for fifty years,"
ID_RVVNYH,with the privatization of the banana industry with Mr. Joseph at the helm of the St.
ID_BNJXBD,action in leaking parts of the WTO panel report.
ID_OXINYE,This morning's testimonies came from the two officers assigned special watch over the three inmates sentenced to hang in that block and the senior officer on death duty at the end of the hallway on death row.
ID_IXAFOP,Guyana awaits a ruling on what happens next after the nineteen ninety-seven elections were declared null and void and the US banana giant Chiquita struggles to find nearly a billion dollars to stay afloat.
ID_RIGNMJ,"No, the father has not elected to remain in Cuba."
ID_WGWDEK,And has sportsmanship gone out of the gentleman's game?
ID_OKUNTQ,when he is very close to being a Category Five hurricane on the Cypress-Simpson hurricane scale.
ID_VMPQKS,Where we sometimes have a difficulty is that where the private sector sees clearly some of the practical things that need to be done.
ID_KYZTRN,Early indications are that it could be a close fight between the two main parties.
ID_UREYMN,Greenpeace wants Caribbean insurance companies to join its international campaign against global warming.
ID_IWPBXA,Highly politicized in what way? How do you...
ID_IASVVX,"He heard the comments by Mr. Mayor, so what does he think?"
ID_SGDUZC,The West Indies Cricket Board and members of the West Indies Players Association have reached agreement on terms that will allow the team's tour of South Africa to proceed.
ID_QMPKMY,"Oren Gordon, who's keeping an eye on the situation, is sounding optimistic about the Windies' cricketing fortunes."
ID_JXLCVR,"And in St Kitts Nevis, a commission of inquiry continues to face political and legal wrangling."
ID_BGXMNM,"And that it's never an easy task because there are always decisions to be made that you may not like making, but that are necessary to be made."
ID_GPHEOU,"On Election Day, people with identification cards, whose names ought to have been on the registered voters list, their names were not there, and they were denied the right to vote, even though they had the identification cards, the vote identification cards."
ID_TUQOMJ,"However, the Attorney General has responded by saying and itemizing all of the several attempts by the government to have the Speaker or have this matter debated, have the Speaker removed, even if temporarily."
ID_ARXSDB,"During a question and answer session, Barbados Foreign Minister Billy Miller was asked about making that transition."
ID_GUJMTL,"The opposition Jamaica Labour Party goes to its annual conference this weekend, with at least five senior members calling on party leader Edward Siaga to open up the lines of communication."
ID_BGZHMO,"The trend seems to be that they're all moving towards a six percent floor or ceiling, if you like."
ID_ANQLHW,"As I tried to suggest, there are all sorts of elements mixed up in this."
ID_AAPTIX,But this system does say that each country is to be trusted.
ID_YBNVOB,I am Keith Stonegraves and this is BBC Caribbean Report.
ID_VQRBLS,"The United States and a group of Latin American countries have made the complaint, being assessed by the panel set up to consider the case."
ID_FKXAZP,the BLP is pledging to turn Barbados into a developed country and to provide full employment.
ID_PZYTDZ,Lucia's Banana Corporation getting its way with Wibdeco.
ID_DOUWKR,I'm Oya Thomas and this is BBC Caribbean Report.
ID_ZLSXAW,And I can honestly say that I did benefit a lot from his presence in the team at that time.
ID_XSUWQQ,"The Prince of Wales is scheduled to visit Trinidad and Tobago, Guyana and Jamaica."
ID_JTWEMM,"Well, greetings from Justin Hero Castle in London to the entire Caribbean, especially my friends and family who are still in Montserrat, you know, holding up against a very active volcano."
ID_KXPSWT,and comedian Lenny Henry does his bit for Britain's sickle cell sufferers.
ID_POTWWL,"The European Union was forced to scale back its attempts to push three European tax havens, Austria, Belgium and Luxembourg, to exchange information on offshore bank accounts."
ID_LBQBVH,New York has one of the largest concentrations of Caribbean communities outside of the region.
ID_LBWOMB,"Today, both banks give currency to rumors that have been rife for weeks."
ID_MYBPPR,Pakistan's captain Wazir Makram called him the cleverest bowler cricket's ever seen.
ID_AEZBDY,"Water and sanitation were adequate and nonexistent throughout the country, according to the FAO."
ID_GASJRH,Montserrat's chief minister has been asked to reconsider a recommendation that would disallow residents overseas from voting in the next election.
ID_VHMCFU,"It was never the intention to put them under pressure to stay if they do not want to stay because they themselves, ING fought them in the air and said that it was a business decision."
ID_GEZJHW,I am Keith Stonegraves and this is BBC Caribbean Report.
ID_SGRXQU,The calls for reform have become stronger and more frequent.
ID_JCHSFX,There have been further appeals on behalf of Trinidad-born death row prisoner Krishna Maraj and getting inside the head of the underachieving West Indies cricketers.
ID_WQCURU,Lucia for BBC Caribbean Report.
ID_GIRYDW,Lucian manufacturers are closing ranks against suggestions that the controversial common external tariff should be maintained at forty-five percent.
ID_TMMUUS,"So it's a big mess of water in town at the moment, and practically all over the island."
ID_IORBKR,"The Barbados model is to be tried in Trinidad, Guyana and Jamaica, which the prince will visit later this month."
ID_RPHUFR,"Most people already have decided what they believe and what they're going to vote for, but they're taking this plebiscite very seriously as a real possibility for change for those who want change and as a real possibility to try and stop change for those who do not."
ID_OSSXAA,The Cuban leader also attacked the construction industry for not completing its target for the year.
ID_TEZEWK,The Caribbean community carry com as such.
ID_ZWQUBU,"The volcano rumbled back to life with one of its most powerful eruptions, forcing the evacuation of an estimated two thousand people."
ID_TZBNIA,"The European Union and Ecuador, on opposite sides in what's threatening to be a trade war, have asked the WTO to once more judge whether or not the EU's banana import regime is in line with world free trade rules."
ID_LOXUBS,I'm Ken Richards and this is BBC Caribbean Report.
ID_EAKEEZ,Caribbean teachers told they should reject job offers in the United States.
ID_MECCVF,they would have heard my position while in Guadeloupe.
ID_HNVDXA,We are not going to fall into such methods.
ID_HQOMIT,I'm Debbie Ransom and this is BBC Caribbean Report.
ID_QKIXFS,"The CHRI, in a report ahead of next month's Commonwealth Summit, says many of the groupings' fifty-one member states still lack the political will to respect human rights."
ID_JOBSSI,Then we will point out to them that the elected president continues in his office.
ID_ETLXMC,"My government is working for the people of Guyana, all the people."
ID_BUWGYU,"But I believe we will have to look fairly and squarely at the issue of a fourth law school very, very soon."
ID_EDFHVS,"Martin, impact on the relationship between the French and Dutch sides of the island."
ID_WKSTZZ,"In an unprecedented move, Pinochet was arrested while on holiday in London last year."
ID_PNKSXT,They expect definite targets to have been achieved.
ID_MFTRAT,"No one questions the importance of the issue to Dr. Gonzalez, but should the Prime Minister be the one representing Vincentian concerns?"
ID_MSPKKV,Regional bankers call for greater Caribbean integration.
ID_OPWBVJ,Another one which was very substantial.
ID_CQRVCY,The Haitian police seem to be coming under attack.
ID_KYTYRQ,"The Opposition Working People's Alliance, the WPA..."
ID_DIFENX,Grenada announces a comprehensive probe into the field offshore bank First International and concrete evidence of contaminated plant life on Vieques.
ID_OMPMOV,and why I was quite prepared to go for a very firm line in that regard.
ID_HFAAIB,The Prime Minister of St Lucia is in the English seaside town of Brighton where the Labour Party conference is taking place.
ID_XEQVQY,one hundred and twenty five million dollar investment in the hotel factor with another ninety million dollars to be injected in the new year
ID_OXBACC,I am Keith Stonegraves and this is BBC Caribbean Report.
ID_XFDHCS,The High Court has granted leave for the writ to be filed and the case is due to be heard on Tuesday of next week.
ID_RKCSMW,"Afterwards, Richie Richardson, the captain, described the game as an ideal warm-up for the upcoming triangular series against Pakistan and South Africa."
ID_CATUHG,"Tonight, a special program on Antigua and Barbuda, the people, the politicians, the issues."
ID_AOQDGN,"But according to the Prime Minister, Baroness Amos, Parliamentary Under-Secretary in the Foreign and Commonwealth Office, said that could not be considered."
ID_PANQMZ,"UA reader in government and politics, Dr Trevor Monroe, says he thinks Jamaican Prime Minister PJ Paterson should review a decision on international observers at the next general election."
ID_VRKXOA,I'm Debbie Ransom and this is BBC Caribbean Report.
ID_SXLQXW,"We fear that ACP volumes will be reduced, and in fact, that poses a danger for the high-cost producers, which are well known to be the Caribbean."
ID_CTHUOB,Will President Castro heed more frequent calls for democracy?
ID_VQWAGB,The trouble goes back to December when the PNC said elections were rigged.
ID_LXSVHU,"occurred in the first flotilla in last July, we will have some vessels around the area ready to act. They have to know that the Cuban people and the Cuban government is ready to face any intermission in Cuban space or Cuban waters. Rafael Dalsa, a Cuban government spokesperson. The organizers of the flotilla say that this time they have no intention of crossing into Cuban waters. Jose Basulto of Brothers to the Rescue says they..."
ID_CWRVLS,"From London, BBC Caribbean Report."
ID_EAVXAR,"However, this does not mean that there is no opposition to"
ID_FWHVGH,"On the issue of dissent, Justice Dale Singh's comments coincided with recent protest action mounted by trade unions over a pay dispute with the government."
ID_BUQHGR,"And they haven't been able to accept, through all the years, the real situation of a country ninety miles away from the United States, but a country that simply has the right to be independent and sovereign."
ID_MAAUMJ,I asked Mr Spencer what impact Mr Harris' death is likely to have on the openly divided ruling Antigua Labour Party.
ID_TOHPLQ,"It's been a long time coming, according to some in Guyana."
ID_XALAYS,"Before she left Port of Spain, Ms."
ID_USYMMS,"In the first of two reports on the crisis, the BBC's William Horsley has today's developments in Brussels."
ID_FJBSQG,A Cuban-American organization condemns Havana's new anti-dissident laws.
ID_TUZEUE,A weekend Hurricane Mitch hugs Honduran coastline as thousands are evacuated.
ID_JPWETN,"Of course, I believe that he should have done so already, because I was the one really..."
ID_RMANIX,Prime Minister Lester Bird has confirmed that he will announce the election date at a public meeting on Thursday.
ID_GUWNXX,"In Montserrat, there have been conflicting reports about the whereabouts of medical equipment installed at the island's former hospital in Plymouth before the eruption of the Soufra Hills volcano over two and a half years ago."
ID_YBEJFY,Thomas-based police commissioner Ramon Davila says a coordinated effort by various U.S.
ID_MWUFVA,"But first, Charleston Lee has been finding out if hurricanes are becoming more powerful and frequent."
ID_DPJABQ,"The former military leader's sixteen-year jail term and a four point seven million gilder fine confirms that he's been found guilty of cocaine trafficking, a charge the former dictator has consistently denied."
ID_LEAJUF,"Describing the current policy as a misguided relic of the Cold War, the New York Times has urged President Bill Clinton's administration to end the thirty-three-year-old US embargo on Cuba."
ID_PMBOIN,"brief meeting with journalists this morning at a diplomatic meeting, the president did say that it would be likely."
ID_GXBXMI,But we have this question of vulnerability with natural disasters.
ID_KCOXYS,"Standoff paralysed the community a few miles outside the capital, Georgetown, and brought one of the country's main roadways to a standstill."
ID_OAAVDL,Street protests take root in Kingstown as CARICOM engages in fact-finding.
ID_LGQXUL,"From London, BBC Caribbean Report."
ID_FUZVQV,"It's looking very dreadful, the fact that this thing is taking a lot longer than we had previously thought to pass our way."
ID_HTLTZG,"While barring Dominican Republic exports to the United Kingdom, the agreement gives them the go-ahead to ship to other European countries."
ID_DGURFV,"It's taken eight years, cost hundreds of millions of dollars and caused a massive split between Europe and America."
ID_IDBWVM,There's growing pressure for a commission of inquiry into Antigua's medical benefits scheme.
ID_CTJHPC,Both sides in the Haiti democracy talks appear to be edging towards agreement and Karakum at sea on a uniform cruise ship tax.
ID_XXQRSW,"According to some estimates, three-quarters of the crops of banana, tobacco, coffee and tropical fruit have been wiped out."
ID_SBEAOR,"Twice, Mr. Dini failed to get the majority necessary for ratification."
ID_GAJKOK,"I'm Hugh Crosskill, and this is BBC Caribbean Report."
ID_JFCGOH,"However, the Coast Guard said this afternoon the search will continue for the thirty-one crew members, twenty-five of whom are from the Caribbean."
ID_COATCR,"This man, Ethan Moses, a Jamaican, was on his way to work in the neighborhood when he says he saw the plane crash."
ID_USDXQO,"Journalist Jerome Sawyer, who witnessed today's protest action, more from him in a moment."
ID_YHJDCZ,Just a reminder that this and our other programmes can be accessed on our internet website at www.bbc.co.uk forward slash Caribbean.
ID_QPNERW,"Indeed, three cabinet ministers are founding members of this party."
ID_GIIJAV,Antigua's a hundred and ninety-seven prisoners have had to be relocated following a major morning fire which left extensive damage at the state prison.
ID_HRGMHH,But what is happening in the West Indies is that the other sports have also improved.
ID_LQGQNV,You need a phase of withdrawal.
ID_NHHTHC,And this can be done very simply by completing a standard questionnaire from the International Y-to-K Cooperation Centre.
ID_NTGQYD,"In Guyana, the opposition People's National Congress today announced that it will resume its boycott of the country's parliament."
ID_GBYAYG,Majority of Trinidadians favor execution of Dole Chedi and his associates.
ID_ITNSKH,The European Union's executive body said today it will decide within the next few days on whether to appeal a ruling against its banana import arrangements from the World Trade Organisation.
ID_CMKUUW,The people of Nevis vote on secession from St Kitts in less than a month.
ID_BCKIGF,wants dispute settlement panel reports to be released immediately and countries should be required to make public the legal briefs they file in these cases.
ID_QIGTGN,Paterson said the Privy Council was determined to make it impossible for the death penalty to be carried out in accordance with the authority of sovereign Caribbean parliaments.
ID_KWAGRI,"As an organization, certainly from the point of our member countries, we feel extremely happy with the results."
ID_UQNDON,The Prime Minister of Antigua and Barbuda says no evidence so far in the medical benefits inquiry can conclude wrongdoing by his ministers.
ID_GFYZVY,"Louis Farrakhan plans a controversial tour to include Cuba and Iraq, and his elections commission is taken to court."
ID_KEELHH,government request under an existing extradition treaty arrangement with Colombia.
ID_XETIVD,High-ranking delegation of the Socialist International traveled from Europe and Latin America to attend the funeral of Peña Gomez.
ID_ZGWNAT,The Cayman Islands promise qualified cooperation with the US on tax evasion matters.
ID_RNOYUO,But the thrust for brotherhood coincides with the Mexican campaign to gain support for its...
ID_GPOUCE,The Caribbean and other ACP countries might get thirty million acres from the EEC for losses in the sugar market.
ID_MJMJPS,"But it is only after the product has been sold that the final figure is returned to the grower, after the cost deductions of transportation and marketing costs have been deducted."
ID_CDBXMR,"On the day before Thomas and Yassin were scheduled to be hanged on September twelfth, their lawyers obtained a court order which prevented their execution."
ID_BHVFZC,Caricum leaders decided on a review by technocrats in time for the upcoming mini-conference in October.
ID_MERBQH,"Well, I think you're quite right that Washington has very limited leverage, but in fact the critical statement that the State Department used today to characterize the situation in Haiti was quite different, much stronger."
ID_QBOREI,"From London, BBC Caribbean Report."
ID_NWFVBU,A record number of political parties wanting to contest Ghana's next general election and warnings that reversal of a New York City order could lead to panic among immigrants there.
ID_AVITXZ,The government feels the council and the American Convention allow the murderers to string out the appeals process and in the end get away with it.
ID_ITQSZX,"As they approached the area where the car was supposed to be,"
ID_NWDYUG,The gas is used as base material for the production of methanol and other petrochemicals.
ID_TJZDVV,OECS Ambassador in Brussels Edwin Laurent on what's seen as an escalation of the looming US-European Union trade war on bananas.
ID_MOLTZF,"officials because Caribbean leaders were more want to ask for aid than to address other problems, grassroots type of efforts that they could do themselves."
ID_MWCYAC,"A form of electoral accommodation, possibly a united opposition force, is threatening the chances of the ruling party holding on to the reins of power in Trinidad and Tobago."
ID_AHXESE,But Mr Britton did admit that last week's ruling could have dire political consequences.
ID_IACTHZ,Emma Joseph reports that the third coming of the former priest may be his most difficult.
ID_ISCUUF,The opposition coalition will be made up of men of caliber and decency and honesty.
ID_STKDXC,"and then you reach me at the very, very end of the block, you know?"
ID_VLNRJP,"The situation at Montserrat-Soufriere Hill volcano has become more serious, and it is feared that we are once again faced with a threatening situation."
ID_RWRHNN,"PCD member UC Kwayana, speaking to our Georgetown correspondent Sharif Khan today, expressed alarm at the failure of the just-ended Congress of the ruling party to address the contentious issue of electoral reform."
ID_FGMBEK,Five death row prisoners who are to have been hanged tomorrow and Friday have all been given a stay of execution to make a final appeal to the Privy Council.
ID_MOKUQL,"Recent speculation about whether or not the division created in the party some two years ago is still there and that it is posing a problem has the party on the offensive, trying to shake off a perception of disunity."
ID_CARCQZ,"Hello once again, this is Hugh Crosskill reporting."
ID_CADRJC,And does it rest in peace for the idea of a common Caribbean currency?
ID_CRHPLR,And Jamaica's John Barnes hopes it will be third time lucky when he lines up for tomorrow's FA Cup final.
ID_VMFAJU,"Our lawyers are considering that. Now, the Constitution says that the action of the president may not be questioned in the court of law, and as you know, we believe that the president is violating the Constitution, but our lawyers are looking at the possibility of whether that protection applies to a president who is using the law to break the law, that is to say, does the protection cover the president when he is, in fact, breaching the Constitution. So what do you actually plan to do?"
ID_ATBBRR,"The International Secretary of Guyana's opposition People's Progressive Party, Clement Rohi, yesterday met with officials of the Foreign and Commonwealth Office here in London."
ID_LTAKOT,The Aruban Parliament was dissolved on Wednesday following the collapse of the governing coalition earlier this week.
ID_XQXYPS,"Presidential inauguration festivities were almost ignored, except for brief mentions in the news media."
ID_NREHIH,I think the fault probably lies with both in that sense.
ID_WKGSKK,Tony Fraser reports on the latest developments.
ID_PJGWYD,But we have to look things on the whole yet network and not only one particular island.
ID_OKQGTZ,"But nevertheless, there is a view coming from several sectors that the attempts, the state of emergency was really a drastic action on the part of the government."
ID_RYWGOC,"Many of them suffered as a result, Jamaica in particular."
ID_YGAOJR,as a result of the deadly pyroclastic flows on June twenty-fifth last year.
ID_EAEEHV,We have succeeded in doing that and therefore I am entirely satisfied that ours was the right decision and that we have in fact obtained the objective that we set ourselves.
ID_RTEKER,six-year-old child is in most respects now competent to speak for himself legally.
ID_FPCPWN,You're listening to BBC Caribbean Report.
ID_JNAYIR,"The Trinidad and Tobago government confirmed today that Minister extraordinaire in the coalition regime, A.N.R."
ID_NAKCKF,I'm Emma Joseph and this is BBC Caribbean Report.
ID_ETVZEC,Some demonstrators lay on the ground in the past.
ID_GJYQAA,We had a very interesting session on the potential of the Caribbean region for service exports and on what needs to be done.
ID_QZOYUS,So the vote of confidence in the military action from Prime Ministers Ralph Gonsalves of St.
ID_DKESOL,I am Keith Stonegraves and this is BBC Caribbean Report.
ID_PPDEXO,They cannot accept having normal relations between superpower and small countries.
ID_TYXZEW,The action group are utterly faithful because they see this next level month as really just the last phase of an action by the Commonwealth to bring Nigeria back within the confines of the Arai Declaration.
ID_ZZYTOJ,I'm Mike Jarvis and this is BBC Caribbean Report.
ID_WYOBBF,Both party leaders have appealed to supporters to refrain from violence and acts of provocation.
ID_GYPYKE,"and a former US diplomat falls caricum, the OAS and Washington for their so-called pro-aristid stand."
ID_QAGFJO,I am Keith Stonegrave saying goodbye from London.
ID_OULJGH,hard on the heels of the fears about cuts in U.S.
ID_VDTDVU,"In Waco, he is expected to be reunited with his daughter, who has been released."
ID_TUJJNG,"From London, BBC Caribbean Report."
ID_OFIMZV,The president has ordered that the target range on vehicles should be cleared.
ID_EIJREY,And Fidel Castro's upcoming Caribbean tour causes some raised eyebrows in Washington.
ID_MBDYME,"I mean, I know he's played for West Indies for, I think, over ten years, but I think he still has a lot to contribute to the team."
ID_NJZLNA,It was a highly politicized panel whose results were mostly written before the research was done.
ID_ISYTIF,Pete Nimval reports from Castries.
ID_ILPKPC,"In a sense, it is one of the number one issues on the agenda in Belize today, how best we can cope with this influx of refugees in our country."
ID_AUNMJQ,Mark Davenport is the BBC's UN correspondent.
ID_LRKCQV,"That decision came at a time when some governments, most notably Trinidad and Tobago, were moving to reintroduce hanging as the penalty for convicted murderers."
ID_DXJNQR,"Later in the service, it's expected there'll be a helicopter flyover, during which wreaths will be dropped on the area where the victims perished."
ID_NYYHBU,"The Canadian government says it backs the idea of NAFTA membership for individual CARICOM states, but expresses concern for those left behind."
ID_QBIIRL,"Canadian immigration officials have been shedding more light on the issue of Dominican economic passports, but they've stopped short of saying whether the island's passport holders will be hit by restrictions following the recent arrest of a group of Chinese with Dominican passports."
ID_TGDBBY,"And thirdly, we are going through a tremendous crunch in which we are laying off a significant amount of workers."
ID_WWZBPW,"The article carried the headline, Slipping on Banana Peels."
ID_LJTMRZ,CARICOM leaders head for their meeting in Belize and another packed agenda.
ID_CRMPGQ,Barbados reports some of the worst figures for asthma in the world.
ID_CKGCOW,The president insisted in a radio and television broadcast last Friday that he won't swear in seven defeated candidates to the Senate and the Cabinet.
ID_TGBEGQ,"For us, Aristide is a de facto president."
ID_ALYTHL,and therefore that final position has to be decided upon and approved.
ID_AVDGNV,I need some time to go through them with a fine tooth comb.
ID_ORNAEK,Regional states fear the February fifteenth strike could have disastrous consequences for Caribbean tourism.
ID_ZTFDXT,"Here in London, officials of the West Indies and South Africa cricket boards, team manager Clive Lloyd and the players have been having talks aimed at rescuing the West Indies tour of South Africa."
ID_EPNQCP,And you take a decision today and five days later you're still talking about the same decision to execute.
ID_INOCXC,"One way or the other, the company will have to come to grips with the recommendations of staff cuts and downsizing in all aspects of LIAT's operations."
ID_AKCUPH,"The individuals can take a decision that, heck, I don't want to compete, and other individuals could take a decision that, since the rule allows me to compete, I'll compete."
ID_HWAVYD,But the action seems to be somewhat drastic.
ID_WIWPYT,Demonstrators threaten Guyana's chief prosecutor as a treason accused appears in court.
ID_MAMPSE,"In Montserrat, officials are still trying to gauge the extent of damage caused by the June twenty-fifth eruption."
ID_QJORCK,"Thousands of members of the security forces turned up to cast their ballots, but many found they were not on the voters' list."
ID_DZMCFV,We in the private sector keep saying that the only protection at the end of the day you essentially have is efficient production.
ID_VVTPDS,where Jamaica says routes into the eastern Caribbean won't be affected.
ID_THYUPS,"And unlike other parts of the Caribbean, it is they and not the government that must decide the question of how soon elections will be held."
ID_BPCBXR,John's could be heard nailing and hammering plywood over windows and storefronts to protect against flying debris.
ID_WXYUNN,I'm Jessica Robertson and this is BBC Caribbean Report.
ID_AFCWTJ,"From London, BBC Caribbean Report."
ID_GCNVCR,It was as the treasurer of Britain's opposition Conservative Party that searching questions were asked of the business dealings of Mr Ashcroft in a period of intense coverage in the British press last year.
ID_NSRGYS,"The five main areas are trade and investment, security and law enforcement, education, health and the environment."
ID_MEDPLE,"But while enjoying the benefits, the voters in the French Caribbean have never expressed much interest in voting on European matters."
ID_ODVCIF,Caribbean Justice Coordinator Sheila Simon has this advice for the Prime Minister.
ID_ZENCGH,Dominica's Prime Minister says the people are losing interest in the idea of Wynwood Island's unification and Cuba's military feels the economic pinch.
ID_MIKUPK,about which the leader of the opposition must be consulted before they are made.
ID_IELNCC,"You do not hide behind your population or your citizens and say, oh, they don't want it completely, and you don't give a lead."
ID_RQZQMV,Chandra from Benendeck in Paramaribo for the BBC Caribbean Report.
ID_GKQLAR,And one would expect the coffee prices for mild producers or Central American producers out of the Caribbean sector...
ID_SZEYMP,"Holland's about to set up an independent development bank for the Dutch Caribbean, and a hemispheric grouping endorses the free trade area of the Americas."
ID_TIHKOR,"But they are, if you like, in Greater Europe."
ID_XXWPSN,"From London, BBC Caribbean Report."
ID_UUDACE,"It was not surprising, therefore, when CARICOM facilitator Mr. Morris King described the situation as very delicate after two different proposals on how to deal with the issues of discrimination and victimization had been tabled by the two political parties."
ID_VAFXAR,"It only was put together in about three or four months in most other countries, such as..."
ID_UIXYQI,nothing is permanent six in haiti and it's true that because of that many people doubt that there will be any elections at all before the end of the year
ID_GBCUSS,"That's because WTO members failed to narrow the differences on key issues, as the BBC's Claire Dool reports."
ID_OBSFZG,But a basic freedom is the freedom of expression and that doesn't exist in Haiti anymore.
ID_YXXCZV,"The PPP has yet to announce its decision, but is also expected to endorse Mr King on Wednesday."
ID_SECMMA,Navy vessels are also being sent to the area.
ID_FJDIQR,Guyana's Foreign Affairs Ministry has responded to weekend statements from Venezuela raising once again Caracas' claim to the Eskibo region.
ID_WQUZMX,That's the question I put to reporter Michael Norton in Port-au-Prince.
ID_AVVRXX,"However, the qualification is that those external relations must not impact negatively on CARICOM members."
ID_SZOPJT,"including in the issues related to content, was of course the perennial concern of smaller economies."
ID_VKLMQK,"Isn't there an element of wishful thinking in this idea of associate membership, though?"
ID_PNLDGX,"the Caribbean Tourism Organization, ICE Haiti, and Sevier or Dictator."
ID_IOIPDS,Wouldn't the exiles be determined that he wouldn't rub their noses in it?
ID_VFBCGY,"He says the picture for the Caribbean, though not dismal, isn't too promising either."
ID_SYZVEZ,The incumbent Progressive Labour Party of Premier Jennifer Smith holds its final rally tonight at which it will present its thirty-six candidates.
ID_KRKMDB,Two crashes in Guatemala and Venezuela over a four-day period in December killed forty-eight people.
ID_ZEGFVS,Prime Minister Rosie Douglas would not comment on the matter of direct banana sales to geese.
ID_SXELZR,"Unions representing the sixty-five thousand workers affected complained bitterly, but to no avail."
ID_MMLSIH,"We expected this, but we didn't expect this to come so soon."
ID_NHAANK,Blacklisted tax centres are considering legal action against the OECD.
ID_DOVBCE,I also reminded him of CARICOM's stated intention of pushing exports to a country from which the region takes much of its car and electronics imports.
ID_GVHGGT,"I mean, how serious is the situation at the moment?"
ID_JPEEXF,"But various groups, including the Chamber of Industry and Commerce, have launched a petition to have the Governor-General set up an inquiry into the scheme."
ID_IDCTSV,"A new flood of illegal Haitian immigrants hits the Dominican Republic, and Grenada removes its objections to Cuba's membership of the CTO, but other obstacles remain."
ID_MDPKFH,The authorities rejected all pleas for clemency.
ID_NIMPTT,Their charge had been too soft on corruption.
ID_INNDQH,That question will not be answered by prison officials contacted by a Caribbean report.
ID_MPTJEM,"In a side already brimming with international attacking talent, York has become something of an automatic selection for Man U. Once a player establishes himself in the Tobagonian's absence, it could mean a long spell warming the bench."
ID_ZLYTQV,Bahamian police are preparing to charge the man they say is responsible for setting fire to the straw market in downtown Nassau on Tuesday.
ID_GYUFKZ,EU countries abolish that particular form of punishment as inhumane.
ID_YVJDGP,Leslie Goff in New York has been following reaction in the US.
ID_VARZVD,"So in essence, how does it compare with today's activities?"
ID_KLXVBO,"Your impressions, have they been much altered by the visit, or are they pretty much as you felt prior to?"
ID_ZYYDED,Prime Minister Anthony said nationals could make the difference in their shopping habits and their lobbying.
ID_UTMUVW,An anti-Cuba bill passed by an overwhelming majority in the US House of Representatives and America's anti-drug efforts in the Caribbean defended by part of Spain-based US ambassador.
ID_DKJVPM,"or was the Prime Minister's address a scaremongering, vote-catching exercise, as some of his opponents allege?"
ID_RKXFIP,"The NBC report quotes Mr Vladimir Severa, a Soviet nuclear engineer who fled from Cuba to Canada two weeks ago, as saying defects had been detected through X-rays of cooling pipes."
ID_FNVAQX,"In a moment, we'll hear from our own Debbie Ransom, who has been out to Downing Street to hear some of the arguments."
ID_TFLATD,"From London, BBC Caribbean Report."
ID_VCNOPK,Oren Gordon now retraces the latter part of Dr. Jagan's life.
ID_XEAUNC,"As night fell, the last of the Muslims left the Parliament building, forty-two of them to join the seventy from the TV station."
ID_IIYVFZ,"There'll be more on the protests staged outside the White House on Sunday later in the programme, but first to the Cayman Islands, where a hurricane watch remains in place."
ID_ACJKHH,"At a press conference this morning in Georgetown, President Hoyt accused Congress of meddling in Guyana's internal affairs."
ID_IAYXZZ,One possible interpretation of that statement is that the President is about to dissolve Parliament and has therefore agreed to make the three pieces of legislation law before he does so.
ID_MWFUCB,"And his whole political thrust has been against the government, and the government has wanted to silence his party."
ID_QTANUS,There is not a consensus on constitutional government in Haiti.
ID_QDNFPS,It provides for specific offenses in relation to trafficking near schools or near social institutions.
ID_HQCRAX,"Environmental Protection Agency, or Canada."
ID_CLSEUM,Entrant Ladd's opposition is accused of blocking the way forward for a regional court of appeal.
ID_WYOLFE,The attorneys are contending that the human rights of the convicted man have been violated by his extended stay in prison and also by the conditions of the prison.
ID_VFVWJM,"Congress, which reconvenes next week."
ID_DJVBUP,"Lucia Banana Corporation to sell bananas directly to Geist, the exporting company."
ID_FSVSNE,"By this Thursday, well, there would be a popular uprising to show him how much he is detested by the people."
ID_GFVARV,"We'll, of course, be providing more news as we get it."
ID_QTDNGB,"It means that although they consider themselves British, they don't have full citizen rights."
ID_YTQRPN,One thing that a lot of people lost during the storm was felt and asphalt shingles.
ID_AMEVMZ,"The Malaysian developer, Dato Tanhok, recently unveiled his vision of two thousand rooms"
ID_RZTAQD,I'm Oren Gordon and this is BBC Caribbean Report.
ID_CATHHN,"And my impression is that there is growing disappointment, particularly amongst the workers, the farmers, the unemployed, the middle classes even, that up until now, Michael Manley's government has not."
ID_RBFVFN,"He told Hugh Crosskill that in order for the region to satisfactorily respond to global issues, the efficacy of its decision-making must be reviewed."
ID_DFEOBE,"Lucia, with Matanik also closely monitoring the situation."
ID_SVESHN,I'm Mike Jarvis and this is BBC Caribbean Report.
ID_MLPARN,"David Adams, and about a hundred wealthy Haitians joined in a demonstration Sunday, backing the provisional government in opposing the plan to send international observers to monitor human rights in the country."
ID_LMIKRW,"Miguel Alfonso, the four can be held for seventy-two hours before charges are brought against them."
ID_MYZZDF,I'm pretty confident that the arrangement that is being worked out will facilitate...
ID_VVOXZZ,The unions have found themselves on the back foot since the adoption by the previous government of austerity measures coming out of agreements with the World Bank and the IMF.
ID_ACYPKE,Under discussion is the future direction of relations between CARICOM and the UK.
ID_GFJAUS,But that ruling has now been overturned by an appeals court and the law is taking effect as originally scheduled by U.S.
ID_IBDJMV,"Set two hundred and seventy-eight to win, the West Indies were in deep trouble at lunch with four wickets down and the bowlers reveling in conditions perfectly suited to swing bowling."
ID_FSMWOM,"Lucia's opposition leader, Julian Hunt."
ID_GVCKTM,Operates of assistance also came from Commonwealth Secretary-General Don McKinnon.
ID_JOYVUK,The police did not say what the two sedition charges which were brought against Mr. Waddell will be replaced with.
ID_GSOUCE,So that will obviously be a position where we'll be asking for a much closer relationship that I'm sure countries like Trinidad and Jamaica would care about.
ID_YHRVMO,Guyana's Aubrey Norton says he'll fight to keep his good name.
ID_NVVYGX,"Yesterday and today, the fire brigade were kept very busy responding to bomb threats that disrupted work in many government offices and some commercial houses."
ID_DXVBIN,And the former Prime Minister of Suriname assesses Daisy Bautissier's future.
ID_RFHHFQ,That's because the major parties in Canada no longer feel that high immigration levels is a good thing.
ID_LIICSJ,Seventy-three percent said Security Minister Selwyn Richardson and sixty percent said Prime Minister Ayn Arra.
ID_TXCCEX,"This is down, so we have to watch it very carefully."
ID_JMEIWA,"From London, BBC Caribbean Report."
ID_ZUXCNF,"In today's programme, we look at a controversial proposal that calls for the resignation of the Antiguan government and the establishment of an interim administration."
ID_VKHKVP,We are sure that we can help the great international music and dance star Michael Jackson.
ID_PUHEEF,Envoy Richard Clark has downplayed differences with Jamaica and Barbados over the signing of shiprider-type arrangements with the United States.
ID_PWCXOK,"Code Caricom statements have influenced Nevis' secession vote, mixed reaction from some people on the island."
ID_OVKSPI,But that transition can only happen if the WTO agrees to an eight-year waiver.
ID_TEQYMR,His own movement is a splinter movement of the movement he gave birth to.
ID_PZTFYG,The events unfolding in the Soviet Union may not have any serious impact on relations with Jamaica.
ID_DZJDMA,The few parties which support the Bazan government went ahead with their bid to hold on to power.
ID_CSYTYH,"The budget was presented against a background of continuing boycott of Parliament by the main opposition People's National Congress, which was refusing to recognize the Janet Jagan government."
ID_JPCWUG,The world press has risen to the challenge of finding the headlines to suit this meeting of the titans.
ID_SCMLGE,"But first, Debbie Ransom takes a look at the reputations of both President Fidel Castro and Pope John Paul II."
ID_HWYKBD,"The scientists say the volcano threatens the settlements along the Bellum River Valley, including Salem, and had urged them to leave by this weekend."
ID_HPILYE,"He told them that his neighbors, they had shared security concerns."
ID_LFGVIP,Is he confident that Commander Bautista will not take over again?
ID_AFUMQP,Prime Minister Basdio Pandey wins the latest court battle for control of Trinidad and Tobago's ruling party.
ID_SIJIRP,Diplomat Peter Scheer has been explaining that Washington wants formal consultations with the Europeans on the issue.
ID_XOWABT,"to the same persons, the technocrats and the professionals and the heads of government and their advisers."
ID_FRIIHK,But Governor Savage says the report is a misrepresentation of what he has said.
ID_OFDGRB,Montserrat dealing with its volcano threat while keeping an eye on Tropical Storm Iris.
ID_QUCUKJ,"Fifteen opponents of the then military government were executed in December, nineteen eighty-two."
ID_XOOHQJ,Guyana's president appeals for a billion-dollar aid to help relieve flood-damaged areas and St.
ID_UUGJUZ,"And naturally, we are very much interested in continuing and honoring a commitment that was made by Puerto Rico to the Congress of the United States in..."
ID_FWNTFK,Sandals chairman expresses regret as three confirmed dead in St.
ID_IIENCN,Haitian ruler Lieutenant General Prosper Avril has replaced two members of his cabinet.
ID_VRRGHV,But we must not let down our guard.
ID_DZFHGD,"I would take it with a grain of salt because he is hedging his bet by saying, as he did yesterday, that he feels that he would continue if he sees that as his duty."
ID_PRVEDF,Police and demonstrators have clashed in French Guiana over the arrest of independence supporters.
ID_MZKDBF,"Montserrat relatively quiet, but monitoring of the volcanic chances peak area continuing."
ID_DKEKSV,"The EU's chief negotiator, Philip Law, says the last negotiating session in December came close to finalising an agreement and only a few subjects remained."
ID_FSJHYG,Fourteen of the seventeen persons found guilty of the murder of Grenada's Prime Minister Maurice Bishop in nineteen eighty-three were sentenced to death and long prison sentences imposed on the others.
ID_CJFRKE,"And it's a great responsibility, but we are confident that he will give us the strength, the wherewithal to discharge that responsibility that is placed in our hands."
ID_CBIFSZ,Dr. Pastor is in Grenada reflecting on US-Caribbean relations and what the future holds.
ID_EOVZCL,"That has also overflowed its banks, and there's only a strip of road between these two ponds, the Great Salt Pond and the Freshwater Pond."
ID_AIZKJV,"The five were thrown off the flight from London after the plane was diverted to Norfolk, Virginia as airline staff reported rowdy behavior."
ID_TUKYYC,"The appointment of Grenada's Governor General Designate criticised as being political, but he says he hasn't been in politics for years, and Otte and Bolden seek redemption in the two hundred metres."
ID_MSHZJW,embassy condemned in the strongest possible terms last weekend's barbarous attack on the nuns.
ID_GAGJVI,"On Tuesday, the United States faced international criticism over its repatriation of Haitian refugees."
ID_BTFKFA,"The governing ALP, waving a glossy fifty-page document, is promising to empower Antigones with a strategic vision for the future."
ID_YYGRXT,Hurricane Lenny are moving across us right at this moment.
ID_MVBRQR,"There is some scope of people saying that trade liberalisation is leaving people out, and all the world trade leaders are saying that."
ID_EKSCCY,Robert McNamara is one of the growing number of influential Americans arguing a case for ending the American embargo against Cuba.
ID_YTURPQ,"The deregulation of Jamaica's economy comes under scrutiny, and St."
ID_BPWXJP,The mission will be backed by a seven-member OAS Secretariat support team.
ID_BNKUBE,"From London, this is BBC Caribbean Report."
ID_LQQYCN,"Within the space of about a week, the group was expelled from Venezuela twice."
ID_TGLVOP,Nevisian Premier Imri is opposed to the federal government's opening of an office in Nevis.
ID_APNLAA,"According to Dr. Carrington, other countries also raise concerns about a possible separation of the two islands."
ID_XQYJTN,United Nations Special Envoy Dante Caputo has returned to Haiti to meet with political and military leaders there for more talks about the restoration of democracy.
ID_LVAZJW,"This was being heard all day on local radio in Montserrat from the National Emergency Operations Centre, indicating the range of Caribbean help on offer."
ID_TZXIJF,will be able to keep us up to date as to the progress of the hurricane.
ID_DBLGLB,It has given the United Workers Party a six-point lead over the Dominican Labour Party.
ID_PFIHSE,but it is notable that this year more people are starting to vote in the morning as well.
ID_YJGCKZ,Many in the Caribbean lamented Mr Carrington's loss of the job.
ID_SSOAYU,The President of Mexico meets Caribbean leaders and offers more aid.
ID_NBOFQA,"Four persons, including a seven-week-old infant, were killed in a series of reprisals in the Homestead community in the constituency over the last five days."
ID_VVVSAV,"The Trinidadian Prime Minister believes if an economic union works, it would ultimately lead to a political union between the three countries."
ID_UETDYF,The birth of Caraway Express that I taught.
ID_KHJAEA,Former Barbados Prime Minister Erskine Sandiford says the CARICOM Assembly of Parliamentarians must be restricted to MPs.
ID_ZKZYLK,Is Caribbean-US relations at a crossroad as US Secretary of State postpones her meeting with CARICOM officials?
ID_IGRNBD,"moratorium on hangings in the year two thousand or is it that you want them to see, you want them to enshrine an anti-hanging principle?"
ID_AFZDCU,"President Robinson had also charged that the Prime Minister had not been informing him of government operations, and therefore he was not in a position to advise, counsel, and even warn the Prime Minister."
ID_FPDHCW,"President Clinton goes ahead with implementing Title III of Helms-Burton, but US allies are given a six-month breather."
ID_RZVOTG,I'm Oren Gordon and this is BBC Caribbean Report.
ID_OPWOWL,"In fact, two police stations they passed by."
ID_HDFSPX,That's probably too many for an air carrier its size.
ID_PTSVHE,"The WTO disputes panel had upheld some parts of Europe's trade pact with banana producers in the Caribbean, Africa and the Pacific."
ID_WJGTSW,Japanese women overstaying their welcome in Guyana have had an extension request denied and Britain attempting to strengthen trade links with Latin America.
ID_HCSVLL,"I was particularly interested, of course, in the situation with regard to fruit."
ID_YYKOFE,"That's why black people around the world and our black young males are looked at as thugs, as robbers, as drug addicts, as rapists."
ID_YZXBVH,"American Airlines management, in a bid to avert the planned strike, today made a new age proposal, increasing the carrier's pay offer to a six percent hike spread over four years."
ID_CDCDXH,Congressman Lincoln Diaz Ballard added his
ID_QLWWJM,They've gone after different levels of sponsorship to cover the estimated nine point two million dollar bill.
ID_HGGZUR,Devastating on a young person and on the middle class.
ID_ZZXOBW,the party took a decision that since he cannot comply or conform to the party's decisions then...
ID_XCEOXT,And perhaps the only way to do that at this stage is a blockade.
ID_DTZFPX,but the union said it would go along with the deployment under protest.
ID_XNOGZS,"From London, BBC Caribbean Report."
ID_HTBLDQ,The United States has welcomed the signing of the decree for the poll.
ID_XPFLTX,"But Republicans in the U.S. Congress want more money to be plowed into domestic spending needs, such as the environment and education."
ID_UXHNII,It does not rule out the existence of these elements within the police and the military and hopes that polarization between the two armed forces can be prevented.
ID_KYIKMY,Mr. Moore told the conference that the stakes are very high.
ID_DPEDET,"government appears to me to be on the face of it, not quite substantive, and I really believe that the U.S."
ID_TDVCID,"and the small Ghana Democratic Party, GDP, chose perhaps appropriately an economic focus."
ID_QZSSGH,I prefer a member of the House of Commons rather than a member of the House of Lords to be responsible for the dependent territories to whom we can relate as elected representatives to elected representatives.
ID_FQBORB,"About six thousand people left their homes, some for other islands, but most to the north end where they're staying in public shelters or with friends and family."
ID_VYTCUS,The government of the Bahamas says since last year they have been pushing the issue of Y-IIK compliance in both the public and private sectors.
ID_ADYSVN,Caribbean rum producers step up the fight to abolish European Union quotas.
ID_ZVOCMA,"The foreign minister of Costa Rica, Fernando Naranjo, says some Central American countries could be seriously affected as well."
ID_FMKQGI,"Only yesterday, advisor to the National Security Minister Lance Selman told Caribbean Report that in addition to anti-drugs legislation, governments of the region will have to devote more resources to battling crime, especially, he says, drug-related crime like money laundering."
ID_CWVQZO,"Now, on the issue of the just concluded arbitration on public servants' pay."
ID_SCGHCT,"So as one official here has put it, the other overseas territories can huff and puff resisting the changes, or they can take the easy way and change the laws themselves."
ID_MPCRAL,Mr. Clyde Griffith is a former Barbados Consul General to New York.
ID_CUVTII,A Caribbean studies professor in New York calls on CARICOM to fully support Haiti in its push for closer regional links.
ID_EUSDZD,This means that the SLBC will effectively be bypassing Wibdeco.
ID_EBWNJT,US legislation aimed at illegal immigrants could hit the Caribbean community.
ID_WVHPPC,The latest is a thirty-three-year-old man shot and killed as he attempted to carry steel from a construction site.
ID_AXAFFB,Are you concerned as one of these leaders that we are not meeting these deadlines?
ID_BLBYPB,Fantastic lights of all colours flashed across London for what seemed like an eternity.
ID_LEANEH,The last attempt by the party to vote on the issue ended in a dead heat between the two.
ID_VXXTIS,The meeting sought to resolve the growing trade problems between CARICOM's two largest markets.
ID_ATSGGV,"Their anger was directed at the Berbice anti-smuggling squad Bass, whom they accuse of executing the three."
ID_VTRNQL,"If you look at the top tier, it's all white."
ID_DSEVRU,That's how Britain's Independent on Sunday highlights the fact that the dreaded millennium bug didn't materialise and the anticipated problems remained more perception than reality.
ID_ZFAIPJ,to go to the international capital markets to raise these funds.
ID_CSGLDX,Antiguan Prime Minister and CARICOM chairman Lester Bird tells Caribbean Report that a confederation in which both islands have their own autonomy may be the best way forward.
ID_YPMYRG,"From London, this is BBC Caribbean Report."
ID_KYPERT,But how does SLBC working directly with GIST affect your operations?
ID_PMHOEO,"Trinidad's opposition leader Patrick Manning says it's up to Trinidad, Barbados and Guyana to lead the way to regional integration."
ID_RBOADQ,tightened control on state-owned media in Trinidad and Tobago.
ID_ENGNUA,"Well, we are having a meeting of our executive committee on Friday, and this will be on the agenda."
ID_NAARDY,"Up until news time, Chedi was being interrogated at police headquarters with his attorney, Vernon de Lima, present."
ID_LGVRBT,"Belizean Prime Minister Manuel Esquivel and before him, Said Moussa, leader of the country's main opposition People's United Party."
ID_WOFJAU,The long lines of motorists that were quite evident after Lewis have now disappeared following the installation of standby electricity generators by gas station owners.
ID_PPZBKN,Plans are also in the making for the Bank of Jamaica to purchase a foreign exchange to meet the country's external debt with the establishment of a new program to replace the system which now exists.
ID_NUKJVU,"Not so much looking towards the English-speaking and Dutch islands in the Caribbean, but after the election of the new Minister for Cooperation, in fifteen days the spectrum of the Caribbean basin will obviously be increased and there will be moves to tighten relations between the French-speaking islands and the Caribbean."
ID_FVZZGQ,"They include Mr. Duvalier's closest surviving relatives, including his mother, Simone Duvalier, his wife, Michelle, and his father-in-law, Ernest Bennett, and four members of his cabinet."
ID_ASZRGZ,"Until the United States has such authority, it's very difficult to contemplate a free trade area of the Americas."
ID_GTFDUR,The rift between the governments of Haiti and the Dominican Republic widens as more illegal Haitians are deported from Santo Domingo.
ID_SXUWQF,Amnesty International urging the Caribbean to follow Britain's lead and abolish hanging.
ID_FMTYJY,"The leading opposition presidential candidate in the Dominican Republic criticizes his government over the banana war, while Eugenia Charles says the whole controversy has soured CARICOM relations with that country."
ID_EFZIRO,"We checked with the Holberton Hospital and you know people have suffered minor injuries just boarding up their houses, pounding their fingers, one or two nail digs, but nothing serious."
ID_MRVIDX,than about respecting human life.
ID_MKGAQZ,Thirteen of the fifty-six tens came down as a result of the high winds and the heavy rains.
ID_DCVJQE,"The Jamaican dollar loses more ground on the first day of the country's liberalized foreign exchange system, and Dominica says it's not yet ready to support Cuba in its bid to end the U.S."
ID_JDZDBF,And Merlin Ott has got the goal!
ID_QLVIIL,I can assure you it'll be filled with great warmth and enthusiasm in New Zealand.
ID_GZWOHM,The action draws condemnation from a leading exile group in Miami.
ID_RZTAXY,"The dead man has been identified as Trevor Jacobs, Antigua and Barbuda's most wanted man."
ID_IEEYZK,Half of them have been on death row longer than the Privy Council has said they should be.
ID_NECWZT,Human rights activists and family members said Mr. Bond's release was conditional.
ID_UZANAG,"Export, the study estimates, will be reduced by some four hundred and thirty-four million dollars as the local manufacturing sector shrinks in the face of the external competition."
ID_TZJNLT,but union officials say they're satisfied with the response from their members.
ID_TIWKRH,"And finally, Caribbean sugar producers are still hoping to fill some of the gap left on the world market following the drought in Mauritius this year. At least three regional countries, Guyana, Jamaica and Belize, have indicated that they can supply extra sugar without too much difficulty. Already, countries in the Pacific, such as Fiji, are cashing in on the shortfall by Mauritius. Officials in Fiji have just supplied an extra twenty-five thousand tons to Britain."
ID_QEKABS,The banana giant Chiquita is facing a hostile takeover from the Panamanian company Consolidated Fruit.
ID_IZTHVM,"It is a very contentious issue, ladies and gentlemen, and one on which several CARICOM countries can break ranks."
ID_PGOQOV,"But in effect, OECS persons are being allowed entry into Dominica freely, so long as they can prove they're an OECS person."
ID_IPHZYV,"According to an official source, the changing economic environment due to the war makes forecasts very difficult."
ID_SVGBMQ,possibility and not so far down down the road given the fact that the world has accepted Somali type interventions given the fact that the hundreds of thousands of Haitians are poised to flee Haiti and given the fact that the embargo has not weakened
ID_JUWQAS,"But even with their relatively small stake, the New York lawyer is admitting that a takeover is a real possibility."
ID_JDDHUK,And Chief Minister Hubert Hughes is scheduled to address Anguillons in a radio broadcast and at a public meeting tonight.
ID_HMJJBF,"We need to do what other ethnic groups do, make sure that we take delegations to the nation so that they can see firsthand what happens there and be more empathetic to it."
ID_FQCMRF,"From London, BBC Caribbean Report."
ID_UOKHSG,But aren't you asking then the Caribbean to sort of adopt a posture that was tried in the nineteen seventies and worked against them?
ID_PZWFRO,Their mothers received part of the money while being pregnant.
ID_IIENZP,"From London, BBC Caribbean Report."
ID_TQUFSW,"Over the last couple of weeks, there have been a series of events in which the Venezuelan Coast Guard has abducted fishermen and their vessels in Trinidad and Tobago's territorial water."
ID_QHQQRK,"After twenty-eight years in power, the People's National Congress was defeated in the first free and fair elections"
ID_QDMHFF,"Elections of a new political leader to replace Vincent Beach will take place during the business session, which will also receive the party's annual report from Mr. Beach, who at sixty-seven says it is time to make way for a younger leader."
ID_YJSAHE,"Well, I think by the middle of March there will be what's called a mark-up process in the Senate, and then the shape of the bill that will eventually go to the Senate floor for a vote will be clear."
ID_EEWEVX,I'm Bertram Niles and this is BBC Caribbean Report.
ID_JIDTBC,trade program which began thirteen years ago have been dismissed as a sideline by one European trade expert.
ID_BYTGWC,I'm Bertram Iles and this is BBC Caribbean Report.
ID_MVBRRE,One gets the impression of a steamroller trying to crack a nut.
ID_EEFIUE,Trinidadian opposition leader wants defector thrown out of the House of Representatives and Louis Farrakhan set to be losing the plot since the Million Man March.
ID_PJMDNO,"Kingsley Lane that in the face of growing acknowledgement within the region that subsidies will have to be phased out over time, that the banana producers should be preparing for that day."
ID_UKEXAR,Defense Secretary for most of the 1960s at the height of the Cold War.
ID_ZJFCOR,went down while being transported in a barge from St Eustatius.
ID_YGIMDP,The military comes in and they do what they have to do.
ID_BIKMWL,He used the trial and subsequent acquittal of the Muslimin sect on the attempted coup as a point of reference.
ID_IWMDLB,Suriname may be forced to turn to the IMF as The Hague prepares to withdraw balance of payment support and former US President Jimmy Carter is approached to help implement the Haiti Agreement.
ID_YZODOX,"Certainly suspicions are there, and the opposition has said in the past, in nineteen eight and nine, for example, just before that budget that came up, it saw the Guyana dollar being divided by seventy percent."
ID_AZYISJ,"This can never be a situation that is useless, not at all."
ID_RPLZHK,The Grenadian Prime Minister orders an investigation of one of the country's offshore banks and Guyana's public sector strike begins to bite.
ID_KEGDZZ,Caribbean youths and British Labour MP Bernie Grant share their fears about the region's illicit drugs crisis.
ID_FGIZMJ,"Mr Banks said because of the Chief Minister's leadership style, he could no longer work with him."
ID_MKCNUC,An international narcotics control strategy report compiled by the U.S.
ID_VRTUUV,"While the year is a European agenda, we want to seize it as a challenge for the Caribbean."
ID_JSDFVS,Students took advantage of the situation and didn't go to school.
ID_JBPOBQ,A Council on Hemispheric Affairs document on U.S.
ID_LMGZJX,"Today, Finance Minister Bharat Jagdeo told BBC Caribbean report that the Guyana Central Bank has sold US dollars of its reserves on the open market."
ID_QZFXLI,"It led to the collapse, and what really precipitated it over the past few days?"
ID_HLCDAD,because they don't have a very small amount of money to rebuild essentially what is a shack of one kind or another in a shanty town area or in a deeply vulnerable part of the countryside.
ID_BNTHOY,"From London, BBC Caribbean Report."
ID_WNVKJL,More than a hundred and thirty thousand people were evacuated.
ID_QSZWTP,"Similarly to in footwear, there's a feeling that..."
ID_UNNXUF,The Australians have come up with a strategic plan which is their academy.
ID_ENFJFO,The Vincentian government appoints a one-man commission of inquiry into the recent prison riots.
ID_BZFRAU,"From London, this is BBC Caribbean Report."
ID_HQVWJE,because the causes of what we call the crime wave have not been removed.
ID_SUOTGS,"Now ministers plan to add a further seven to the ten already on the list, namely Albania, Bulgaria, Jamaica, Macedonia, Moldova, Romania, Serbia and Montenegro."
ID_KFZNCB,There was widespread support for today's general strike in Haiti.
ID_IKZCJW,I'm Oren Gordon and this is BBC Caribbean Report.
ID_WCGVYG,A further delay for the PNM's election petition as two Trinidadian ministers take their motions to the Privy Council.
ID_BIRGCY,Volcanologists in Montserrat are today much more apprehensive about the Soufriere Hills volcano and the authorities are not ruling out moving from the present orange to a red alert.
ID_OHOOTY,"From London, BBC Caribbean Report."
ID_RHDTLB,"She says, given the current wave of killings, she and many others will stay indoors on election day unless the army shows a real commitment to the provision of security."
ID_RGSKVO,The BBC's diplomatic correspondent Barnaby Mason reflects on the summit's gains and losses.
ID_JONJLB,The proposed law is being put forward by Senators Jesse Helms and Joseph Liberman.
ID_ZHHJPE,"I asked him what does this all mean for Jamaica, and by extension, the Caribbean."
ID_LURBKV,"From London, BBC Caribbean Report."
ID_YOABRM,The case for keeping the preferential access for Caribbean bananas made in Brussels.
ID_GWCQWN,"Two lost, three to play for on the tour of Australia."
ID_TMSGKN,"On Tropical Storm Watch are Grenada, Tobago and Martinique."
ID_FCNIAU,I think there's no point making a secret of it.
ID_GDNZYQ,We look at why regional airlines have chosen to agree with the Sky Marshalls plan.
ID_BUVDEA,"So the weak areas, the threatened areas would attract priority."
ID_GBBTWR,"We have people who here have an agenda to show the police are wicked, they innocently kill people."
ID_USPWDH,The Nevis debate on secession is adjourned after a no-show by the opposition and the Caribbean counts its foot bill as delegates' summit in Rome.
ID_OLQBHF,Jamaica's Anglican Bishop hits out at IMF policies and programs.
ID_WTZCOO,"As you said, I was with them with the reconnaissance survey."
ID_ZBSGFV,It also comes at a sensitive time with three CARICOM prime ministers expected in Guyana tomorrow.
ID_GUEENF,But the senior police official says a quantity of the money has been recovered.
ID_NLNCOB,"more so than, say, two years ago in Edinburgh, a summit which I also attended, seemed to be turning their attention to the needs of the smaller nations."
ID_DSZTZZ,The governments of Jamaica and the United States will on Monday resume talks on a possible shiprider agreement.
ID_UWNLZB,Soca star Arrow receives the MBE in London from the Queen herself.
ID_FCIGVV,"But are you satisfied, Mr. James, that your ministers are all above board in their extra-governmental activities?"
ID_UWSXWU,"From London, BBC Caribbean Report."
ID_UAQSPQ,"Clearly, this sends a message right across Central America, the Caribbean, right across Asia, that if you want to sell in the United States, if you want to contract with some of the largest multinational firms in the United States, you are going to have to implement these human rights codes and this issue of a living wage."
ID_BQBNGT,I am Keith Stonegraves and this is BBC Caribbean Report.
ID_FAQHDU,Police arrests of opposition activists throw Haiti's political situation into confusion.
ID_LPRDNQ,the two five hundred pound bombs were delivered uh... as i said
ID_AECFEI,and we have to cut our expenditures by twenty percent.
ID_HMGTCC,"From London, BBC Caribbean Report."
ID_IGAYXY,"was maintaining its isolationist stance towards that country, Minister Rohe said, Diana needs as much assistance as it can get."
ID_FFOZMA,"Sir James says he could have gone to Toronto, Miami or Texas to have the operation, but had faith in the expertise within the Caribbean."
ID_KWHVBH,Suriname's black market thrives despite government attempts to control it and keeping Bob Marley's music alive.
ID_HKCUFH,And a regional trade unionist says CARICOM leaders out of step with their people.
ID_JQIHJT,A call for the problems affecting trade between the French and English-speaking Caribbean to be addressed.
ID_RUUKSU,It's a kind of symbolic place for somebody who wants to make a statement about political life in Haiti would make it.
ID_QCXQXR,Four people shot in an otherwise peaceful election day in Jamaica.
ID_PUDHCA,"Seeming composed in sayings that he has been expecting to be fired for the last two weeks, Mr. Mirage told a news conference he has lost all confidence in the government and Prime Minister Bastio Pandey to effectively deal with corruption."
ID_JOQJIX,The move is in line with recommendations made by a task force report studied by Cabinet yesterday.
ID_ENDQIN,"This, Mr. Hoyt charges, is disturbing."
ID_LLHXPB,They'd lodged a constitutional motion late last week in which they sought a ruling that hanging was cruel and an unusual punishment and is therefore illegal.
ID_QBTEVQ,Jamaica's Prime Minister reacts with caution to the Trinidad and Tobago proposal for economic union with Barbados and Guyana.
ID_FDNNQS,That weather system is moving towards the west-northwest at fourteen.
ID_AJGLHU,"For Haitians, if they make it to the shore, they are treated in no special way."
ID_WGRXYE,The latest is that the government has fallen.
ID_UKUHEU,Trinidad and Tobago leads the Americas in ratifying the statute for the World Criminal Court.
ID_LOPELZ,Lucia's Prime Minister John Compton is expected to make a statement on Tuesday on the proposed sale of the banana division of British fruit retail company Geest.
ID_CHBMME,Secretary of State Warren Christopher said that he cannot foresee an improvement in U.S.-Cuban relations as long as Fidel Castro is in power.
ID_PGFJUS,"However, Dr. Laguerre admits that to leave Mr. Mirage in the House could dangerously reduce the government's majority to one."
ID_TLLOAR,Concern in Trinidad and Tobago about the number of street children being used in pornographic films and sometimes killed.
ID_KGAUVZ,but they're attaching conditions to their offer.
ID_GWYIDP,"Martin is not a member of Sidera, but help give us some idea of the damage that's been done there."
ID_WJUMZI,The entire conference has revolved around the interim report from the West Indian Commission.
ID_JLLUWY,I think there's a sense that it could have been much worse had it been a much more powerful hurricane.
ID_DLHPUL,Haiti was accepted as the fifteenth member of the community and they held their first formal meeting with representatives of civic groups and NGOs from across the region.
ID_VEWYXD,"And for some Montserratians, it means that they'll have nowhere to live just so that they could vote."
ID_ORVADH,Glasgow is on her way out of the country.
ID_WTINJZ,"For BBC Caribbean Report, this is Debbie Nash, NASA."
ID_KLCKVL,prison where he was held for a year.
ID_BBVETD,They had three shelters open and only one was occupied.
ID_BBZFYF,"Ask people then, have you been in contact with birds, do you live, have you seen dead birds, etc., so that they will focus in and not, in other words..."
ID_ZLOFTR,a message to the government on the other hand saying that we have your eyes out we realize that the situation is unstable and we want to make it even more
ID_CUIMOJ,"Large American interests were involved in the sense of being interested in there being a pursuit of a WTO case, but the actual suit and the decision itself were completely and totally free of any political influence."
ID_IVPNYU,"As a point of principle, shouldn't you be retaliating against all of them?"
ID_JIJHJN,They are believed to be among the leaders of an incident involving protest marches entering the presidential compound earlier this month.
ID_HJEMKG,"Mr. Smith is somebody who ought to be charged, not somebody who ought to be pointing out various people who must take a light detector test."
ID_HUTXFP,Constitutional lawyer Martinez Francois is a member of the Freedom Party which failed to make a showing at the last poll.
ID_LTAVHW,Lucia Banana Growers Association has reached an agreement with a consortium of local bankers on conditions for a ten million dollar loan needed to solve their financial difficulties.
ID_HJZWYG,It was put under pressure yesterday when the addendum to the voters list was found to be flawed and they had a printing process which ran late into last night.
ID_RWTPBA,More than two hundred and fifty candidates representing three political parties and a half dozen independents have been nominated for Trinidad and Tobago's local government elections.
ID_SWKZFB,What we are saying is that the future of the Caribbean community depends on a strong Jamaican economy.
ID_VCVQTB,"And clearly, the question of demand must also be placed on the table."
ID_JTJGCI,I'm Ken Richards and this is BBC Caribbean Report.
ID_DKTDSE,"has an opinion on what should happen to the six-year-old shipwreck survivor, and as BBC Caribbean reports, been finding out they aren't the only ones."
ID_KQNCQP,"As Jerome Sawyer, all these expressed concerns were being treated by the government of Prime Minister Hubert Ingram."
ID_KUNIAU,News that more and more of the EC's top development experts are forsaking the ACP department to seek work in the small but increasingly influential East European division has stirred ACP anxiety.
ID_OVDTPK,"There were, however, many voters who were not able to find their names on the list."
ID_CMCXKC,The hassle is still in travel at some Caribbean airports.
ID_ZQHMZJ,"However, it's also been confirmed that the opposition party has its own presidential candidate in the person of fifty-six-year-old High Court Judge Anthony Luckey."
ID_VXRGMY,"Angry at the confirmation of their church's first openly gay bishop, Caribbean-born Episcopalians in New York City have begun discussing whether it's time they broke away from the church altogether."
ID_VQYZSG,Jamaican track star Merlin Otte after winning the sixty meters race at a track meet in Spain.
ID_MHYCOA,Nineteen-year-old Tenel McIntosh is the accused in a case that has attracted international interest.
ID_PAEXRN,"However, this morning, the security minister placed before the prime minister an anti-crime plan to cost some five hundred million dollars."
ID_IFSXVG,"Sharif Khan spoke with the coordinator, Betaram Ramarak, who outlined some of the areas the poll intends to cover."
ID_HYRGMT,"For BBC Caribbean Report, I am Jean-Michel Carrois in Santo Domingo."
ID_TTJADU,of the Kingdom of the Netherlands imposed higher supervision on the island government of St.
ID_TFBTYT,"They've pledged to negotiate a new constitution to govern the future relationship between the two islands, which are a mere two miles apart."
ID_VUCKSQ,There are those who would argue that Rhenorama was Kitchener's crowning achievement in road match production.
ID_UOEBVT,Kimberly Andrew and you're listening to BBC Caribbean Report.
ID_IWPUFV,that has been proposed to him by the opposition.
ID_HFNJXA,"It is a body that can be respected, that the people of Nevis could trust, and I believe that if we send a mission to St Kitts Nevis, we also have to get a very clear picture of some of the burning issues."
ID_LPQVIM,One official said the problem came about because of...
ID_GCBFID,The Ministry of Health in Trinidad and Tobago has confirmed that eight people are being treated in the region's first suspected anthrax case.
ID_DHOBGA,"And once again, the human rights attorneys have intervened to ensure that the execution did not take place."
ID_EQHGCJ,because you've been critical of his presidency.
ID_TCWQHM,I am Keith Stonegraves and this is BBC Caribbean Report Special Edition.
ID_KMSLXR,"But Marius Gautin, for the first matinee, told Caribbean Report this evening that most of the shops there remained open today."
ID_EXUVHX,"From London, BBC Caribbean Report."
ID_ZKEYFJ,The gist of the case brought by both former government leaders was that they served in the capacity of employers of Ms.
ID_AHMHRQ,"in terms of the EC Express being able to collect people when they come to the other islands, like Barbados, etc., and serve as a transshipment port."
ID_IJOEHX,And it's logical because they do not have enough information of what's really happening.
ID_EONAJW,I think the public is now asking when will more hangings take place.
ID_XSWOIP,I'm Electra Naismith and this is BBC Caribbean Report.
ID_XIFBFY,It may well even supersede the United Nations in that respect.
ID_ZIAHRR,"On the other hand, in additionally, is that because of the negative perception that may arise from this."
ID_WXDJVY,Are you satisfied with her leading the country up to elections?
ID_ZWHTXY,supportive of them in seeking to reduce to an irreducible minimum the number of terrorist organizations and supporters of terrorists in the world.
ID_RTKIWM,"I'm Hugh Crosskill, and this is BBC Caribbean Report."
ID_BCHIGL,"The planning department has confirmed severe beach erosion, particularly in the southern end and eastern portions of the island."
ID_DUWGXC,"On the other hand, the European Union, as I indicated,"
ID_GREYHI,"Well, Elian himself seems quite attached to his father."
ID_ZHFNLF,I'm Oren Gordon and this is BBC Caribbean Report.
ID_ZVLJNY,That recent comment by former President Desmond Hoyt has reopened debate over what is seen as the racial divide between Afro and Indo-Guyanese.
ID_XONNTO,A lot of people pay a lot of attention to the Caribbean court in relation to hanging.
ID_LOJPDY,Fears that EC investors will find it more attractive to put their capital in the east rather than in ACP countries are being voiced here.
ID_QDLKSV,"With over half the ballots counted, Ms."
ID_UKKPRM,"From London, BBC Caribbean Report."
ID_FPDTEJ,"From London, BBC Caribbean Report."
ID_EQBVCF,Regional finance officials gather in Grenada for CDB meeting on Wednesday.
ID_IUVEQG,"From London, this is BBC Caribbean Report."
ID_QSKXCS,The union also called for a commission of inquiry into yesterday's event.
ID_AVOSIS,And the West Indies arrive in England for a World Cup that few expect them to win.
ID_NELNWZ,"But Mr. Douglas, who attended the United Nations Special Summit on HIV in New York, said that smaller islands in the Caribbean might lose out on funding."
ID_LJCWTB,Then the horrible enormity of the tragedy of nine hundred and thirteen people forced or persuaded to have a final drink of Kool-Aid laced with cyanide and the hundreds of bodies sprawled all across the compound.
ID_RROLJS,"Later on, we'll hear from the British Home Secretary, who addressed the House of Commons earlier today."
ID_RRWAVI,"At a news conference today, the former deputy political leader of the NAR, Winston Dukaran, said he is in favor of a return to the one love of..."
ID_DMKCLV,Six of the candidates come from the National Progressive Party of the incumbent Ruben Mead.
ID_FJIFOZ,"In that accord, the ruling party also agreed to cut short its term by two years and hold fresh elections, now due in fourteen months' time."
ID_AAULRZ,"In Europe, where human rights is such a concern, he said, nobody has raised his or her voice to condemn this flagrant violation."
ID_XGNBQP,Senkitsun Nevis leader warns of dangers of a yes vote in secession referendum.
ID_ETCYVF,"was arrested in Medellin, Colombia, being charged with mapping routes used by drug traffickers who dropped cocaine in plastic bags to be picked up offshore by speedboats and money laundering."
ID_NZPHZL,"When the officers tried to offload the thirty-five-foot rickety wooden sloop, the immigrants rushed to get off, capsizing the boat."
ID_FMRUIT,"General Secretary of the Opposition People's National Congress, PNC, and representing opposition leader Mr. Desmond Hoyt, met for close to two hours this morning."
ID_BDLEHN,"He said the victory vindicated his People's Progressive Party, which has been in opposition for the past twenty-eight years."
ID_BZTONQ,"Asked Ecuador's banana expert there, Christian Espinosa, what implications he sees a trade war having for his country and Caribbean nations."
ID_XTRUQX,But it's the vital British banana market that could bring home the bad news first.
ID_UNGHBH,"Well, BBC Caribbean reports been hearing complaints already from Montserratians living both in London and New York."
ID_IEUIBV,The United States is warning that it won't take part in the legal proceedings of a challenge into the Helms-Burton law now before the World Trade Organization.
ID_OZLBYU,It will protect them in the initial three-year period in these specific requests.
ID_VQUHBX,"However, today, President Hoyt bowed to external pressure and announced he is prepared to do a U-turn on the controversial issue."
ID_IGLFNC,"From London, this is BBC Caribbean Report."
ID_DOZPMX,"Many thousands of people were in the Trade Center building, and the governor of New York State, George Pataki, had said the casualties will be more than anyone can bear."
ID_NBWFSX,"the promise of the Free National Movement government, the current government, that they would provide sufficient jobs to absorb the unemployed and also those who are leaving school each year."
ID_RNCXNF,"Mr. Baldwin Spencer, recently elected leader of the UNDP, believes his party can overturn the late Mr. Harris' sizable majority and build on that success for the next general election."
ID_AJDOBZ,"S-E with an acute accent for the A sound, S-E-C, Jody C."
ID_TCJJDJ,"You know, you would never see under the same roof the different political parties."
ID_QKOBNS,and he says that that should have taken place by the security forces.
ID_QZZWVT,Policyholders have been visiting their insurance companies in large numbers.
ID_KAHRLF,"But Mr. Francois said he was not ready to proceed, arguing that he wanted directions from the judge."
ID_BAPHFP,It is said that important sections of the library are stocked with outdated books.
ID_LYKQJW,I believe that people ought to earn their promotion by performance.
ID_MYCKRE,"President of the Caribbean Development Bank, Sir Neville Nicholls, has called for a reappraisal of how Caribbean leaders arrive at key regional decisions."
ID_XFAMGG,"Workers from eight of the country's eleven financial institutions walked off the job, and they were joined by employees from life insurance companies and building societies."
ID_FRZYTN,A flu nicknamed Kosovo causing havoc in the Dominican Republic.
ID_MVPCFA,"The authorities have ploughed some five hundred and twenty million dollars into Operation Seal the Border, a program aimed at stopping the flow of illegal drugs over its southern border."
ID_AZJCSU,The statement said Guyana continues to uphold its position in the face of the controversy caused by Venezuela's contention that the awarding of the area to Guyana was null and void.
ID_OOYETP,Dutch Saint Martin is trying to enlist the help of the Caribbean community in its battle against higher supervision from the Dutch authorities.
ID_DBYOTL,It's the first time for this year that the topic which led to a trade war last year will be discussed at this level.
ID_SQAGBB,"I wouldn't call it a second division CARICOM, but another level of association, which is the Association of Caribbean States."
ID_YKIAZO,"And then, from the opposite direction, the wind blew."
ID_ZYWYIP,It is really a matter now for the pure discretion of the Registrar and the presiding officers to carry out the duties as prescribed for by the referendum provisions.
ID_LFTCLI,British House of Commons debate the Montserrat crisis tomorrow.
ID_LHJNQE,"Really, you know, it wasn't a powerful hurricane."
ID_HGYODL,"Andrew, outside the capital Kingston in the early hours of this morning."
ID_PLFDSO,So you cannot just insulate that and say that is untouchable.
ID_TASLOY,"Kitson Nevis, Dr. Denzel Douglas, is asking the World Bank to carefully examine how they distribute the US dollars allocated to combat the regional AIDS epidemic."
ID_ONPIOK,Duncan's sharp criticism of the Prime Minister on yesterday's Caribbean report.
ID_YXSZMS,"From London, BBC Caribbean Report."
ID_GLHWQT,I'm Leslie Goff and this is BBC Caribbean Report.
ID_MTLRIJ,This is precisely why two Honourable Government Senators who voted against the government are being replaced.
ID_WESQCJ,The status of the visit is the same as when it was agreed upon.
ID_KBFXGC,"How hopeful are you that the Puerto Rican government and its people will get the Pentagon to close the base, which, according to military... I am very hopeful."
ID_NXASIV,Developments in Canada and Washington today suggest that the quarrel over the anti-Cuba Helms-Burton legislation is intensifying.
ID_SXKAAK,"I'm Hugh Crosskill, and this is BBC Caribbean Report."
ID_MRKSCK,"On March thirteenth, Mrs. Pascal Trujo was sworn in as head of the provisional caretaker government."
ID_ZHGOIF,The government of Montserrat has put the damage from last Saturday's volcanic eruption at more than US dollars.
ID_ORMGWA,"The opposition claims a major election case victory in the Trinidad and Tobago courts, and the Caribbean Tourism Organization agrees that it needs to do more for its smaller member nations."
ID_PNMZDY,The CARICOM mission to Guyana calls for a peaceful resolution of the political crisis and the British government to open a Montserrat office in Antigua.
ID_YSINLC,"The assumption is that Jacobs, wanted by the Antigua police for every imaginable crime except murder, got into the belly of the L-10-11 TriStar jet at Antigua."
ID_LVMNDQ,Isn't it just sound business on their part?
ID_LNEBVU,They thought that there would be economic benefit.
ID_IOIRIN,Jerome Sawyer now joins me live on the telephone from Nassau.
ID_WSSKON,The demonstration came as supporters of former President Jean-Bertrand Aristide moved closer to the formation of a political party in preparation for a possible political return by Mr. Aristide.
ID_CDXIRL,He also explained what he said was the cornerstone of his plan.
ID_PVEKQQ,Chamber President Clavis Joseph told me there are just too many questions still unanswered.
ID_TIMSWN,President of the TUC said the reason for the strike was to show solidarity and support for public servants and teachers who were on strike.
ID_UBGXKI,The opposition have said that his appointment was political in front of the police station.
ID_CDCYQE,"From London, BBC Caribbean Report."
ID_MYFBFQ,"The scientists also confirmed further damage and destruction to the capital, following more pyroclastic flows than Tuesday evening and shortly before dawn on Wednesday."
ID_PENHQC,He stated unequivocally that he would not bow to opposition demands for the removal of Electoral Commission Chairman Sir Harold Bollers and for the complete overhaul of the Commission.
ID_BJQJJK,You think that peace will come to the country in the beginning of the year as was predicted before?
ID_ATCBUT,"On the French side, we are coping with it real well."
ID_DNHXOB,Angry reaction from Cuba's exiles to President Castro's justification of spying.
ID_MIKNAI,He told me that the police were focusing their attention in the wrong direction.
ID_ZQVNUY,Dominica's new Prime Minister makes his first foray into Europe in defence of Caribbean banana exports.
ID_IGMJKX,"London, BBC Caribbean Report."
ID_QVBFJG,"And it was all very, very, very peaceful, the way that the transition went. In short, the problems of the people have been increasingly and increasingly continuing, and the government has not shown..."
ID_TAKFHQ,Jamaica's opposition plans to boycott some sittings of Parliament as a protest over the country's electoral problems.
ID_VQEKFI,I'm Ken Richards and this is BBC Caribbean Report.
ID_OESLLA,and the ECMC wants to accelerate its money and capital market programme to ensure early implementation.
ID_AWRSVJ,The Electoral Council simply has not received the promised funds.
ID_HKPFCC,"Concerns that a shortage of aviation fuel could disrupt preparations for the October five elections in Guyana have eased, with officials saying the fuel is now being sold again."
ID_YRALGV,Excellent broadcast stroke audio quality.
ID_DSFHCR,"What can you tell us about those demonstrations, Michael?"
ID_USYCQM,"And I'll be speaking live with the leader of Guyana's opposition People's Progressive Party, Dr. Cherry Jagan."
ID_KHSPYT,And that's it for today's edition of BBC Caribbean Report.
ID_XFUORO,The Board has accepted the recommendation.
ID_FXQVXV,At least two people who were in a bus traveling through the area suffered severe burns to the face and upper body when a petrol bomb was thrown through the windscreen of their vehicle.
ID_YFGLWO,"Now, if we don't want them punished, if we're going to start deciding how the punishment is going to go, then there's not going to be any deterrent any time to crime."
ID_QONJYF,"In the second attempt, hijackers stole another boat with about thirty people on board and tried to head for the Bahamas."
ID_ECISWT,The delays are calling into question the government's ability to organize the elections.
ID_FWBFHE,"From Kingston, Patrick Scudder reports."
ID_JSJAUM,We feel that some mechanism
ID_OFIPGR,"Mrs. Trieu made no declaration to the media, saying only, the Eternal is great and His mercy will last forever."
ID_BWPOIJ,It has to operate within central banking parameters.
ID_BWIEWK,But doesn't the SLBC have the right to pursue its own agenda if it believes this will mean greater benefits to the farmers it deals with?
ID_FSDUUB,Latin American diplomats do not appear optimistic about two days of talks on the European Union's banana regime being held in Geneva.
ID_ITDHHG,"And twelve die, but twenty-two survive in a Dominican disaster at sea."
ID_BGILGS,"any adverse change, we might be in somewhat of a problem again."
ID_PAYSLP,"Around the world, there has been general relief at the news that investigators believed the crash was an accident and was not the result of sabotage."
ID_DEYPVZ,"But the Cubans were able to obtain that treatment because of the existing Cuban Adjustment Act, the American government's policy towards according refugee status to Cubans fleeing the communist regime in Havana."
ID_CBTCDW,and Jamaica's elite military stand guard at Buckingham Palace.
ID_PWFZJJ,There are maybe a half a dozen suitable persons in the forty to fifty-eight group.
ID_HEEFSW,I have to make a comment about Mr. Avril talking about the Constitution.
ID_HHUMXI,The Dominican Republic president says Haitian cane cutters are threatening his country's identity.
ID_UOTSKD,"One of the ways of combating that was to ensure that across the globe, as much as could be possible, giving different cultures, different legislative environments, that we had some agreements that would help us all work together."
ID_LQSBNF,Aren't you worried because of the past history of coalition governments in Anguilla?
ID_MJXTFL,"American military in Cuba continue their preparations to house ethnic Albanians, while President Clinton plans to ask Congress for extra money."
ID_RHAUYC,Helicopters rode overhead as armored personnel carries rumbled through the city.
ID_ZNBNDE,"From London, BBC Caribbean Report."
ID_VAPYTX,"In one instance, the Venezuelan even boarded a petroleum vessel."
ID_EDTXMB,There is a strong sense of grievance in many overseas territories that their right of abode in Britain was taken away from them.
ID_RSFOZY,We represent the exiled community of Guyanese who are concentrated in three major cities.
ID_IKIFYY,"We reviewed today how the shiprider agreement has been implemented here, our Coast Guard and the Coast Guard here, and it's been implemented without any problem."
ID_ZZXHKM,"A Florida-based Cuban-American group, Cambio Cubano, is calling for dialogue rather than confrontation with the Castro government."
ID_PVVBFN,And Guyana's president accuses the opposition of playing politics with the country's crime situation.
ID_AKEMBG,Grenadian cabinet rebel Ralph Fletcher insists that his life has been threatened.
ID_PDCFMV,"The movement, directed by diehard anti-democratic loyalists, aims at crippling the new government, the declaration stated."
ID_NNPYHP,"Kim Elliot, you're listening to BBC Caribbean Report."
ID_IDKSLM,"Today, behind closed doors in Washington and in the Caribbean, the concern spread to the decision by the U.S."
ID_LSTYAP,And all of these acceptable to all the offshore centers.
ID_KWBGDZ,"From London, BBC Caribbean Report."
ID_GBAHED,"Displaced residents will live in the tents, using bathroom facilities at a nearby school until they can move into other accommodations."
ID_JIJLNE,"However, other elements of the document show a wider concern about the American threat to resort to sanctions to push Europe towards freer trade in bananas."
ID_DARRIJ,The traffic was slightly less heavy than usual.
ID_ZBOMYZ,The European Commission responds to a call from France to cut back on banana imports from Latin America.
ID_NPJXDL,Dato 10 has already been promised a long list of incentives.
ID_GDJZXH,three-fifths of the senders duly chosen and sworn.
ID_NWRDJT,"Lucia Banana Growers Association Chairman Mr. Rupert Gajada told a news conference today, time is running out for the industry."
ID_IDDDAX,I'm Ken Richards and this is BBC Caribbean Report.
ID_XTPPOL,Those who speak for the army are the army high command.
ID_XUOQXP,But the real task at hand will be to get the waiver needed for the transitional period.
ID_EHQIHX,"President Jimmy Carter in Atlanta, Georgia."
ID_JEPWOH,One of the concerns raised by those who opposed the deal was that it could leave the country without its own supplies of cooking gas and without sufficient natural gas to produce electricity.
ID_WEXSXT,Their action has left over twenty-five Haitians dead and scores wounded.
ID_TKHSRS,Guerrilla bombers have been mounting a last-ditch bid to derail the electoral process.
ID_HBPJSC,The international community will not at first accept the new state of affairs.
ID_MKEYVZ,"As we reported yesterday, the Antigua government has announced a series of belt-tightening measures designed to steer the country's flagging economy to recovery."
ID_OBIFLU,Their decision put Grenada on a knife edge.
ID_ZMMUEN,"is going to go into the compound tomorrow to erect a fence, to demarcate, as you say, the land that the Jamaat is occupying from state lands."
ID_FRXHXT,Jamaica defends its record on the implementation of CARICOM decisions.
ID_GVTDQZ,"Consequently, I have sent my letter of resignation to the Prime Minister of the Republic, telling him that in the light of the present circumstances, I find it very uncomfortable to be a minister in the government."
ID_PKDOBD,"At the start of another financial week in London, sterling was generally firmer."
ID_LTIVAU,I think that we're going to have a result later on.
ID_KQRTIO,"From London, BBC Caribbean Report."
ID_VESEDA,St Lucia still grappling with the issue of the diplomatic war of the two Chinas and searching for new definitions.
ID_OSFALC,"And Lord Kitchener, the Grand Master of Calypso, is laid to rest in Trinidad."
ID_VOXZQZ,I'm Oren Gordon and this is BBC Caribbean Report.
ID_TFMDCN,"For at least two years we brought it up first before Mr. Wolfenson at the World Bank that there is a need for pre- and post-disaster fund to be developed either in the World Bank or in some other institution which takes care of problems such as the volcano in Montserrat, such as the hurricanes in the Caribbean."
ID_ZJAFJA,"I think it's not only significant, I think it's historic in that sense."
ID_SMJUPK,Concern over the findings of a report on poverty in Dominica and Mark Taylor hits back following Lara's criticism of the Australians' treatment of Robert Samuels.
ID_BUBRED,the vibrations caused by the dummy bombs.
ID_CPEJGB,then there would be a constitutional crisis.
ID_GECMPL,Cannes' main opposition PNC alleges that the police killing of a villager was politically motivated and why the presidential candidates in France are making the wrongs in the French Antilles.
ID_GPEMQL,But you have to do what you feel is right in all the circumstances.
ID_UIGCLW,"Navy, then let's look for an alternative site that will be acceptable and to which there will be no harm done to human beings and to the environment for which the people of Vieques."
ID_YJKCYJ,to bring in only one constitutional motion on any one case.
ID_PVFSXN,"Had Smith been convicted, he would have faced the death penalty."
ID_WMNODX,Dominicans could know by way of a public meeting this evening just what shape the new government will take.
ID_ONTCMW,"Once approved by the UK Parliament, the bill will clear the way for residents to be granted British citizenship."
ID_GSNHQK,It is important for the people to know what will happen if they were to put authority in the hands of a man who has...
ID_IQMWZQ,And it seems to me that Mr. Banks will deal no less than two.
ID_FINRCJ,"By having to resort to loans to pay for it, the government is slipping ever deeper into debt."
ID_GIWUVD,"Managing Director of the Royal Bank of Trinidad and Tobago, Peter Julie, added his voice to the single currency debate Sunday at the Caribbean Business Conference in Port of Spain."
ID_FIINFQ,"Mr. Manley's invitation was issued today following confirmation from Mr. Mandela that he would be making a twenty-four-hour visit to Jamaica, where he will participate in a number of specially planned ceremonies."
ID_FLELDK,I'm Debbie Ransom and this is BBC Caribbean Report.
ID_RFDZKT,earn a decent living for the work that they put forth.
ID_MYZXZU,"Unlike the United States, who in a similar dispute imposed high tariffs on EU goods to price them out of the market, Ecuador would suspend copyright agreements with all EU members apart from Denmark and the Netherlands."
ID_PTXMFP,"At the moment, Erika is threatened in northern Lesser Antilles, comprising of most of the Libet Islands, Antigua, Montserrat, St."
ID_VTXXJT,Haitian refugees in the United States given temporary reprieve by federal court judge.
ID_IIJIUP,I'm in the middle of a protest demonstration here by sugar workers and retrenched workers of BWIA.
ID_RXMBNL,They liked the idea of having a president.
ID_RYMZLQ,The WTO agreed to a request by the EU challenging the legality of the U.S.
ID_EFJCKX,"And one year later, relatives of the crew of the MV Phantom still mourning the loss of loved ones."
ID_WPHAAG,"In Guyana, President Jack Dale was the first to put his name into a book of condolences."
ID_QAIOLQ,Tony Fraser's been following those developments.
ID_CNIVBD,Nominations go ahead in Trinidad and Tobago for local government elections.
ID_GUHJJN,"And let me say this, the Commonwealth has far greater ability to adapt to these changes than, say, to the United Nations, because we are far more cohesive in terms of our approach to the organization."
ID_GUEHJB,"British MPs in a heated debate over the European Union's proposed visa list, which includes ten Caribbean countries."
ID_VXTSPK,"From London, BBC Caribbean Report."
ID_GFEKPG,That's it for this edition of BBC Caribbean Report.
ID_UVTPBE,They were escorted by a large contingent of police and marched through the city where almost all business houses shut their doors as a show of solidarity.
ID_UVKCBL,"From London, BBC Caribbean Report."
ID_SJMPJN,"This is a matter that is engaging the attention of governments, and Kemal and Morales themselves have acknowledged this and are saying"
ID_EKPLWY,I'm Mike Jarvis and this is BBC Caribbean Report.
ID_MUMKGH,to be our special guest on today's Caribbean Report.
ID_TRNJET,Presidents Fernandez and Castro will join CARICOM leaders for a three-day meeting on coordinating trade and aid policy.
ID_FUVBGB,That's because of a much-criticized vote count in last May's local elections.
ID_CKWEOL,"Similarly, I do not want a situation where our business people are at the whims of any foreign organization and subject to arbitrary, unfair, or unjust treatment."
ID_DWAJZQ,America was worse today than it was in the time of Martin Luther King Jr.
ID_GDEKFJ,"In making the announcement this morning, Fife said the new business will be run at arm's length from their existing operations and those of Wibdeco."
ID_GHARTT,"Our main means of livelihood, bananas, has been placed on the shakiest of grounds by this decision."
ID_ECTJZI,They have been pressing for higher wages and have now accepted a government offer which includes an interim pay increase.
ID_HCFDHO,Washington has already distanced itself from being accused of advocating the boycott.
ID_JYYOGW,They had already decided on the future status of the other territories.
ID_QJJFGY,A philosophical shrug of the shoulders from Wilf Slack in his last BBC interview.
ID_XBNYMY,"These were the two leaders who signed the CARICOM broker documents, which set out the way forward for Guyana after the unrest which followed last December's general election."
ID_SEYYWB,"One alleged cyanide poisoning victim was found to have herpes, another AIDS."
ID_GWNABZ,"Mr Knight says although they will still have a process of appeal open to them, he hopes to have all cases reviewed within the next three weeks."
ID_RPNFIB,"entirely different ideological positions, different perspectives."
ID_VOCBJK,Two of the people who died are Belizean.
ID_TPEKQB,Lucia that fashioned the regional approach to negotiations with cable and wireless.
ID_BZRFZH,So that can give you an idea of where the hurricane is in relation to the island.
ID_EOOPTW,"In this evening's edition, we look at the bruising leadership battle between Prime Minister Margaret Thatcher and Michael Heseltine."
ID_NMTKYU,The ACP Secretary-General enters a controversy over the Dominican Republic's plan to export bananas to Europe.
ID_TPOWQM,"He maintains that, contrary to reports, the Dominican Republic does not plan to go into banana production in a big way."
ID_BHPGQO,"ruling party in that constituency, and that is four days or so after the announcement of the election date."
ID_BFEILN,I'm Mike Jarvis and this is BBC Caribbean Report.
ID_MCSKCO,"Initially, there was talk of demonstrations this Friday, and then that was put off because it's Carnival Friday."
ID_QNWHNB,We don't have to mix what happened on Saturday and the negotiations.
ID_OCDUIX,I think the differences remain considerable.
ID_XAKGXZ,That's a question I put to Guyana's President Barrett Jagdeo a short while ago.
ID_AMXIAA,Urologist Dr. Lal Sau performed the operation at the Southern Medical Center in San Fernando on Saturday.
ID_WGMJDY,The Koro Accord is a declaration for war.
ID_HOQUZU,"With the changes in the European banana market, British wholesaler Fives is guaranteeing that their Caribbean producers will be no worse off, even if Europe's single market leads to a shift in traditional trading patterns."
ID_XUCOKJ,Will they chip away at President Castro's grip on power?
ID_TVQUTK,It's thought the action of Mr. Preval could resolve the political stalemate that has paralyzed the country since the disputed elections in nineteen ninety-seven.
ID_WCSELH,"From London, BBC Caribbean Report."
ID_GSLISK,But there have been incredible cases where eyewitnesses have disputed this.
ID_WZNHKC,"But one of their star players, Dwight York, will miss the match."
ID_DRLXLK,I'm Ken Richards and this is BBC Caribbean Report.
ID_FNGXQS,"So you can wave the Cuban flags in Havana and American flags in Miami, but really good voices ought to come forward and say, enough of this."
ID_SBHHAC,And today is more like a quiet Sunday.
ID_XRQTNW,"Oh yes, I mean, he caused a huge amount of excitement and it took the country a few weeks really to realise that Juan Mandela was out and secondly, we needed to think about the implications of his release and how things were going to unfold going forward."
ID_QLLTFT,I am Keith Stonegraves and this is BBC Caribbean Report.
ID_QVRBPL,Our biggest resource is our exclusive economic zone.
ID_MACWZG,to accept if the U.S.
ID_YJSYJH,Journalist Lou Smith picks up the story and reports on GULP attempts to reduce the government's parliamentary majority.
ID_YKDLRD,"In Cuba, at least five people have been killed, some old buildings damaged and tobacco and cane fields swamped after Hurricane Irene brushed past the island early this morning."
ID_XZWMWD,"As reported in last night's program, government officials were disturbed by remarks made by Mr. Nelson, who said he'd not be happy to have his relatives or even his helper treated at KPH."
ID_FFEDBP,That was shortly before a visit by Jamaican Prime Minister PJ Pelley.
ID_QJWLRB,"Caribbean agents working with American airlines were getting nine percent commission, which, while a higher percentage than obtained in the U.S."
ID_WGJIIH,"The hurricane is moving towards the west-northwest and is described as still a pretty strong system, even though not well defined on the charts."
ID_KGVIVZ,But as Hugh Crosskill found out from Trinidad Prime Minister A.N.R.
ID_OOJYZE,"How to take an organization like the Commonwealth into the next century will be a key task facing Commonwealth leaders who fly to Durban, South Africa next week."
ID_DCPYTA,"you have the southern producers like Fiji and the African countries who are currently in production, and therefore that's the reason why you would have a Fiji now sending additional sugar, because this is their time for production and for delivery to EU."
ID_HZJSCH,"Insofar as next week, Friday, the twenty-sixth of February is concerned, we are not ruling out any demonstration around the Parliament."
ID_WZJGCP,Is it not chastening that at every meeting we lament the slow pace of progress?
ID_ZIYMAQ,Baird's position is that he has now been dismissed officially from Mr. Banks' party because he refused to leave the government.
ID_WAYMXV,The Commonwealth Secretary-General holds talks in the region in preparation for the heads' summit in March and Buster Cup cricket about to take off.
ID_YENJGJ,"Well, it would appear, as a result of what has transpired over the past twenty-four hours, that the Prime Minister has succeeded in..."
ID_TGRDJQ,The O with an accent on the O for the O sound.
ID_IGYFAP,"Well, this year we decided to have a Creole dress parade with the school children of Dominica, and that worked well."
ID_JBOXWS,And Prime Minister Eugenia Charles asks Britain's Aid Minister to write off Dominica's debts.
ID_IUPSSQ,This is Hugh Crosskill saying goodbye from London.
ID_PRPHCK,We'll have the latest from Kingston in just a moment.
ID_NCMMAP,"But they are very calm and they are prepared, as I said."
ID_ZCBULL,"Trinidad and Tobago's Prime Minister Patrick Malling had said his government will look at the possibility of selling oil at lower prices to CARICOM members if a war breaks out in Iraq, but told them why it may not now be possible."
ID_YAZTBV,"I'm Hugh Crosskill, and this is BBC Caribbean Report."
ID_NIOQSO,"The truth is, however, that if the electorate is employed, with a meal on the table and a few dollars in their pocket, well into nineteen ninety-eight and early nineteen ninety-nine, an election constitutionally due by June, nineteen ninety-nine, would be a one-sided affair."
ID_HQNAJL,The government is seeking to remove the option of appeals to the Privy Council in London as a last resort for the convicted murderers.
ID_PNKIZZ,Euro MP Glen Iskinik is a staunch champion of the Caribbean banana cause.
ID_KNIGCE,Board Chairman Hugh Marshall today declined to make any comment on the matter before his board discusses the report and its implications.
ID_CLQIXB,I'm Oren Gordon and this is BBC Caribbean Report.
ID_UNNSKU,"In Montserrat, one of the elected representatives on the government side in the island's Legislative Council has expressed reservations about the British Overseas Territories Bill."
ID_WVPNGO,Renewed talk of a possible military intervention in Haiti and Christian aid to tell the British government of the concerns of Caribbean people.
ID_KUEZAX,"The two countries yet to sign the court agreement, Dominica and St Vincent and the Grenadines, now say they will do so, although St Vincent still has reservations."
ID_JELMQO,President Clinton sent a message to the memorial service reaffirming the United States commitment to bring democracy to Cuba.
ID_YIUPHT,The Prime Minister called them criminals for taking the boycott action.
ID_WKWUCQ,A comment by Prime Minister John Compton.
ID_BORMFA,That will do it for this edition of BBC Caribbean Report.
ID_TYHGIE,"The news came from the Minister of National Security and Justice, and he has indicated that a twenty-seven-year-old man from Rima, in the heart of the inner city of Kingston, is the person who will actually face the hangman's noose, Leroy Lamy."
ID_BEVJHU,And Trinidad and Tobago gets a good rating in the Global Corruption Survey.
ID_CLEAFV,The hurricane also briefly put on hold today's plans for a vote on independence for Bermuda from Britain.
ID_CHRRDU,But you are the head of the operation and ideally they should be able to contact you fairly quickly.
ID_KDXBDY,Ibero-American leaders gather in Cuba.
ID_DRRSTE,The European Union again rejects US demands to open up their banana market to American producers.
ID_KXERXL,"that is to say mainly rioters and looters whose intentions were clearly criminal, who attacked hotels and stalls and..."
ID_JQDUFA,"No, I think it's a basic principle to see how far this colonial establishment can go."
ID_MTUVIL,Growing concern over US policy towards Haiti.
ID_QSZMZC,"So the factors that led to that, I think, is the fact that people were fed up with the government."
ID_TERDSC,A number of organizations have rallied to the call of the Dominica Conservation Association to protest against the move.
ID_ICPPKB,Tony Fraser reports on the efforts to resolve the trade dispute involving Three Sister Islands.
ID_ALURVD,"Today, rescue teams in Haiti found 60 more bodies."
ID_DZPIQD,"It's no surprise, therefore, that she has an interest in the economic development of the Caribbean."
ID_GNRDFL,"The paper was prepared by the CTO's research economist, Shannon Williams."
ID_UFQVEI,"According to the editorial, the most that can be hoped for is a slowdown in the army-sponsored killings of Aristide supporters."
ID_DCBZAI,"Meanwhile, the Jamaican government is closing its embassy in Moscow at the end of this month."
ID_FHLGWK,"Not many, the Jamaican government should insist on trying to link the shipriding negotiations with wider issues of crime and violence in Jamaica."
ID_FFWBIK,and have been taken in respect on the investigation of the allegations of corruption.
ID_UVZDBV,and the parliamentary opposition position claiming he is illegally holding office.
ID_NBLBXU,But today's failure to meet the deadline leaves the real possibility of a rudderless WTO if the issue is not settled within the next two to three weeks.
ID_NTCQID,of developing the banana sector as well as to export bananas to the European Economic Community.
ID_PDTTFU,Jean-Michel Carrois for the BBC Caribbean Report.
ID_SYPNBL,"Guyana's President Desmond Hoyt, in the face of mounting pressure both at home and overseas, has agreed to major changes in Guyana's electoral system."
ID_OECTSD,"From London, BBC Caribbean Report."
ID_TSRKSP,"Well, as we've been reporting, Hurricane Lenny has caused extensive damage and destruction on several islands and has left four people dead."
ID_QAAXKW,the registrar is in charge of the provisions of the Parliamentary Election Act and therefore in charge of the referendum provisions of the Act itself.
ID_RYDMNB,The Guyana government and the American Reynolds Metals Company today signed an agreement which could see the firm returning in a big way in box-like here.
ID_UCTIZE,I'm Ken Richards and this is BBC Caribbean Report.
ID_BZIAOS,Thank you for the assistance of the 10 p.m.
ID_CINQGJ,"Clearly, a couple of things need to be done."
ID_IHPWDT,"among his many engagements, an audience with Queen Elizabeth, dinner with the Foreign Secretary, Douglas Heard, and a meeting with Prime Minister John Major."
ID_UUSHYT,"In negotiations with any trading group, the private sector must and must be involved."
ID_YWWVES,And then we can continue this silly foreign policy of having it.
ID_MLKXEP,Dominica's Prime Minister takes seriously death threats against him and his ministers.
ID_IVUHFA,Dr. Siong Chang says what the conference reveals was the inadequacy of the present resources to precisely analyze and understand the causes for the fish kill.
ID_GNJGBW,"If the state wishes to execute someone, the state must ensure that they are treated properly before execution."
ID_GXDPWC,"This follows a weekend statement by the head of the Junta Central Electoral, that's the electoral board, announcing the suspension of the process of verifying the results and condemning the involvement of ex-US President Jimmy Carter and his team of election observers."
ID_LXILQI,So just how soon will the findings of the audit team be made public?
ID_MTTGMO,"when he is moving toward the northeast near twelve miles per hour, or a little bit slower."
ID_HJQWSL,"In its report, the National Economic Recovery Committee proposes tax increases, layoffs in the civil service, privatization of government-owned companies, relaxing the labor laws, and taking other steps to cut government expenditure and promote economic activity."
ID_FHCAFK,Japan seeks more allies in the fight for its right to kill whales and can Thabo Mbeki deliver for South Africa's poor blacks.
ID_AWEFZG,A stay of execution for convicted killer Anthony Briggs and Caribbean tourism under serious threat from the competition.
ID_FMBBVS,"in the maintenance of cordons and the enforcement of curfews, thereby allowing members of the Jamaica Constabulary Force to apprehend those engaged in criminal pursuit and to undertake a rigorous and unfettered search within any area where there is reason to believe a legal weapon..."
ID_MOPBDV,"In this edition, we travel back over the rocky road leading up to the twelfth CARICOM Heads of Government meeting, which starts next week in Barstairs and Kitts."
ID_EJSNVU,The military in Suriname is currently flexing its muscles in preparation for the resumption of its battle against a rebel jungle commando.
ID_CHJUHX,"It will take time, but everything can come out in the end all right."
ID_ZUMYBX,"A World Trade Organization session, which was due to continue in Geneva today to avert the trade war between the US and the EU, hardly got off the ground."
ID_ADZQZT,"This evening, Prime Minister Charles joins us live in the studio on Caribbean Report."
ID_PLCBWT,was the Vincentian electorate sending a signal to the veteran leader.
ID_QSIMJF,"You know, you want to work and get some money in your pocket."
ID_TJCQQP,All the banana exporting countries are very cognizant of this.
ID_EWVZJJ,I spoke with him by telephone on his way to the travel market.
ID_ZGJVUN,"The new Prime Minister of St Kitts Nevis, Dr Denzel Douglas, was sworn in this afternoon by the Governor General, Sir Clement Arundel."
ID_UAWIZH,A six consecutive election victory for Antigua's Labour Party.
ID_MDQJOB,"At the United Nations in New York this evening, Cuba has been attempting to drum up support for the removal of the long-standing U.S."
ID_HAFXPH,Most of those associated with the trade may now have to seek other employment.
ID_PDQOEJ,"but frankly from the comments I've seen, not just from the President, but some of the..."
ID_KLKTHV,"when he has chosen his cabinet, which may be within a few days."
ID_AHNBQK,"From London, BBC Caribbean Report."
ID_XTORNJ,We're going to return to this live interview with Prime Minister James Mitchell of St.
ID_NRKOTS,The British colony of Anguilla is set to review its constitution and a former West Indies pacer is bowled over at the altar.
ID_WBSBLN,"And the dissatisfaction with Wibdeco, whether or not this is justified rightfully or wrongly, has been made known for a very long time."
ID_IANMIH,"And in Cuba, they have an opportunity to participate in a special migration program between the United States and Cuba, which was established this decade."
ID_IGLABA,I'm Carol Orr and this is BBC Caribbean Report.
ID_TYSPHV,We have to take an independent line consistent with our own self-interest.
ID_DNZNAI,Governor Rossello says he'll go forward with the sale of the telephone company regardless.
ID_VFUKIB,Ecuador insists it wants good relations with Caribbean banana producers.
ID_SLREOO,But GT&T are not willing to put down their prices to the rate AT&T are suggesting.
ID_IWWMEX,America's drug czar calls on his country to deal with the Colombian problem.
ID_XJMCHR,And Rasta Reasoning on Repatriation.
ID_IPUSIJ,They've been demonstrating outside the house where Alien has been living with his mother's relatives in Miami.
ID_WNJIHW,The VMA meeting saw one of the largest turnouts ever for a private sector meeting.
ID_SMDUMH,"For example, among the National Union of Public Workers and the Barbados Workers Union, the two largest unions, there's likely to be not a uniform response."
ID_FZWFFS,I think the media have focused on this as an area of great controversy when in point of fact there's very little controversy.
ID_ULDGIG,"I think what the EC Express will do, it will complement the other regional and local airlines to consolidate existing services and expand into new areas of activity and opportunity."
ID_CNUQPD,I've been in London now for about three weeks.
ID_UIZFKK,"There have been more demonstrations in the Guyana capital, Georgetown, as small groups marched through the capital chanting anti-government slogans."
ID_ZDEQGY,Police say Mr. Benchkop was one of the organizers of a march that got out of hand when protesters tried to storm the presidential complex.
ID_ESBOBN,"We know that American authorities, they know a lot about what has taken place with Remain."
ID_ZRDFVQ,I'm Mike Jarvis and this is BBC Caribbean Report.
ID_UHTXRS,CARICOM governments are standing firm on their support for the US-led action in the Persian Gulf.
ID_IMORDE,An independent inquiry into the death of black British teenager Stephen Lawrence and NAFTA parity for the Caribbean no longer an issue for now.
ID_RRQPMW,Pierre Charles confirmed his agenda when he addressed an audience of Dominican nationals in London yesterday.
ID_OCZWSR,dollars in textile and apparel products to the U.S.
ID_OVOVWV,urging the rich countries to back their rhetoric for free trade by opening up their own markets.
ID_TWDITV,There are an estimated sixty thousand Guyanese people living in Suriname.
ID_CTLBHL,"From London, BBC Caribbean Report."
ID_MBVCUF,The state lists eight grounds for its appeal.
ID_LVLODI,A visit by United States Senators raises hopes of a softening of American policy towards Cuba.
ID_GEMZQN,The other area of particular concern would be to reform the inner workings of the organization.
ID_REQEJW,High waves and strong winds from Hurricane Lenny caused destruction over a wide area of the Caribbean.
ID_KCKIUO,"Federal Communications Commission targets US-based Cable & Wireless Incorporated, Cable & Wireless USA and the London-based parent company Cable & Wireless PLC."
ID_TCFMQG,Dominica says the leaders need to restore the public's faith in politicians' efforts at integration and Guyana's power crisis worsens.
ID_OVNXUT,The Guyanese President Desmond Hoyt attacks a U.S.
ID_JJELEH,"In Suriname, President Jules Wiedenbosch has had to face further demands for his resignation, this time from members of the largest bloc of trade unions, the CLO."
ID_GMOZLY,They are attempting to strengthen opposition to Fidel Castro.
ID_KYJSLB,But there's been no objection from Caribbean airlines.
ID_FXRMQK,and the sanctity of marriage a talking point across the waters.
ID_TDJZOO,The GATT disputes panel recently upheld a claim by Latin American banana producers that the regime is discriminatory and incompatible with GATT principles.
ID_KKKDCC,The hurricane brought with it winds of more than a hundred and twenty-five miles an hour and heavy rain.
ID_HCIPRA,Mr. Campbell told Parliament that one hundred and sixty-six thousand seven hundred and sixty-four of those dollars had been interest-free.
ID_IRAQEJ,I'm Hugh Crosskill and this is BBC Caribbean Report.
ID_AAZEWG,"Bermudians vote in general elections that one analyst says hinges on the black middle class, and the future is looking even bleaker for Caribbean sugar."
ID_UZYYBU,"From the Cuban capital, Havana, Daniel Schweimler reports."
ID_YGGNCP,"Can't he bring to the attention of the nation such matters if he deems it important enough, even in an election campaign?"
ID_UEFPLE,"Meanwhile, the police in Barbados are still searching for the convicted murderer Winston Hall, who escaped for a record third time on Thursday."
ID_MICSSU,"Though weary from his travels, Prime Minister Mitchell has nonetheless kindly consented"
ID_DPYWNW,The Prime Minister of Trinidad and Tobago makes a personal appeal to the U.S.
ID_EHDVCN,I am Keith Stonegraves and this is BBC Caribbean Report.
ID_BSTKAV,"And that is well within the capability of the union to make, of the industry to make in the time available with the cane on the ground that is there."
ID_OJTKIC,"Since the mid-nineteen sixties, Jamaica has become an increasingly violent society."
ID_FKLVGI,They don't have zillions of pounds of fireworks like we in London do.
ID_GZICGD,I am Keith Stonegraves and this is BBC Caribbean Report.
ID_UTFCZP,I'm Hugh Crosskill and this is BBC Caribbean Report.
ID_XJHFYW,Residents of the northern Bahamas are battened down and riding out the storm brought on by Hurricane Dennis.
ID_WIFJYY,What Bahamians call US overreaction to an alleged threat anger the authorities in Nasser.
ID_DDTBUY,And of course it is much easier if you're a shark to swallow sardine.
ID_ZIALMD,"From London, BBC Caribbean Report."
ID_ZHDCMZ,He saw the Speaker as a functionary who had no right to block him.
ID_VWNLJU,"immigration policy known as wet feet, dry feet."
ID_PCGIYJ,and poverty constitutes a living reality for the majority of our people.
ID_EPWLJK,"A Caribbean-based British diplomat charged the West Indian Commission for slipping up on the banana issue, and Dominican economist steps up his campaign against economic citizenship."
ID_BULHBF,"However, as he told me today, there were some areas in which he felt greater strides could have been made."
ID_WDNAEH,Lucian Prime Minister von Lewis today in Castries.
ID_QFRZUI,"Today, the DPP, Dennis Hanuman Singh, postponed the inquiry after the prosecution asked for more time to find the other man believed to have organized the march."
ID_APSDBO,"The next step along the road is a whole network of activities that will include strikes, lockouts, and the big rally and big masses in the churches."
ID_RMBCVN,That's also being opposed by Germany in the European Court of Justice.
ID_ZMPGPF,"But interestingly today, the Omaengon Mines Limited issued a very positive statement accepting full responsibility for the spillage."
ID_UOWYNW,"And as the West Indies team arrives in New Zealand, we ask, what happened to Richie Richardson?"
ID_KYQSTK,Lucia Jossie Mesmin did comment on whether Speedwings proposed job cuts at Liat's Antigua headquarters
ID_XZVLID,And Desmond Haynes shrugs off the pain of a broken finger to save the West Indies from collapse against Pakistan.
ID_GFJYTJ,I'm Mike Jarvis and this is BBC Caribbean Report.
ID_OYDELJ,"Reports of increased gun use within Britain's black community has sparked off a new police report into alleged criminal links between Jamaica, New York and London."
ID_LGPOIW,We'll be hearing from Ambassador Marvell on that score shortly.
ID_LCBPUG,"I think it's still, on the other hand, more likely that other diplomatic avenues will be pursued."
ID_AEJUHY,His refusal to do so is hindering certain constitutional appointments.
ID_HGWFFA,"It was agreed by both sides that the leader of the Dominica Freedom Party, Charles Savoy, will be sworn in as Minister of Tourism."
ID_YVTQYL,The Cuban government has appealed to the United Nations for help following the destructive passage of Hurricane Lily over the island.
ID_RTRJKR,I'm Ken Richards and this is BBC Caribbean Report.
ID_CPQQEB,I can't take it any longer and I want to know what is going on.
ID_YWPIBH,The sixty-six-year-old Mr. Mandley reportedly laid to rest questions about his health and told party followers who raised the matter at the private session of the party's annual Congress on the weekend.
ID_EENPMK,Can any alternative arrangement be found?
ID_OXUMLN,"Therefore, I hope the dialogue in which we are engaged in..."
ID_JTSXVV,"In Jamaica, a Supreme Court decision to hang a death row prisoner heading for the Privy Council."
ID_TUCRLS,international convention capable of accession to by all parties.
ID_VNBNBI,He feels that the quince-centennial should be a time for commiseration and reflection.
ID_RGWSHA,I am Keith Stonegraves and this is BBC Caribbean Report.
ID_VGJXAL,The tenth storm of the season followed a zigzag course creating problems for the economic life and travel from as far south as Barbados all the way north to Puerto Rico.
ID_ABGCYA,"By intervening this way, we help the minority communities develop and obtain good credit and get all the benefits of that."
ID_YVSHDY,Key members of the US Congress move to tighten the embargo against Cuba.
ID_HPKDMY,"This time, including former Minister Trevor Sudama, will meet again this evening."
ID_WSDBTH,It will allow a general amnesty to those who staged last September's coup.
ID_LKPMXO,Lucia has begun to feel the effects of a prolonged strike by public sector workers.
ID_WWSRXB,"At news time, meteorological officials were predicting that the storm could strengthen as it slows down."
ID_IABVRO,"in July and explained to them that the farmers would be compensated and that during the negotiations which are ongoing with the investors for the RITs, that it was made clear that there had to be something for the farmers in the overall package."
ID_SFFSPS,The cost of servicing that debt is almost four hundred and sixty million dollars a year.
ID_UDCIVD,"But Prime Minister Henny Amon's administration, minus the two ministers who resign, will be allowed to undertake day-to-day affairs."
ID_GSDZNH,"Remarks will be made by Minister with responsibility for Ecclesiastical Affairs, Adelina Tuitt, and Governor Anthony Abbott."
ID_OCRXTA,But I do not think it is right for the Constitution...
ID_JUONOC,"The proceeds from a trust fund to be set up for funds raised independently by the Caribbean Development Bank will, it is hoped, keep the wheels of justice rolling, unimpeded by member states, which haven't always paid up their direct subscriptions to other regional organizations, placing them in great peril."
ID_GVKFFU,And Antigua and Barbuda tells the OECD to revisit its initiative to eliminate tax competition.
ID_WMQOYW,"Most of the Puerto Rican pro-independence prisoners could be out within days, but Hillary Clinton's intervention continues to be an issue."
ID_IAWYBM,Scotland Yard detectives investigating allegations of links with drug traffickers in Trinidad and Tobago's police force have recommended that a number of officers be suspended.
ID_LDGOLD,"is not about bananas, but about Europe's refusal to honour the WTO's decision."
ID_CLYCGP,Representatives of Britain's Caribbean dependent territories have just ended their meeting in Bermuda.
ID_IGFWGI,"CARICOM urges the international community to ease up on Haiti, and the African dust making its way across the Caribbean is bringing germs as well."
ID_DYJYFX,"From London, BBC Caribbean Report."
ID_PZVQRB,That is the office of the Prime Minister of the country.
ID_HIQPEM,My presence over there
ID_QDPNDR,I'm Ken Richards and this is BBC Caribbean Report.
ID_VCVNBL,made clear in all of the major international forums.
ID_KQCHXM,The vote had been triggered off by widespread street protests against the president's handling of the economy.
ID_HRBYPK,"Fives, which distributes a variety of fruit, including bananas, today reported a five percent increase in pre-tax profits."
ID_WDNVAK,"It's going to be a hell of a fight, and I know when it's all over, I'll be the winner."
ID_QBRESS,"The demonstrators warn that they also plan to protest at the forthcoming WTO summit in Seattle, Washington."
ID_GGOZWI,Workers for the airline Liat are considering a less painful alternative to the recommendations of the consultancy firm Speedwing on how to turn around a debt-ridden airline.
ID_PKQXNK,Members of the democracy movement in Miami say about ten planes will also accompany the launch.
ID_IHKLHT,landing in Port-au-Prince at the convenience of the military regime.
ID_LKDROJ,"Air and sea transport dealing with HIV and AIDS, health, education and speeding up the free movement of workers among the countries."
ID_ZQBODJ,"From London, BBC Caribbean Report."
ID_EXUWVY,"Until late Monday, three people had been confirmed dead and nine injured in an explosion aboard a boat off St."
ID_LIAYGS,"If they start this week, perhaps they can do it."
ID_AUTYYO,The United States has expressed dissatisfaction with that ruling.
ID_HYVOLI,The average West Indian is bone idle and lazy.
ID_YSQKUI,"I could not believe it happened, that something that happened almost two years ago is being raised just prior to a prime ministerial debate on what is perceived to be or purported to be a prime ministerial statement."
ID_KIOVWH,"Joining me now on the telephone to discuss the report and the overall Haitian crisis is the man who led that mission, the Reverend Alan Curtin, General Secretary of the CCC."
ID_NFMGWC,The report was compiled by an independent commissioner following allegations that the central bank was involved in buying foreign exchange at inflated prices.
ID_UXRYHF,"This is an unacceptable war for them, that they don't want to participate in this killing."
ID_EIADWY,The West Indies Cricket Board announced Lara's appointment today in St.
ID_LAYOCR,They were the leaders of the revolution which led to the assassination of Prime Minister Morris Bishop.
ID_DNVCPD,"From London, BBC Caribbean Report."
ID_ANGHSK,We are fully committed to the regional integration movement and to the implementation of the common external tariff.
ID_MQNFJV,"Well, from all indications, the voting has been quite slow."
ID_YLUYBO,I do not myself feel that the choice of the heads should be left to the vagaries of the democratic process.
ID_PEHJJW,This left an agreement to meet again in the new year.
ID_RUUAWG,"What kind of consensus can come about for elections in such circumstances, in such conditions?"
ID_KDFYGZ,"I came here, I made this government, and you have to agree with me."
ID_ULAZJF,We are the Cuban alternative and we intend to act as such.
ID_HYIBBE,"We find that he continued to be an exemplar even when, as we all know, there is less and less in Trinidad and Tobago today that is exemplary."
ID_DHIOHR,The Bahamian government has said it was disappointed and shocked by an American warning that US nationals should exercise caution when traveling in the Bahamas.
ID_OMIWXA,The wider national political issues in mainland United States appear to be having a spin-off effect in Puerto Rico.
ID_PCCHTT,"Of the sixteen confirmed dead, twelve were women and two children."
ID_OGPLWU,James Rubin went on to say that maintaining the Federation of St.
ID_LVWNKR,Anguilla's governor rejects charges of arrogance made by the island's chief minister.
ID_CCVOFB,"Just months later, Jean-Bertrand Aristide was ousted in a coup, only to be reinstalled in..."
ID_QATPAG,A labor shortage in Montserrat stalls the rebuilding effort and thousands of Jamaicans are now free to support their team in El Salvador.
ID_WIWMIP,Their coming together means a major turning point in the war Ronny Brunswick started four years ago to topple the Bautist regime.
ID_HRWMTN,I cannot and will not remove the Chairman of the Elections Commission on the whim of the opposition.
ID_BELKMW,Governor Frank Savage says categorically he's not aware of any problem.
ID_OFBQXA,"He said he was surprised to see the ICC chairman use his authority to put the item on the agenda, despite the fact that the West Indies Board had not been given a chance to discuss it."
ID_QLWPCB,"Lucia Banana Girls Association to swallow, but the directors had virtually no choice."
ID_DDKNZY,He said he'll give more details about his December tour at a press conference next week in Washington.
ID_AIASWJ,"did indicate that one of the things that they were going to do was to put in place a government of national unity, and that the present Deputy Prime Minister, Mr. Dukaran, was to head it."
ID_FARYPD,And alternatives in light of the World Trade Organization dispute panel on bananas were to have been looked at further at a private sector meeting in St.
ID_UGJMPQ,And are there cracks in the coalition in Trinidad and Tobago?
ID_CJHRUF,"To change its banana import deal with Caribbean countries, the European Union is admitting that it's having a hard time trying to change the system."
ID_TEGPBD,"Questions are being asked about Antigua's most wanted, how he managed to smuggle himself onto a BW aircraft."
ID_WABOTK,"For Mr. Emery, the elections will see a change of strategy rather than a change of mind."
ID_CPCYTK,The scientific experts on the island report three more episodes of steam and ash venting from the late Tuesday afternoon and just before midnight.
ID_ZEGHDX,and that I am putting that case.
ID_OWNAXW,"information that was obtained, but lack of information on the matter."
ID_GROFQR,The Council holds the fifth Europe-Caribbean Conference in Curacao next week and has set aside a pre-conference session to deal with the outcome of the recent CARICOM Mini-Summit.
ID_RFJQVO,"Hello once again, this is Hugh Crosskill reporting."
ID_UXCOKQ,"The presidential secretariat, the general post office, the telephone company, and several government ministries were among the places targeted in these bomb scares, which have the effect of bringing operations of any entity to a halt for hours, since staff have to evacuate the buildings while the police and fire officials conduct searches."
ID_FWHXEL,"And the people, being ferociously democratic, thought that that wasn't good enough, and many of them are hoping that the question will be put at a future referendum and that they'll be able to vote on the model that they would like."
ID_VPLQRJ,The government of the Dominican Republic is coming under increased international pressure over its alleged abuse of Haitian workers in the sugar industry.
ID_QHBLFH,Six out of ten shoppers say it's no problem.
ID_VNHAJE,I'm Emma Joseph and this is BBC Caribbean Report.
ID_IQCGGP,"From London, BBC Caribbean Report."
ID_GCIZSK,Military aid suspension has passed and President George W. Bush has issued waivers for twenty-two countries.
ID_MWPYBX,"And he is, you know, he's certainly not somebody who could run the country from, you know, his ideas are outdated."
ID_UEEDMK,Battle lines drawn in Anguilla and candidates declared in Dominica as election fever grips these two islands.
ID_XTBDVD,"From London, BBC Caribbean Report."
ID_QFKNWH,I put it to Mr. Dugan that resignation could be interpreted as demonstrating complicity in the affair.
ID_RDJWUP,Mr. Neptune has been designed for a de facto government.
ID_CCTYTD,"Written off as a bunch of no-hopers before the series started, Graham Gooch and his men are now basking in the sort of glory usually reserved for only the bravest of British wartime heroes."
ID_GWJXCA,"Grenada's Prime Minister Nicholas Brathwaite commutes the death sentences of the Maurice Bishop murder convicts to life imprisonment, putting an end to the bloodiest chapter in Grenada's history."
ID_MKVTBK,I'm Ken Richards and this is BBC Caribbean Report.
ID_INTKQY,I'm Ken Richards and this is BBC Caribbean Report.
ID_XMJBHM,And Jamaica's Prime Minister PJ Paterson prepares the pitch for his first test.
ID_JDXDWK,The European pyramid game has reached Tobago.
ID_MIOSCL,"Its conference ends with hopes of a new cure, but the cost could rule out hope for the Caribbean and plans for a Commonwealth-sponsored investment fund for the region."
ID_UHZWVF,There's no doubt that there will be some modification or some change in cabinet positions.
ID_NNPVBF,"The sixty-two-year-old Mr Pandey was due to leave Trinidad this evening for London, where he will undergo angioplasty surgery at the Cromwell Hospital."
ID_DROHWK,The Grenada Court of Appeal did not sit today as scheduled to hear the latest in a series of motions filed on behalf of the convicts in the Morris Bishop murder trial.
ID_SWENZH,And St Lucia government still keeping open options for the Commission of Inquiry.
ID_UVPCUV,"but he gave notice that the wage freeze will not automatically have the support of the labor movement, and that the eight percent pay cut, in particular the constitutional aspect, is far from settled."
ID_MPDCAG,And the British press and public agree that it's rest in peace English cricket.
ID_YIBCNE,We were escorted to the official meetings we had with the Revolutionary Command Council members and so on.
ID_WTWGIF,The committee agreed readily to the Chief Minister's request.
ID_YSPEKZ,that everybody tries to find in the United States of America.
ID_VIWOQI,We are now able to have direct discussion about the quality of the packaging material.
ID_VUPIAD,When two companies agree to stop...
ID_OZWVDQ,You're listening to BBC World Service.
ID_VUCPZO,"From London, BBC Caribbean Report."
ID_KQELRT,The International Development Ministry has admitted that the crisis on Montserrat has at times been poorly handled.
ID_HEWDES,We have also agreed that we would facilitate...
ID_VICXLS,And most analysts think that he was disingenuous about that.
ID_XDPIES,And no agreement as the UN racism conference is extended by another day.
ID_KDJTMW,The Prime Minister's decision to fire Dr Mitchell follows his refusal to disassociate himself from two new members of the NNP executive whom Mr Blaze has labelled communists.
ID_EUVWHW,I'm Mike Jarvis and this is BBC Caribbean Report.
ID_PAMPZF,"Earlier, protesters inside the military base forced the Navy to delay their shelling practice."
ID_NYPHAL,"The plan to sign Article 31 of the Charter of Civil Society was shelved, along with the protocol to amend the treaty to establish the Caribbean Community and Common Market."
ID_TLZALF,Group chairman was British Foreign Secretary Robin Cook.
ID_CIGKAG,and another call for a single unit of currency to settle intra-regional trade.
ID_ADVAVS,A political union initiative by four Caribbean states runs into criticism from a former prime minister and was a high court judge right to postcon on a chief prosecutor.
ID_OTXIQQ,The judge herself has reserved her ruling for Thursday morning.
ID_ZQJIUQ,"As a record number of deportees arrive in Jamaica, we hear that the social services are failing them."
ID_IJCXYT,"At the political level, I have to say that there is a lot of ignorance."
ID_XFSZAC,arguing that hanging was a deterrent against crime.
ID_QCEHUD,"CARICOM governments, depending on a regional anti-narcotics action, plan to stem the drug trafficking tide."
ID_JKLVUW,Dr. Hugh Ferguson of the University of Stirling says the bacteria may have been newly washed in by storm activity and changes in water chemistry facilitated their multiplication at a lethal rate.
ID_WUIEZL,"But we had a full blow this time around, and so I think we went into a little state of shock, but they've now come out of it and they're endeavouring to salvage all they could and begin to pick up the pieces."
ID_KQUUPT,"Contrary to some reports, it is widely believed that the remains of Morris Bishop aren't in what was claimed to have been discovered."
ID_ENLYAG,So they were making a lot of disorder.
ID_YBBSQF,"Well, in the particular one that I was able to see precisely what happened, I was traveling into Kingston from outside of the corporate area."
ID_GDMKPX,I'm Ken Richards and this is BBC Caribbean Report.
ID_FIOYIY,"And in terms of a long-range or medium-range action plan, maybe this will begin to come out of the economic conference that's slated for Port of Spain, I think, in November."
ID_KWOMOR,"Meanwhile, President Balaguer has lost three points."
ID_RMFKXN,"At around two o'clock this afternoon, Port of Spain prison authorities read the death warrants to Dole Chedi and eight others convicted of the nineteen ninety-four killing of four members of her family."
ID_OTVJXR,One country that has commented is China.
ID_BTCGJC,The thirty-year-old Saunders was hanged for the nineteen eighty-five murder of a fifteen-year-old schoolgirl.
ID_YNCPAK,"In addition, surface and air surveillance technology is to be employed."
ID_VDCXIK,"I'm Hugh Crosskill, and this is BBC Caribbean Report."
ID_PUODPW,Kitchener was there in the 1950s to lead a team of immigrant West Indians onto the hallowed turf of Lodz.
ID_BJQHNE,The US also published a list of sanctions it says it will impose on European products unless the EU makes further reforms to its banana import arrangement with the Caribbean.
ID_RGWPKG,"From London, BBC Caribbean Report."
ID_LCYCJG,"It's not only the government of the Nalas and Telis, but also the island government."
ID_LBDJXL,"Prime Minister of Dominica has arrived in Tripoli for official talks with the Libyan leader, Mornel, Cornel Gaddafi."
ID_MYCQLS,We do know that people actually fought to get aboard.
ID_NOOGYW,He told Caribbean Report that one of the concerns rests with the fact that the Shiprider Act takes a warlike approach to the drug problem.
ID_RQVHOJ,Management of that regional airline are canvassing staff support for their plan to take over the airline while at the same time talking to potential investors.
ID_ERNBDE,"CARICOM's chairman, Kenny Anthony, best summed up the free trade treaty when he said it will help to reduce the economic balkanisation of the region."
ID_JCNCKA,"Well, industry watchers predict that the European Commission will tomorrow back controversial proposals aimed at resolving the banana war between the European Union and the United States."
ID_RQRJBN,"I don't have any animosity towards anybody, but I believe that more could be done by our board and our people in whatever capacity to help West Indian players and West Indies cricket."
ID_PNSUJO,"When I had air Jamaica, they couldn't even clean the planes."
ID_UPESWQ,"The army, however, denies this accusation, claiming there are forces at work that consequently disturb order and peace."
ID_UBZQTL,"From London, BBC Caribbean Report."
ID_EFBXJS,"George ended up killing more than five hundred people, mostly in the Dominican Republic and Haiti, which share the island of Hispaniola."
ID_QFQKCT,"He was concerned, too, that while Attorney General Ramesh Murad was pressing for efficiency in the justice system, there seems to be little respect for what he calls just justice."
ID_PCBXQB,"In Nassau, Bahamas, I'm Jessica Robertson for BBC Caribbean Report."
ID_YJXXNL,and I'm wishing them good health and a great life.
ID_NKUXBZ,Elian has been stuck in the middle of a huge international tug of war since his rescue.
ID_MPNJOK,Nevisian Premier Vance Emery continues to defend secession in spite of the failure to gain CARICOM support.
ID_JVYHXJ,"But lawyers for the widow of the former president, Chedi Jagan, said she was already sworn in when the order was served and therefore it has no effect."
ID_IFBLBU,"In my view, without really having done the homework, the background research and consultation to find out what are the plans, the aims, the hopes, the aspirations of this engine of growth, which would then provide a framework, a strategic plan, if you like, against which the negotiations could be carried out."
ID_NPXRVZ,Dutch and Netherlands Antilles governments to talk some more about the new status for the territories.
ID_URNWEW,The authorities in Suriname are trying to determine the cause of a Thursday night fire which destroyed the country's National Parliament building.
ID_JSDCPR,Opposition leader Baldwin Spencer is part of a broad-based coalition trying to get the Governor-General to set up a commission of inquiry.
ID_YSKFDK,"However, the meeting decided that he should leave office and allow an individual in whom the people have confidence to leave the country through its present economic crisis."
ID_ZIRIBS,"In an unprecedented move, they will supply US dollars worth of foodstuffs to the communist-ruled island, despite America's long-standing embargo with the Castro government."
ID_DMADTS,And we kept playing players who weren't good enough to play.
ID_ZZQNXU,"Jones had earlier ordered the assassination of Congressman Leo Ryan, who is about to return to America after a fact-finding mission to Jonestown."
ID_QYVRON,The former South African leader says both Caribbean and Latin American parties should be accommodated.
ID_CDILNE,"Dominican teachers threatening to spread their strike and following the American presidential debate, the Caribbean basin again urged to make its presence felt."
ID_OLZGGI,"But it does not mean that we have to harmonize, and by that I mean that we have to take exact positions, or that we must all have the same position in terms of different problems that exist in the world community."
ID_SMMVCH,"From London, BBC Caribbean Report."
ID_ETMTBL,"The proposal comes from the London-based West India Committee, and a document they've prepared on the concept has been circulated among leaders in government, opposition and the private sector."
ID_GQQBPX,"This matter did not escape the attention of the prosecutor, who noted this morning that for the quantity of drug involved, four and a half kilograms, the matter of bail is usually left to be decided by a resident magistrate."
ID_QLDECC,indicating that we will churn up or even create anything in the immediate future to do with the session.
ID_DXUTQJ,The government has now put plans in place to restore them.
ID_JVXUEL,The idea is that businesses launched by people of Caribbean origin living in the UK could make more trade inroads in the Caribbean.
ID_FWXICC,"Joined by cabinet officials and the FBI, the Secretary presented Puerto Rico's Anthrex Protocol, a twenty-page simplistic step-by-step procedure for use in the event of an emergency."
ID_GWPOJJ,"From London, BBC Caribbean Report."
ID_QMMEOM,"Well, now that she has been sacked, the government majority could be reduced by one."
ID_CIMQZU,"As the future of the troubled regional air carrier, CaribExpress, remains shaky, a former senior member of staff feels prospects for the airline's viability are remote."
ID_RERSYI,"On the spice aisle, nutmeg producers and exporters have had a bumper crop."
ID_LSEPBS,I know that they have some problems and hopefully they'll be able to work them out.
ID_UXXRHU,They were demanding justice after the killing last weekend of Shaka Blair by the Blackclothes police.
ID_KYVBCJ,Mary Robinson in Washington.
ID_KPFZYU,"In a moment, we'll be looking back at the relatively short time at the top for the American-born head of state."
ID_YFZGOM,I think both sides of the Straits of Florida jumped into it head first.
ID_VUAXHU,"All the Caribbean island nations are friends of the United States, with one notable exception, and are close allies of the United States."
ID_NZAQKR,"Is it because that in two months the constitutional ban on political activity of notorious zealots of Duvalierism will expire, is it?"
ID_LQJGFS,The airline has laid on extra charter flights to cope with the increased demand for seats.
ID_NQBKSC,"And with a free market at this point, you will get any kind of coffee."
ID_FXDKCV,Do you detect the political will to make those hard choices?
ID_IPQLGV,"Contrary to a statement yesterday by the Grenada cooperative Notmeg Association, it now appears that their marketing agreement with their Indonesian counterparts has been broken."
ID_PREAXQ,"the Prime Minister, as well as his eighty-eight-year-old father, former Prime Minister V.C."
ID_QTFWRM,None of the political parties have sanctioned this new wave of demonstrations.
ID_BZWNAM,But broken glass and collapsed walls are not inevitable.
ID_NICYHI,"In fact, a recent Carl Stone poll which showed the party losing tremendous ground because of the violence and seeming divisive conference which was held last night."
ID_IVMDHI,is considered crucial for President Erta Pascal Trouillot.
ID_WJETTX,Is there also the thought that I'm innocent of these charges and why shouldn't I be here?
ID_CSKLZX,"The thirty-year-old Benjamin, who has played in twenty-one tests, is no stranger to disciplinary action."
ID_FEHLPG,The blockade of hundreds of vehicles across the Sixth Lin Highway cut off traffic moving east of the capital.
ID_KGRUSB,"He said, I would love to go back to Santiago de Cuba, retire."
ID_HGQXJR,"In fact, I think recent developments indicate that my party has been gaining more ground than any of the others."
ID_PSTLAD,"As local officials put contingency plans in place, Caribbean states have put their coast guard on alert and another group of seismologists is flying in tonight."
ID_ZFKDZB,"and several European nations, mainly NATO allies, there is still time for Clinton to make good on his pledges to the region."
ID_CMTJKP,The end of Presbyterian Council hearings into the appeal by two Trinidadian murderers.
ID_JKXQNO,"I think that this will kill the whole banana regime, definitely, because then everybody will do the same."
ID_ZGFQHM,"The OECS Secretariat wants responsibility for political unity in the sub-region and the dramatic rescue of a man feared dead at sea, relief from his Jamaican-born wife."
ID_ZGDKUA,"Well, it's the private ground and so on, and everything is rather lavish."
ID_RCYZRE,So we are in good confidence that the preparations are on its way with some minor difficulties in some areas in Haiti.
ID_RUJUNO,I'm Hugh Crosskill and this is BBC Caribbean Report.
ID_WTDCIJ,Another impasse between Trinidad's president and the government and a period of fierce hurricanes being predicted.
ID_SAKYSA,"However, it was pushed aside in favor of a fairly substantial presence on the Commonwealth Observer team invited by President Hoyt."
ID_EDGACK,"However, Senator Helms went on to warn the Council that any UN attempt to impose its presumed authority on America would lead to the state's eventual withdrawal from the organization."
ID_WBCUAJ,It will be followed by a ship belonging to the international environmental group Greenpeace.
ID_FEQPYU,"As part of that reform, the hospital's management structure is being reviewed."
ID_QHFSFR,It's very difficult to gauge that because this bill is contingent on NAFTA taking place.
ID_IYQJTT,The Caribbean has been put on alert for the possible introduction of the deadly West Nile virus.
ID_NAQRHU,"Mr. Manley, in condemning it, called on CARICOM to review Suriname's observer status."
ID_OXSXWU,I'm Ken Richards and this is BBC Caribbean Report.
ID_APQFGO,"Could Barclays and CIBC, the region's biggest bank, become one entity?"
ID_IVSKRJ,He made the announcement in the presence of PNC emissary Dr. Cedric Grant and the PPP counterpart Roger Lunchen.
ID_NSBIJW,I'm Debbie Ransom and this is BBC Caribbean Report.
ID_PDHJSD,and carnival revelers parade in three Caribbean countries.
ID_PSSCBM,And Dr. Ralph Gonzales says the reported Libyan offer to buy Eastern Caribbean bananas is not a serious one.
ID_KXGWIT,Is it still copying Britain or U.S.?
ID_JHCAOW,"There was a young girl, Roseline Vaval, eleven years old, studying her history lesson on the front porch, and two shots penetrated her chest, and she is now in the morgue in Petit-Gouave."
ID_XYBIBT,"And there must be a regional debate in the communities right through the next cricket season, out of which the people will speak, and we will gather what they have said and put it into some kind of format."
ID_QLCMAH,It is an invitation which I don't think will have any...
ID_FNFPUR,"As Minister of External Affairs and International Trade, I feel that that is not good enough."
ID_EBZNYN,"Officials say no one died, but the hurricane caused serious damage to crops."
ID_ERRCVN,A proposal for American troops to pull out of Haiti.
ID_KVGZQL,"Now there are some regional governments which say they've been bullied by bigger and richer nations into swallowing this medicine to clean up the act, so to speak."
ID_FXVTKK,This low attendance points at a great lack of interest in the coming election.
ID_HUKDHD,"Its tourism weakens in Kitts, and although this Twin Island nation has only forty-five thousand residents,"
ID_GNWKNH,Lucian leader Kenny Anthony speaking this evening to Caribbean nationals in London.
ID_VAPIRX,"Well, the cost of a ship has got to be amortized whether geese buys it outright, whether geese..."
ID_NGFVFG,"We have about twenty-three percent unemployment at the moment, which is just the official figure, and there has been talk so far about loans for small businesses and strengthening the capital works program to provide jobs for the large ranks of the unemployed, but so far the economic measures and the medicine, so to speak, has not been dished out as yet."
ID_TBEWJX,That appeared to be a thinly-veiled criticism of new moves by the United States to tighten the thirty-year embargo against Cuba.
ID_ATMRSO,"From London, BBC Caribbean Report."
ID_GEDVYT,That question was being asked by everyone when the fireworks came to an end.
ID_ESCOBW,And Barbadians were reminded by radio announcers of the rules to be followed on Election Day.
ID_RWNMCB,And Jamaica's opposition defends its decision to halt cooperation with the government.
ID_DKDDOO,He claims the real reason for the charges has to do with the role of Mr. Bautizet in the decolonization of Suriname.
ID_DHUELJ,I'm Mike Jarvis and this is BBC Caribbean Report.
ID_ZGSSXG,"Well, earlier today I spoke to Mr. Poorie during a break in one of his several meetings in Williamstadt."
ID_NKTKCL,The Grenadian people are the ones that must have the final say in terms of whether they must be set free or not.
ID_HYCBOY,"At a rally after the poll, Quebec's Prime Minister Jacques Parizet blamed the vote by the province's immigrant community."
ID_KAZJSE,and a large proportion of the tourists who visit Barbados come from the United Kingdom and Europe.
ID_PDJLEJ,There is no question but that the Bank of Jamaica system has not worked as it was intended to work.
ID_CTWILM,"Far-reaching reforms plan to tackle racism in Britain, but the mother of a murdered black teenager remains fearful."
ID_KTOPFF,The United States has warned the government of the Bahamas that it's running the risk of being placed on an international blacklist of countries that are not trying hard enough to control drug trafficking.
ID_AVUZAV,"When their bodies washed up on our shores, we were offended."
ID_FSFYCP,"you know, coming together, rallying and unifying around a goal such as the one that caused the United States to get out of Vieques."
ID_DLUSYQ,The government is planning to formally offer the country's nine thousand sugar workers a voluntary separation package next week.
ID_MBHJPV,with the level of the increase in respect of wages and other direct monetary items.
ID_YMGHEB,Dr Simon Young is the current director of Montserrat's volcano observatory.
ID_LHLYGT,"The court ruled that Bountasay, who staged two military coups in Suriname..."
ID_QTNXMI,"The companies responded to an appeal from Cuba to buy wheat, corn, soy and rice at cost after Hurricane Michel caused widespread crop damage."
ID_GOWJOI,"In the course of their march, the protesters stood for several minutes outside the office of the president, chanting and singing."
ID_EJANUJ,That's a question I put to Mr. Cross earlier today.
ID_NDLEFO,And neighbours Haiti and the Dominican Republic are trying to resolve their differences.
ID_BYQMID,"Virgin Islanders are Americans full stop, he argues, explaining that even the Dominican Republic community in Washington Heights, for example,"
ID_NVQUVF,The government considers changes to its controversial economic citizenship program.
ID_RXKYLI,"The cut has been proposed as part of an IMF structural adjustment programme and the Prime Minister has indicated that without it, a devaluation of the Barbados dollar would become inevitable."
ID_FKWMZE,And that inconsistency really does need to be clarified if the dispute settlement system is going to work properly.
ID_MJYPZO,EU documents to be handed over to a WTO disputes panel are expected to counter a charge that European Union controls on imports of bananas are contrary to WTO rules.
ID_IWNWWZ,More bomb explosions in South Africa on the eve of the first multiracial elections will go live to Johannesburg.
ID_OHXTBX,"The placard-bearing protesters, gathered under the banner of the opposition alliance, the Patriotic Coalition for Democracy, demonstrated outside the Pegasus Hotel in Georgetown."
ID_CPDLPO,The programme apparently makes identifying potential hassle victims a lot easier.
ID_AAZTZG,Tony Fraser has been getting reaction to the judgment at a conference of justice ministers being held in Port of Spain.
ID_YCFCQF,"As Greenpeace raises another nuclear shipment alert, findings linking nuclear factory to high levels of leukemia."
ID_OWANPW,I'm not yet sure that all the registration is in order.
ID_NPLLXX,The most important Japanese business mission to Cuba since President Fidel Castro came to power has begun its first full day on the island.
ID_KDHPHV,"Immediately after the judgment was announced, the prosecution gave notice that it will file grounds of appeal tomorrow."
ID_LYLYRK,Numerous OAS missions have failed to bridge the gap between President Jean-Bertrand Aristide and his opponents.
ID_FOMDUK,reason or without evidence that they are legally authorized to do so.
ID_ALAUCH,"The committee's report shows that once again, the two main political parties have failed to reach agreement on some crucial matters."
ID_UCTBSW,We are happy to see so many familiar faces.
ID_GPUZYY,"Well, we have fourteen corporations at stake, sorry, fourteen local bodies to rule."
ID_VZKYCU,Winfo made its appeal on behalf of the thousands of Eastern Caribbean banana farmers in a full-page advertisement in a British newspaper.
ID_NUDMTB,I'm Ken Richards and this is BBC Caribbean Report.
ID_CFCOUW,An eminent lawyer explains why CARICOM shouldn't rush a Caribbean court of justice.
ID_MOJUIF,We find that most of the Jamaicans are in here illegally anyway.
ID_MBEURV,"In the international world, you don't have an international government that can order people to pay subsidies so that the poor countries, like Guyana, can gradually increase their infrastructure."
ID_XFIIOT,"Tony, what can you tell us about this latest development?"
ID_GWFKZB,The Caribbean Economic Conference schedule for next month has been postponed due to the poor response of most participants.
ID_ZYXLPK,"This afternoon the talks were still in session, but earlier I asked opposition leader Manning about the nature of the arrangement his PNM is seeking with the Ramesh Maharaj-led group."
ID_IKLKXG,"So that whole wind of change that we've been talking about and that we've been seeing blowing through Eastern Europe, it continues to blow hard."
ID_JRROQJ,This report from Clifford Smith in Brussels.
ID_SXETQP,"Sir Sridhar Trampho, Caribbean ministers responsible for trade and development began a two-day meeting in Georgetown today."
ID_FORHYI,I'm Oren Gordon and this is BBC Caribbean Report.
ID_FCGRVJ,"Five days after the event in Santo Domingo, Jean-Michel Carrois says it is unlikely that a winner will be announced before the end of this week or early next week."
ID_JYOXHP,The British government sprang a surprise today when it included Jamaica among a list of countries from which no asylum applications will be accepted.
ID_ZBAPNF,Does this put pressure on Haiti's remaining donors in Canada and the Caribbean to give more help?
ID_IAEITW,They want his death penalty commuted to life imprisonment and have argued that Lewis' fundamental human rights have been breached.
ID_XTPBMW,"institutions have come as a result of O'Brien Barton, Green Britain."
ID_DKODDS,CARICOM leaders urge to attempt to meet the challenges of the twenty-first century.
ID_RAUHRI,or they will suffer the consequences of a strengthened worldwide embargo.
ID_VYCCWI,and now that the elections are behind me.
ID_ELGOVJ,One of the members of the three-man panel of appeal justices was not in Grenada in time for the start of the hearing.
ID_YTPJBQ,And I have been proud to be a member of a church that seemed to be saying no to that process in very significant ways.
ID_HMSZKM,"Yes, that might be, that there is a possibility for that to happen, because once you're familiar with trading, you understand the rigors of it, and you understand what happens when orders are placed electronically, because the traders have very little control over what happens when..."
ID_ZKWIVG,and she said most of the donations were tied to specific social projects.
ID_GJJLRH,The region had agreed to do so on the provisio that the OECD apply the same rules to its members.
ID_VGPXUL,Europe has won a minor battle in the struggle to balance its duty to the World Trade Organization and its responsibility to Caribbean and other banana-producing states under the Lomé Convention.
ID_SMQFQN,"From London, BBC Caribbean Report."
ID_DCFNPG,All eyes are now on the parties forming the new coalition to see which issues will take center stage in the new Netherlands-Antilles central government.
ID_OHIWQV,Antiguan Prime Minister Lester Bird was in Cabinet today and not immediately available to shed further light on his decision to dismiss two of his ministers.
ID_BMBJCW,Challenges ahead for Tobago's newly elected assembly and Karikom states keeping close watch on the UN Secretary General issue.
ID_WTUQKR,would have revoked the appointment of the two tobago senators and appointed two others so that the government would maintain its majority in the senate today but that did not happen president robinson postponed a meeting with prime minister pandey to talk about the matter understanding that it would not have a majority leader of government business in the senate wade mark asked the president of the senate for an adjournment to today's sitting outlining his reasons the fact that his excellency
ID_RLIXQL,citing claims of corruption and favouritism to Friends and party supporters.
ID_BKEJKE,"The financial crisis of the Netherlands until it is demanding, let's say, action."
ID_MDTXSV,"Yesterday, Mr. Pandey fired his Attorney General, Ramesh Maharaj."
ID_OXWQJP,But the CTO members stand firm.
ID_WGZNNG,suspicions that it was politically motivated.
ID_TWQMZZ,I'm Hugh Crosskill and this is BBC Caribbean Report.
ID_RLVSLO,"Organizers of a track meet there say they'll let her compete despite pressure from the world governing body, the IAAF, and from within Germany itself."
ID_MGNKAB,vastly improved the lot of the average Cuban.
ID_EQWEKF,"With winds nearing one hundred and fifty-five miles an hour, Floyd is expected to reach the northwest and central Bahamas within twenty-four hours."
ID_YCLVKX,"Mr. Rangel said instead of offering the Haitians help and a safe haven, the U.S."
ID_IHIMWF,"The policeman was stabbed to death in broad daylight in the heart of the capital, St."
ID_JLMZJY,The Greenpeace official has advised against the use of asbestos material in buildings in the region and the Trinidad's newest weekly searching for press freedom.
ID_EQJVNB,"military, Rodriguez was appointed by the incoming Unity Liberal Party administration following months of unrest which dogged the prisons during the final days of the New Democratic Party administration."
ID_GUSWVU,The company which has the monopoly in the telephone industry in Guyana did not say by how much its own income would be lowered if the new rate was introduced.
ID_XOWKNV,"Soldiers from Jamaica's Defence Force were in the Bahamas today, helping with cleaning up work following Hurricane Andrew."
ID_SAMDFR,This former Dutch colony can expect some two hundred million Dutch guilders a year over the next six years.
ID_UYTJPL,I'm Ken Richards and this is BBC Caribbean Report.
ID_EJWCPK,"In the interim, before the building is actually built and the site is actually found, one does not see why a court cannot operate, probably in temporary facilities, until the construction is fully erected."
ID_MUZCKG,I was very anxious that the talk should be received.
ID_JJQKLP,And Minister Ba says the government is not at this time in the position to dictate to the airlines.
ID_KLWJUO,Your advice for the people of Trinidad and Tobago and the Grenadines?
ID_MOCPGE,I asked him if fifteen months are enough for the EU to consider something as complicated as the banana regime.
ID_PBBGHS,"Within an hour, almost all schools, government offices, and business places in central Georgetown had closed their doors, and employees headed for their homes or places where they felt they would be safe."
ID_KNYUQH,The Commonwealth observer group will come and do an honest and completely impartial job in observing the conduct of elections in Guyana.
ID_ZWQXKM,He said this could have serious economic repercussions.
ID_YMCLXQ,but a docker strike in effect today might further delay the expected delivery.
ID_GTAHUX,That could only be achieved by the reinstallation of deposed President Jean-Bertrand Aristide.
ID_MELQYY,The new leader of Antigua's opposition UNDP looks forward to a by-election for the late Education Minister's seat.
ID_GTKEUW,Cuban officials reject allegations that their nuclear power plants are being built with faulty components.
ID_YLOEYL,"Lucia, citing the increased head tax agreed by the CTO as one of its reasons."
ID_XKKZIB,but the EEC has said this question is a purely ACP matter and no decision is expected.
ID_PYCZVY,"After all, they've been engaging with the United States government on a variety of issues, from bananas to drug trafficking."
ID_QMSMDW,The Haitians in Texas are totally isolated.
ID_BLQZKY,"in the case of, say, in Europe and so on, where there was..."
ID_WNOHMC,Fidel Castro says Cuba's sugar industry and construction workers have filled the revolution.
ID_YZZWMO,American Secretary of State Madeleine Albright will begin a three-day visit to the Caribbean tomorrow.
ID_ZPIVWG,The assessment teams represent the first input of financial aid.
ID_MMWZFL,Speculation mounts in Barbados that Prime Minister Sandiford will go for a December election.
ID_CTBJZO,Political talks in Trinidad and Tobago collapse and the parties now appear to be on an election footing.
ID_SQHCBZ,I'm Mike Jarvis and this is BBC Caribbean Report.
ID_BUXENG,Europe hits out at American threats to its banana regime.
ID_KCRHMS,"We are willing to sit down and discuss, as we have done elsewhere in the Caribbean."
ID_IXNKUY,Opposition leader Patrick Manning says he has been too deeply involved in the politics.
ID_WYCDLK,"Our reporter Tony Fraser caught up with the chairman of the meeting, the St."
ID_SLEUUC,"From London, BBC Caribbean Report."
ID_ITHGXE,Lucia that the move would divide the Windward Islands.
ID_MBQXXX,It seeks to ensure that the benefits to the region under the CBI are not eroded under NAFTA.
ID_VYXZKH,"In making the announcement, the public service minister said the job cuts were a painful but necessary exercise."
ID_JDUPQD,And a British political leader says racism is endemic in the society.
ID_AOQSYH,Taiwan's dollar diplomacy in the Caribbean continues and Jamaica celebrates Emancipation Day for the first time in thirty-five years.
ID_BQPEUI,A judicial ruling in Jamaica today favoured government moves to hang death row prisoner Neville Lewis.
ID_VILBVS,"When you look at the figures of the last election in particular, and considering that the Freedom Party and the Dominica Labour Party combined got about two-thirds of the votes, any sort of combination, accommodation, coalition would have caused a certain amount of nervousness among the camp of the United Workers Party government."
ID_JMVYIZ,"The Welsh copper resisted, saying the island's wildlife sanctuary had to be preserved."
ID_RVUUSS,"Yes, they speak every day, and he also tells the father that he doesn't want to go back and that he wants the father to come."
ID_PSFLGR,is a message really than anything else.
ID_WKEAJF,It would be changing family values in Guyana.
ID_OEXHFG,"This could go on for maybe five years more, and that would be, in terms of the people of Montserrat, the worst type of scenario."
ID_XVJBET,Progress reported in St Kitts and Nevis Unity Talks following CARICOM ministerial visit.
ID_PBRDZN,"But I hear, therefore, a government of national unity in the way of dancing."
ID_MURHBB,"From London, BBC Caribbean Report."
ID_MNTGYU,I'm Oren Gordon and this is BBC Caribbean Report.
ID_GOTXZZ,"They are awaiting the test results of two suspected cases, but have said there are no official cases on the island."
ID_KCPTKX,I am Keith Stonegraves and this is BBC Caribbean Report.
ID_JILAWB,The Cuban government has been the most faithful ally of the Sandinista government in Nicaragua.
ID_WUMRJX,which accuses Washington of being totally insensitive to the damage that lower prices could cost to windward's economies.
ID_MMMGQC,We have historically kept a significant number of Coast Guard forces in the Caribbean.
ID_HEOUOW,Well that's it for this edition of BBC Caribbean Report.
ID_MBMAMB,The Category One hurricane is packing eighty mile an hour winds and is making its way very slowly through the island chain.
ID_YEKLGM,I'm Emma Joseph and this is BBC Caribbean Report.
ID_MICSSQ,"Unless we devolve authority to somebody to manage the process, the single market and economy will not be implemented."
ID_JHNQWA,We have no representation from Washington on this.
ID_SUMZDN,"Despite vowing further protest action today, residents of the Ghanese community of Kharivatan stayed off the streets."
ID_UKSHTK,Questions raised about the presence of St Vincent's opposition leader at a crucial banana meeting in St Lucia.
ID_DQFZOM,"Before we go, here are the top stories making BBC Caribbean Report."
ID_FRTLTU,"We had about three hundred school children dressed up in the national way of Dominica, parading through the streets of the capital."
ID_PWQHBY,"So in a way, it is a very comprehensive questionnaire that will be sent out to member states, and the results undoubtedly, we think, will have an impact much like we intend it to have."
ID_IFEZOD,Anguillons going to the pools on the fourth of March.
ID_ZXIHZJ,"And the army has promised so many times, so many times, and we still have no security."
ID_XMCIVP,Scientists say the volcano is easing up and Puerto Rico's drug trafficking links come under scrutiny.
ID_GTLXGM,"And when we do not take ourselves seriously in international negotiations and then we get hurt, we have ourselves to blame."
ID_SNDXOJ,this is creating problems for the
ID_FNXMMR,Reporter Michael Norton described what happened today.
ID_XZYHEM,that the Ghana government has totally liberalized its foreign exchange market.
ID_KZLSDS,"So if the Prime Minister, Dr Douglas, was to say to you, these are my proposals for improving the relationship between the two islands, would you then say that there is no need for secession?"
ID_CHPBSF,"So Tony, any sense of radical reform coming as a result of the meeting?"
ID_XUXOBG,His coalition administration with Victor Banks' Anguilla Democratic Party began to fall apart last May when Mr Banks resigned as finance minister because of difficulty with the chief minister's leadership style.
ID_USEPPJ,"Robinson made no direct reference to the impasse, which was caused by his refusal to act on the advice of the Prime Minister, as the Constitution says he must, and fire two Tobago Senators."
ID_UEIZNT,"Tony Frazen, Port of Spain for BBC Caribbean Report."
ID_ALMGNZ,"A decision was expected by today, but as the evening progressed, that likelihood receded."
ID_QYZGPA,and my own personal view is that fallback position is the eighth.
ID_BVXEWA,"They say the measures, meant as curbs on illegal immigration, could discriminate against those there legally."
ID_OCBXIM,And already there is an indication that a united front may not be so easy to achieve.
ID_IFFXFH,CARICOM Chairman Kenny Anthony has wrapped up his talks in Guyana with the leaders of the two main political parties.
ID_HGHDOK,To what extent now that given Chiquita's own role in combating the position of the Caribbean ACP group for preferential treatment on the European market.
ID_XUTSZD,Volcanologist Alan Smith says the cycle of eruptions is bad for Montserrat.
ID_YNKKGO,A health ministry statement explains that continuous monitoring of the situation shows that a health threat to human and aquatic life from cyanide poisoning do not exist any longer.
ID_DYNSNN,who are fearful about the effect that an American airline strike will have on their tourism sector.
ID_WOXBSU,"And because we are understanding that the World Bank, though it has provided the"
ID_DKVGTJ,None of us want to protect drug dealers or money launderers.
ID_BMZYOV,"We gave that report to the British, but up to now they haven't come forward with any funds or any real commitment."
ID_CXKDWE,The report has been timed to be released during the summit on Friday when foreign ministers meet.
ID_UJMBXI,"And in addition to that, they said that they have sufficient money to pay them for next week, weekend on the fourteenth."
ID_FGNZHF,John Wiedenbosch is also the head of the Manufacturers Association.
ID_NTTWNE,I think we now are of one accord and we're prepared to go ahead and give Bermudians the government they elected and the government they deserve.
ID_HDRIZI,"At the time that his visit to Trinidad and Tobago was being finalized, the President and Prime Minister were locked in a constitutional disagreement."
ID_RFGJHK,"At the end of the meeting, Acting President Sam Hanks proposed the immediate reopening of discussions between the government and the union, which called it the strike."
ID_XQHTFE,"Trinidad and Tobago pays tribute to their former Prime Minister George Chambers, who died today."
ID_HLHKZT,There'll be a Caribbean contingent if the UN sends a police force to Haiti.
ID_NPRGZB,"For the latest, here's Malcolm Brabant in Miami."
ID_ITQEAT,"But it's an election year, and poor black folks don't receive too much priority in the United States."
ID_HCONTE,provided there was a reasonably good prospect of having a satisfactory resolution of the matter in the Farm Bill later this year.
ID_ZNSRPL,"And cruise ship passengers sample Nevisian Tourism Week, but not by choice."
ID_HZMJYL,"Today, Mr. Tennessee told Sharif Khan that he would be a better candidate than Dr. Chetty Jagan, the leader of the People's Progressive Party, who has already expressed his willingness to fill the post."
ID_LDYRHM,"Port of Spain, he says, is going to be the secretariat for a regional security network."
ID_KKSHIQ,"He says the people who are living in these houses, which are supposed to be being reconstructed at the moment, are forced to sleep in the street."
ID_NGMVLK,"There are plans to end the immigration rule which forces foreign nationals to prove the integrity of the intended marriage in Britain and the reggae industry mourns the death of Tony Johnson, the man behind the making of Sunsplash."
ID_IKPKJJ,"A strong police presence today, however, allowed for some surveying work to be done, as Grenadian journalist Michael Bascom explained from the protest site in Petit Martinique this afternoon."
ID_NEVNCP,"Congressional passage of Helmsburton a year ago sparked international outrage, especially in Europe and Canada, where some companies have invested heavily in Cuba."
ID_GLIECU,senior party officials admit that there is a perception problem still in the public's mind that the JLP is divided and cannot manage its affairs.
ID_FMGYQA,"produced the bodies of ten more Haitians, seven men and three"
ID_WUJLLX,"So for the improvements that you say that the government has delivered, are the Dominican voters going to reward them for that?"
ID_VWFTYT,"giving me, in fact, specific instructions to do so."
ID_PIDTYJ,The two parties hold twelve seats between them.
ID_ZHREMK,We believe that they will probably become more complex with the approach of the new millennium.
ID_DWBWGK,The opposition parties all maintain that date should be pushed back to ensure that a clean voters list can be prepared.
ID_FPGXJC,"It's a difficult charge to lay against Raquel Rodriguez, whose daughter, Elian's mother, died in the shipwreck that the boy survived."
ID_GPFVUA,"Two days after the attacks on the World Trade Center in New York, the city's mayor says four thousand seven hundred and sixty-three people who worked in and around the buildings are unaccounted for."
ID_YZDCCO,Or they can do that any time up to nine p.m.
ID_DLUNHG,A number of new developments have occurred at the Paradise Island trial in the Bahamas.
ID_OQLALU,They say that further trade moves would damage the environment and deepen poverty in the developing world.
ID_SWCSGJ,towards integrating disaster mitigation into the development process.
ID_YFMPUL,And the danger in having someone other than the Queen be the symbolic head to represent.
ID_QUNELW,"The World Trade Organization has upheld their challenge, ordering the EU to change the import arrangement that guarantees windward farmers higher prices."
ID_ODZGEQ,"But for the future, in a new global society, all of us must have a global focus on foreign affairs."
ID_WPNVDX,"As a journalist, I understand the principle that he is talking about, but what's the purpose of holding back on the letter?"
ID_VZTHYB,"Now, West Indies cricket has plunged to a barely credible level."
ID_GKSSKY,"The cabinet has taken definite shape, once was told BBC Caribbean report."
ID_HYCCUN,A regional elections expert gives his verdict on Guyana's voters' list.
ID_FATINM,European debate on Caribbean bananas put off until next week.
ID_XYUROM,"More on that in a moment, but first we go to Sharif Khan in Georgetown for a report on President Hoyt's announcement of a December sixteenth election date."
ID_YSCDSJ,And the clock winds down on a divided United Nations conference on racism.
ID_YSDKTC,But how is the latest unrest in Jamaica likely to impact on the island's crucial tourism sector?
ID_WAROEA,I'm Jessica Robertson saying goodbye from London.
ID_OILTXT,"The Ministry of Health is reporting that at the major hospitals in Port Espain, San Fernando and the Eric Williams Medical Sciences Complex, doctors won the awards this morning."
ID_XCONSY,"The first edition of Caribbean Report was broadcast on the fourth of July, nineteen eighty-eight."
ID_MCRKYR,between Libya and those other countries which may not yet have re-established relations with Libya.
ID_XHVVPE,Sharif Khan reports from Georgetown that the Canadian government has apparently warned Guyana that it faces serious consequences if the poll is fraudulent.
ID_BWLQYS,"On Wednesday, Cubans go to the polls to elect five hundred and eighty-nine members of the National Assembly, the Cuban Parliament."
ID_DBASML,"From London, BBC Caribbean Report."
ID_XFNYEY,"From London, BBC Caribbean Report."
ID_VQAKAY,Baroness Scotland said in a letter that the British government would be prepared to take action to ensure fresh elections had Chief Minister Hughes and the Speaker opted not to follow her recommendation.
ID_KXJVVZ,Virgin Atlantic is offering to buy part of BWI.
ID_FYLNRJ,And Richie Richardson scores his first test hundred in England as the West Indies tighten their grip on the fourth test.
ID_BGYJKX,"It could mean, or people could take it to mean, if it went through, that..."
ID_ECRCTT,It was also a time when most children were just about leaving school for home.
ID_JMPGCQ,Parliament broke for recess early in the afternoon.
ID_VGBEVF,"The call was made in the Chamber's monthly publication, Business Expression."
ID_EQSPDR,and why blacks and other ethnic minorities in Britain are not keen on joining the police service.
ID_GWBZKG,The US Coast Guard launches a major operation to intercept Haitian Bo people.
ID_XUNHJX,Caribbean community information ministers won't release their recommendations until next week's midterm summit of leaders in Belize.
ID_PWUGRT,"Dr. Bartholomew, who is himself conducting trials on an AIDS vaccine, is astonished that the results were so, were described as disappointing."
ID_BIRQQR,that you can get legislation that is going to be beneficial to the Caribbean community.
ID_YNPCII,They have complained that the EU's import policy favors the African Caribbean Pacific group of countries while restricting banana exports from other countries.
ID_WPSZTD,"The opposition says that to date, not a cent of these loans has been repaid."
ID_GRAURJ,"Last week, President Hoyt met with Suriname's interim president, Johan Craig."
ID_OEOPHE,I'm Ben Mead and this is BBC Caribbean Report.
ID_SPTPZL,People who are in that kind of situation may be subject to abuse from people who will not want them to turn witness for the state.
ID_BFLHNV,"Well, I think there's an awful lot of lip service being given to that end."
ID_XQBJPR,that the Antigua Labour Party is now a spent force.
ID_RTRAKB,"an air of excitement and activity in Kingston, Jamaica today, as it prepares for the visit of Mr Nelson Mandela and his wife Winnie."
ID_JYRLUC,"In most of the countries throughout the Caribbean, the domestic rates are subsidized by earnings from international."
ID_RKYOBS,"Congressman Owens has held the eleventh congressional seat in Brooklyn, home of the Caribbean's largest expatriate community since the nineteen eighties, when Barbadian Shirley Chisholm, the first black woman to be elected to the House of Representatives, retired from the political arena."
ID_QVNJXN,"We have to reverse the decline, particularly if the form of regional integration is to work."
ID_LEKPYA,"No flights, but we are exploring very vigorously alternative arrangements to deliver the passengers who had already booked for the dates following May the thirtieth."
ID_QUGYCZ,"Although I studied education, although I went to the University of the West Indies Mass Effect, I am very distressed to know that seventy-four point six percent of the women are the graduates."
ID_TZQFUU,Trinidad's presidential prime ministerial impasse remains unresolved and voter registration problems in Haiti.
ID_DFKCIH,"Mr. Bond and three other opposition activists, known as a group of four, were jailed in"
ID_LXICIX,"Barbadians are prepared to march in rain, in thunder, or in lightning for their rights."
ID_BFXVFZ,"more and more taking it seriously, and that's pretty much the way it is."
ID_LSWDLK,That's one reason being advanced on why there was hostility to the proposed new Prime Minister.
ID_CPMBRO,I asked Sir Ellis if Mr Robinson was right to act as he did.
ID_GXRRRD,Absolutely no way I can give you now information on individual jurisdictions.
ID_PZYTMT,The precedent was set in Cuba this week when some of the visiting heads of state who attended the Ibero-American summit were able to meet with dissidents in Havana.
ID_LMAJRT,Karicum chairman scheduled to visit Guyana for talks with political leaders.
ID_TVCRJP,"One would never recognise that that was the West Indies cricket team, the best team in the world."
ID_TBJURI,Britain is threatening retaliatory measures against the United States to protest the American Helms-Burton legislation.
ID_YEUMDX,"So the United States was extremely well disposed to Upril, and only very recently, in the last few hours, decided to turn against him."
ID_CYSQLG,I am Keith Stonegraves and this is BBC Caribbean Report.
ID_XCMPWR,"Embassy spokesman in Port-au-Prince says it's up to Haitians themselves to go out and vote for democracy, ACP officials to discuss CARICOM's banana proposal in Brussels, and a student is killed and three seriously injured as demonstrators and police clash in the Dominican Republic."
ID_AGLBDQ,"and secondly, that the executions of the nine men would violate the"
ID_AWDLWV,The police have confirmed over thirty murders in the last twelve days and just under five hundred so far this year.
ID_TRROZM,I'm Bertram Niles and this is BBC Caribbean Report.
ID_UAEFHN,"That revised list today became public knowledge after a meeting of the FATF, which is closely linked with the Organization for Economic Cooperation and Development."
ID_EKUTFM,It comes after dissatisfied teachers' union representatives refused to turn up for a meeting with the Prime Minister.
ID_ZKRDDP,But I'm saying those issues have to be looked at because they're critical to us.
ID_DIBEQS,"the Erskine-Sandivet administration, the early fall of the administration."
ID_PYAGGL,"Glenn Jackson is a talk show host who is also the General Secretary of the Public Service Union, one of the unions organizing the protests."
ID_LVJTYU,"From London, BBC Caribbean Report."
ID_FFVNCU,Can the country afford the expenses involved?
ID_BDOMSW,"Guy's chief executive, David Sugden, today went out of his way to stress the company's commitment to the Wynwood Islands."
ID_TRNRID,"And it shouldn't be taken as a reason not to do the deal, but it should be a deal that's done with fully eyes open to what else could be possible in the international economy."
ID_YPFTRE,African Caribbean Pacific banana producing states see as disappointing the European Commission decision to push up the tariff quota for banana imports to third countries to two point five million tons.
ID_NFUFPQ,The minister was however at a cabinet meeting in Chile and then had to be taken to police headquarters.
ID_NYKJJC,"The capital city of Haiti, Port-au-Prince, is alive with rumours that military strongman General Prosper Avril is on the verge of stepping down as president."
ID_UOOCEP,and scores of carnival revelers get ready to party.
ID_NWJLHX,"From London, BBC Caribbean Report."
ID_CMNWOJ,Haiti has agreed on certain terms and conditions of membership with the rest of Caricom.
ID_RTJQMU,"The fuel ran short last week, curtailing regular flights by private aircraft into the country's sprawling hinterland."
ID_FTWUWI,"As local police clamped down on theft from shops in the wake of the hurricane, some people have now turned to looting damaged homes."
ID_UEHJPS,"And the chairman of Geist Industries West Indies, William Rapier, this evening said the talks had simply been aimed at achieving a three-year rolling agreement with Winban."
ID_ONEDES,"per day, about the lowest in Latin America and the Caribbean."
ID_FEQZHN,"The Caribbean team, though, ended fourth behind Australia's second and New Zealand third."
ID_GSYOEK,And Mr. Sejong is confident that he will be back in Parliament.
ID_FANYJC,Wynwood Island's Prime Minister is meeting in St.
ID_PVSKCT,So one has to assume that his motivation here...
ID_OGDSJJ,The report by the International Narcotics Control Board makes for grim reading.
ID_VGRJAG,"Vincent and the Grenadines, Dominica and St."
ID_NXVMFW,The observation was made by CARICOM Secretary General Edwin Carrington.
ID_FUOZPY,But the human rights group Caribbean Rights intervened with a last-minute constitutional motion on the condemned man's behalf.
ID_PNKGML,"Chris, most of Eastern European's communist dictatorships held on to power by intimidating their people."
ID_KKPUMH,I'm Oren Gordon and this is BBC Caribbean Report.
ID_SDUKPP,The question of color has more to do with market.
ID_NECSIN,"By two o'clock this afternoon, Tropical Storm Chantal's location was put at two hundred and ten miles east of Barbados."
ID_FLXXAC,"But first, the BBC's Jonathan Marcus reports that the crisis in the Balkans presents perhaps the greatest test yet for President Clinton's foreign policy."
ID_EKFGAT,I am not suggesting that there must not be political dissent.
ID_DLMKAN,"Technically she can run, but her participation highlights a grey area for athletes who've tested positive, but who've not had an IAAF pronouncement on their innocence or guilt."
ID_ECAREM,And those advisories given was the purpose of reducing tourism competition in the region.
ID_GTIQLB,"Chief Executive of British Airways, Robert Taling."
ID_BSROQK,"I put that question to Francis Joseph, senior court reporter for the Trinidad Guardian newspaper."
ID_PZJNHT,It is still not known who was behind what appears to be a series of demonstrations mainly centered in the corporate area of Kingston and St.
ID_SKYXWO,The region's electronic media criticised by one CARICOM leader and a part of Spain plan to resolve the Brian Lara controversy.
ID_JHNMQC,its access into larger markets.
ID_YNJGYP,"The London-based group pushing for the abolition of the death penalty in the region, Caribbean Justice, has condemned the execution."
ID_RUGANS,"From London, BBC Caribbean Report."
ID_GPOEBP,The Commission's life expires on Saturday.
ID_YPOZIP,"Whatever the case, the exiles have accused the women of being pawns of Fidel Castro."
ID_XNVIGK,"Since then, two devaluations and inflation are making mincemeat out of the working people's living standards."
ID_ZDYHED,St Martin's Tourism Commissioner apologises for unsavoury remarks by his predecessor about two other islands.
ID_BPAPHG,"And you would see in the next few days, in the next few weeks, coming out from the Bahamas and other Caribbean..."
ID_JMAGNE,"Well, most Caribbean states are represented."
ID_DQGGTR,"Besides a short stopover as a naval officer many years ago, his only previous visit to the Commonwealth Caribbean was in nineteen sixty-nine."
ID_SOCWWM,We have been robust and persistent in our defense of the European Union banana regime and will continue to be so.
ID_SRZWGG,Europe has cancelled its electoral aid.
ID_TURJRG,Guyana's main opposition party to boycott for a sitting of Parliament.
ID_DXWSJD,I'm Oren Gordon and this is BBC Caribbean Report.
ID_QQENYV,I'm Oren Gordon and this is BBC Caribbean Report.
ID_NHPSHX,"Throughout the day, Jose has been dumping showers on a number of islands throughout the Lesser Antilles."
ID_PVCOKU,I'm Hugh Crosskill and this is BBC Caribbean Report.
ID_PGGHYF,"We'll be going to Hamilton in a short while, but first to Debbie Nash in Nassau to hear how the Bahamian prison authorities have fared during the Higgs inquest."
ID_PZXAET,"Not so far, not in specific terms."
ID_GQGOOK,"From London, BBC Caribbean Report."
ID_MMFEVA,"But for the rest, it was business as usual, business as usual around the country, with a very slight perturbation of traffic between towns."
ID_SHJVLC,And Murray throws it and he's outstumped! He is out!
ID_PZIXXS,"These days, a slogan has been crossing the country."
ID_ASCKWE,It wasn't until mid-afternoon that representatives got into the real business of the meeting with a discussion of the draft charter of a civil society for CARICOM.
ID_LMSKWL,And I just hope now that both sides of the dispute could get together and consolidate the position.
ID_HCRTWQ,"From London, BBC Caribbean Report."
ID_EULCID,"We passed several pieces of legislation, all aimed generally with ensuring that there is..."
ID_SMYVVX,"According to Sir Alistair, the decision to terminate the contract of the men comes after recommendations of the board were put before Finance Minister Hugh Small."
ID_VIWOKB,"Reciprocal trade with Canada, CARICOM examines what the islands have to offer, why there's worry in union circles that teachers could head for more lucrative jobs in the US and Britain, and Mark Waugh criticised for snubbing an inquiry into match-fixing."
ID_SKCEGV,"And in that sense, our national policy has been a total and abysmal failure."
ID_TDNPNQ,"In Haiti, a police corporal has been arrested in connection with Saturday's murder of Rene Theodore's bodyguard."
ID_FGGNEM,there wasn't as badly hit as probably other areas.
ID_RXLMXD,UHO says the current situation is far worse than that presented in the official statistics.
ID_OCYJYU,I think that Mr. Caputo and the Americans will try to do everything possible to avoid that.
ID_MNLPYC,Spain breaks with Cuba and recognizes exiles in opposition.
ID_ZYBQJU,Another clear indication of how Jamaican Prime Minister Michael Manley's new political outlook is regaining lost friends.
ID_GKOUSI,They called for Averill's resignation.
ID_NJYNLB,"Under that proposal, they would receive no pay for the time they've been off the job."
ID_DHJRXG,I'm Oren Gordon and this is BBC Caribbean Report.
ID_CTDCIU,is due to hold talks in London next week.
ID_XAZPEU,"The leaders of Britain's overseas territories have ended their two-day meeting with the new minister responsible for the region, Baroness Patricia Scotland in London."
ID_QTYDGI,"This Makut, however, seems to have signed his own death warrant."
ID_QIKXTL,"British Farm Minister John Gummer, who hammered out the original import quota last December, has warned the Netherlands and Germany that if the accord on bananas falls through, their access to EC farm funds could be in danger."
ID_JQVGCH,"From London, this is BBC Caribbean Report."
ID_APGJRN,"Antigua and Barbuda's ambassador to Washington, Lionel Hurst, says this week's veto is in keeping with the Clinton administration's congressional call for more resources to assist Caribbean nations with their development efforts."
ID_EMTKPW,Campaign funding and what those who back political parties want becomes an election issue in part of Spain and an Antiguan probe told that health funds were misdirected.
ID_FFQJEU,He has been advocating over the last few years for egalitarianism and some equity within the social and economic system in Barbados.
ID_ZQWZOT,"He sees the Commonwealth now taking into account the needs of all member countries, rather than getting bogged down in the usual high-profile political issues."
ID_ESFHYR,"From London, BBC Caribbean Report."
ID_ESXDPE,Mr Bird was the lawyer for Taffy Bufton and his wife Bunny.
ID_ICUEWA,Tension in the Florida Strait as exiles sail close to Cuba to deliver their own May Day message.
ID_IYRPPW,And we are starting immediately with the opening of the market to sell the operators.
ID_PTBGQH,So what do you get by having relations with Cuba?
ID_TVIFWM,"He's been telling BBC Caribbean Report that the police are doing an effective job in controlling the unrest in West Kingston, fuelled by shootings among rival gangs in that part of the Jamaican capital."
ID_CMGOHO,"From London, BBC Caribbean Report."
ID_VDYANR,"The adjournment followed an outburst by Dr. Fleming, the country's former ambassador to the UN, at this morning's sitting of the Commission."
ID_LBCKZN,"Dominica's Prime Minister, Dame Eugenia Charles, today wound up her European visit, aimed at lobbying commissioners who will be involved in a crucial vote on GATT negotiations in two weeks' time."
ID_NELDGQ,We were satisfied before the OECD initiative that Bermuda's financial sectors were in fact properly regulated.
ID_RVHVOZ,"But it is a fact that two senators from Tobago are there, and they are there in order to represent the interests of Tobago."
ID_KXXVCL,Jamaica condemns moves to install a new Prime Minister in Haiti.
ID_XYBEDE,"In today's edition, seven senior members of Antigua's ruling Labour Party have written to eighty-one-year-old Prime Minister Vir Bird Senior, calling on him to retire from office by Thursday."
ID_HXQWTJ,I think it is a very important decision that has been taken by the Commonwealth Persons Committee on Zimbabwe.
ID_UJLFXE,"Let me make an appearance, produce what documents I have, and speak simultaneously."
ID_BIASYJ,"The Labour Party, led by Rosie Douglas, is fielding twenty candidates, while the Dominica Freedom Party, which was voted out of office in the nineteen ninety-five general elections, is now offering twelve candidates."
ID_YLSWRJ,And they were just concerned about getting the republic they wanted.
ID_AWGEMR,but fuel consumers prefer to keep on the safe side and rather defy the long lines where they have to wait one or two hours before they can buy some gas.
ID_GBZLGU,"And you will see that Creole is very easy to spell, to read and write, because it's basically written as it is pronounced."
ID_VHSOUU,The OECD report says the impetus for future foreign investment is likely to be a combination of factors.
ID_BREFNG,Guyana's main political parties finally make their policy pitch to the voters.
ID_YSJEYK,It wastes money and is one of its fiercest critics.
ID_PPYDGM,The carto mission is due here after the registration gets on the way and will stay here until the exercise ends.
ID_JZTHLS,"Through the honor, you have bestowed honor, you have given us strength to fight ahead, even though we know that our effort will always, in the eyes of a racist world, put more fervor on the rulers of the apartheid state."
ID_DVZYPX,"When we speak of peace, we are also emphasizing the overwhelming question of our national security."
ID_ZDZREX,Solomon was sentenced to death for killing a female accountant after being pardoned for a nineteen seventy-nine murder.
ID_VVFXQB,And Trinidadians surprised as Phil Simmons is left out of the West Indies squad for the first test against Australia.
ID_GGRBVT,"From London, BBC Caribbean Report."
ID_LUUKHB,We no longer can continue to pay travel agencies nine percent when American Airlines is paying six percent.
ID_VPDAXF,I fully understand the reluctance of pilots and the concern of others about the deployment of these people on aircraft.
ID_UDIAIM,"Housing is really very, very basic and many people live in one room."
ID_AHPQNU,We also want to help our ship.
ID_UFXVFJ,I'm Jessica Robertson saying goodbye from London.
ID_DEOXWB,Their main contention is a four percent levy which they won't have.
ID_GDYQLO,And the city is still quite deserted.
ID_HBYVWX,"From London, BBC Caribbean Report."
ID_UKQBTP,"From London, BBC Caribbean Report."
ID_CPULSV,"Vincent and the Grenadines, four million, and Dominica in excess of two million."
ID_BTTOFV,"Despite this, do you see any signs of improvement in Haiti?"
ID_UPPZDQ,"The allotments gave no reasons, but ruled by the narrowest majority that all avenues for appeal had to be exhausted before the Trinidadian authorities could carry out the death penalty."
ID_IVGLSC,"Nothing is firm and fixed in Haiti, and it's true that because of that, many people doubt that there will be any elections at all before the end of the year."
ID_IRMRZP,I'm Emma Joseph and this is BBC Caribbean Report.
ID_CAETFR,"However, what is certain is that through bird migrations from North America into the Caribbean and South America, the virus can be introduced to the region."
ID_YMABPF,Countries of the Americas pass a tough new resolution against terrorism.
ID_GMXTGK,The latest bout of volcanic activity occurred just about lunchtime today.
ID_CILSGM,"The United States, together with Ecuador, Guatemala, Honduras and Mexico, are pushing for a ruling on their position that the regime favors ACP states over Latin American producers."
ID_LBFTGX,"The election has met a hostile reaction among bishops in the Caribbean, Africa and Asia, with some church leaders saying it defies scripture and tradition."
ID_QXQLKE,I'm Jessica Robertson saying goodbye from London.
ID_WPTIFX,But countries like Grenada are still reeling from the banana crisis and are trying to diversify.
ID_WOSRCL,And they have not done so with the Haitian refugees.
ID_FGBTRC,"He has not as yet even been arraigned, although in Haitian law, prisoners must be arraigned within forty-eight hours."
ID_CGULIW,The Commons debate on Montserrat comes as the British government admitted that there have been failures and mistakes in the handling of the crisis.
ID_QLOJQC,"In Grenada, the High Court orders freedom for three killers of Morris Bishop, but it's short-lived."
ID_NXFXMA,And Viv Richards comments on the Pakistan ball-tampering controversy.
ID_ALBALF,"From London, BBC Caribbean Report."
ID_HUTQUH,Dominican newspaper columnist Gordon Moreau.
ID_XXBNBA,"And as Clifford Smith reports from the Belgian capital, there are also hopes that the conference will bring about improved workers' rights and safeguards for the environment."
ID_JTOLAH,Internal and external bruises reveal sexual assault of a forcible nature.
ID_TTSISQ,A pact between Sir Eric Gehry's GULP and NNP saw the two successful GULP candidates Clarence Rapier and Michael Batiste joining the government.
ID_QPOPHZ,Should it be party policy to boycott the government or work with it?
ID_JJBTIQ,Industry officials and government leaders there are not about to throw in the towel and admit to banana fat egg.
ID_RVNPHH,I'm Oren Gordon and this is BBC Caribbean Report.
ID_SEXUMA,Dominica's cabinet was scheduled to meet today to finalize changes to the controversial economic citizenship program.
ID_JYDWZG,I very much agree with what Pat is saying.
ID_RVWXYM,in a last-ditch effort to sway those who may have remained unmoved by the political campaign and the deluge of political advertisements that have inundated the local media.
ID_OFZFOA,They want the country's members of parliament to step down.
ID_BBRBJV,I'm Ken Richards and this is BBC Caribbean Report.
ID_JHYEQM,And the Caribbean's banana proposals go to Brussels.
ID_HINBFL,The report said over a million children were either infected or affected with HIV and AIDS and other diseases.
ID_APRLZN,So we will get more and more involved in the on the ground process of the elections.
ID_IVKBKL,"In your opinion, I mean justifiably, can the Prime Minister seek to continue in office for a few more years until the next election?"
ID_UVCAUQ,"In Guyana, a strike called by several unions representing public sector workers doesn't appear to have made much of an impact."
ID_UOGDJP,"But first, this report from Gerald in Coughlin."
ID_EXRWPZ,Opposition parties in Guyana are calling on former US President Jimmy Carter to intercede in the build-up to this year's general election.
ID_BRFMMP,The electoral office has given the assurance to the JLP that it will make the corrections tonight and before tomorrow.
ID_MTJDVD,I'm Bertram Miles and this is BBC Caribbean Report.
ID_JCIJXI,The Sunday Express said its reporters had been taken to an underground laboratory where would-be terrorists claimed to be making chemical and biological weapons.
ID_DLBPNA,Is the OECS really that bad?
ID_DJZLOQ,Another blow for the Pandey administration in part of Spain.
ID_AAQITX,"The current maximum winds are about sixty miles per hour, but the tropical storm has been on a weakening trend over the last twelve to twenty-four hours and may weaken further over the next day or so."
ID_CAKIJB,Kimberly Andrew ending today's edition of BBC Caribbean Report.
ID_DQMUDW,"And in Miami, one of the Haitian opposition leaders sent into exile by General Avril in January, Mr Hubert de Ronseray, says he will return to Port-au-Prince this week."
ID_VCVTGM,I'm Ken Richards and this is BBC Caribbean Report.
ID_OMDFGD,British Prime Minister Tony Blair following today's publication of a long-awaited report into the racist murder of black teenager Stephen Lawrence in London six years ago.
ID_IKECJE,The intention is to have the president of Guyana and the minority leader once again sit around a table to talk about the difficulties.
ID_ADIWSW,"In this New Year's Day edition of BBC Caribbean Report, we look back at a few of the more memorable interviews of two thousand and one."
ID_UILKZC,"And they suggested that Chiquita tycoon Carl Lindner, one of the Democrats' top ten supporters last year, influenced the U.S."
ID_UWITFV,I stepped out of the motorcycle and...
ID_DMECJT,The political pundits and pollsters got it wrong.
ID_VWNVFJ,"And although the pundits are giving the Freedom Party almost no chance of victory, how would a DFB government benefit the country?"
ID_QYSMPC,He was speaking on the closing day of a meeting of Caribbean leaders in Belize City.
ID_NYHRYE,A Trinidad and Tobago Coast Guard captain is claiming that the shooting of a Trinidadian trawler captain by a Venezuelan naval ship Wednesday took place one and a half miles within Trinidad and Tobago's territorial waters.
ID_JXPVMS,"Most analysts relate the crime wave, which began in May when the council was installed, to the die-hard resistance of supporters of dictatorship."
ID_TAIBSJ,Two people were injured during several violent incidents.
ID_KAQZRH,Mr. de Pina believes that conditionalities imposed by international lending agencies on Caribbean countries are too stringent and strike at the very core of collective bargaining.
ID_NRXTGQ,Vincent and the Grenadines appear to be scrambling to field candidates for the June fifteenth general elections.
ID_ZVPKLQ,I'm Oren Gordon and this is BBC Caribbean Report.
ID_PYYDXJ,"According to Dominican officials, the nineteen passengers and the fifteen members of the crew were killed."
ID_CUSOWF,The island government's cabinet has resumed talks with the union to try and find a way to reach a settlement.
ID_GULKYZ,"From London, BBC Caribbean Report."
ID_XWQSDK,"Lucia, continue to do battle over a corruption inquiry."
ID_BRYBFE,Earlier today I put it to Chief Minister Hughes that a March fourth election doesn't leave much time for campaigning.
ID_IIWAEH,I'm Emma Joseph and this is BBC Caribbean Report.
ID_JNKYWG,Mr. Patterson said he would await firm proposals from the businessmen.
ID_NMAOUF,I think that the Miami Cubans are making it that.
ID_MZLDXB,Another terrifying experience today for months rations from the Soufriere Hills volcano.
ID_OQQWQD,We feel that the Labour Party is now no longer committed really to racial equality.
ID_RQMYIX,Just because I happen not to be on the island overnight doesn't mean that the whole MBO stops working.
ID_UQXZPG,Cuban President Fidel Castro speaking at today's session of the World Trade Organization Conference in Geneva.
ID_MGBCMQ,"Pan Am is confident its Caribbean routes will survive the airline's liquidation, and St."
ID_RQNQMY,The one-man commission follows a series of prisoners' protests in late July and early August.
ID_WIIGQM,Sarah de Cas is a Cuba researcher with Human Rights Watch in Washington.
ID_FIOURV,"With the coalition now in tatters, September twenty-eight has been announced as the date for fresh elections."
ID_KZEIXX,"From Barbados to Washington, there is growing concern about the future of the banana industry."
ID_XHATFI,Eleven of the demonstrators were arrested and charged with disorderly conduct for blocking the entrance to the federal building.
ID_VPEOOX,Judy Thomas is Director of Emergency Services.
ID_QQFPRV,that they're at the lowest level of morale.
ID_WOODPE,I asked him how concerned they were about the slide of the pound.
ID_GOXZKN,It was a triumphal funeral service with hymns of praise to God for the remarkable life of service of Dame Nita Barrow.
ID_WLVYFY,"From London, BBC Caribbean Report."
ID_LWUVCW,The disturbances at one time saw the torching of one of the
ID_DUTAMV,Up to a tenth of expectant mothers in parts of rural Haiti are HIV positive.
ID_QTVLUQ,Spain has been vocal about democratic reform in Cuba and their ambassador has said he's keeping the door open to dialogue with anti-Castro opposition forces.
ID_BGEYPO,"On Saturday, the demonstration was completely..."
ID_UHUYOG,"We'll be finding out how national preparations are progressing in three of the islands, starting in St."
ID_NGPSBU,Mr. Dugan has offered his resignation to Prime Minister Sir James Mitchell.
ID_VALEJK,"Justice Minister Camille Leblanc said Raul Cedra, who now lives in Panama, would be tried in his absence as the author of the crimes and not as the co-leader."
ID_BYTCKX,and exiled Haitian political leaders say no to elections as long as General Prosper Avril remains in the country.
ID_ZHGFMB,"in the countries that are part of the French state, Martinique and Guadeloupe."
ID_STDRGA,Kerry combats US campaign against terrorism.
ID_LBIAXW,"So this summit over, the day-to-day work of all Commonwealth organisations will now come under fresh scrutiny and at the very highest level."
ID_TOYIMZ,Zimbabwe is suspended by the Commonwealth.
ID_BDVXPP,A high-profile murder case ends in Bermuda on a technicality.
ID_WJSNUL,at least the twenty-four to thirty-six hours away from affecting the targeted landmass.
ID_HCZEKI,"I'm Hugh Crosskill, and this is BBC Caribbean Report."
ID_DNOASA,Laker is also highly incensed about a raid made a couple of weeks ago by the police on a mosque of the Anduman Sunat Ul Jama.
ID_SHWGYH,"One of the two policemen on duty was relieved of his revolver, ammunition and uniform before being locked in the prisoner's cell."
ID_JGYJLH,"Well, earlier I spoke to Baldwin Spencer and asked him whether he intended to take further action."
ID_WAUYBE,but it's also clear that the Commission is unlikely to lie down and accept it.
ID_KGWFVH,"Prime Minister and Minister of Defense of Barbados, Owen Arthur, said there must be a cohesive and sustained regional and international position on these issues."
ID_NBMUUC,"The Caribbean Basin Initiative Enhancement Bill, which recently passed through the U.S."
ID_XNFQUJ,"I think you would appreciate that since our organization here is largely focused on economic matters, we have not addressed the issue."
ID_JKSQMA,what do you want to know all people who are doing the big end of the work there was some talk of dolce plea bargaining with the police how close is to nantabaga to anything resembling a witness protection program well prime minister patrick manning and the national security minister have been uh... making allusions to new legislation again that to to be able to have people to plea bargain the american to state witness that in state witness
ID_ZGPVDB,"From London, BBC Caribbean Report."
ID_EYVMWQ,"When the Senate was adjourned on Tuesday, the expectation was that President Robinson"
ID_EDGHVE,"From London, BBC Caribbean Report."
ID_KGSOXJ,I'm Hugh Crosskill and this is BBC Caribbean Report.
ID_LLWUVU,I asked Dr. Young how he'd deal with an ophonide volcano crisis on Montserrat from nearby Antigua.
ID_MATXKY,"Well, there's an advantage shelter which the government was not too much in favor of. That can accommodate about a hundred persons."
ID_PLEHZI,"Patrick Letterman, director of Kojima Laheg plant in Sheberg,"
ID_GDIWOM,The list covers imports valued at hundreds of millions of U.S.
ID_IVUXEX,"Since then, two other condemned murderers were scheduled to be hanged, but they appealed to the United Nations, who also recommended that they should be released."
ID_RQHBDH,Dominica tries to improve ties with Libya over US objections.
ID_CAWFVS,"Labour Minister Adolphus Friedland, who was a contestant for the leadership before pulling out, was elected chairman of the Labour Party."
ID_TDQFGS,But the last of the two World Cup finals in Japan and Korea will go ahead without a Caribbean representative.
ID_DEBTIG,"They know what we're after, and I believe the United States is beginning to see in us an alternative to creating themselves a plan to bring down Castro."
ID_PBBCQE,"Speculation continues in Guyana about a possible successor for the president and a Cuban court trial against the US, but the defendant fails to show."
ID_PKMCNH,Prime Minister Denzel Douglas also declared the country a disaster area.
ID_GEUTKL,"Croix, there is already heavy flooding and the airport closed at six p.m."
ID_VDVMHT,"Well, I mean, that is just naive thinking by people who are beholden to the United Workers Party government."
ID_EVDZWK,"The police and the fire squad found the bomb squad from the fire division and they searched both the places, the residence and the office, but came up with nothing."
ID_KIZUHJ,"As vocal as they have been in opinion and editorial comments, so too were they this afternoon on the streets of Port of Spain."
ID_LCJXKZ,Cuban university students say they've gathered to commemorate the killing of eight students by the Spanish authorities 125 years ago.
ID_UQAPMH,"Queen's Council Bernice Lakers, keeping a close eye on the campaign, supports newcomers' movement for grassroots democracy."
ID_CXGUOO,"Moments ago, Bahamian Prime Minister Hubert Ingram began a press conference on the situation."
ID_ZJCBXS,"For the Labour Party, I think their winning formula is to decide that they are credible, they can take over the reins of power and make a difference in unemployment, in the economy, in education and in health."
ID_EPYLUA,People are estimating it anywhere over a hundred thousand people.
ID_FNBQBJ,The CBU prepares to sue Channel Seven in Belize to prevent them televising the Olympic Games.
ID_LEBDGE,So basically what you're saying is the fault lies with the national disbursement and claiming system as opposed to with the donors?
ID_YZOFIR,Michel was charged with committing arson and violence and flown to Martinique last Saturday where he is being held for trial.
ID_RRHAOC,Yvette Rowe looks at the British decision to suspend its membership of the ERM.
ID_YMIJVX,"Our correspondent Sharif Khan told me that after interviewing a senior police official, he had heard that the security forces countrywide are being kept on the alert."
ID_OJKMIN,We have great respect for what you're doing and trying to do.
ID_NILEQQ,The final voting is now taking place in Jamaica's general elections.
ID_MITRAZ,I'm Debbie Ransom and this is BBC Caribbean Report.
ID_BNGZJA,"And here in Britain, Labour's imposition of a white candidate on a large Afro-Caribbean community could cost some votes."
ID_FOUJXJ,Workers in Jamaica's financial sector go on strike in protest against government's decision to tax their concessionary loans.
ID_EQPQYW,"The decision was taken at a WTO ministers meeting in Doha, Qatar, after negotiations stretching sixteen hours beyond the original deadline."
ID_IAWARU,What sort of conditions can the islands expect when it makes land?
ID_YOYVBL,What I can say is that a number of people in the Freedom Party are comfortable with the Dominica Labour Party.
ID_MPMSBU,"what we believe in, the philosophy of the party, the goals of the party, whether the party will be the one who will decide whether I will continue, whether I will not continue, etc."
ID_SUOEFW,Decision to press ahead with its challenge to the regime was taken a couple of weeks ago.
ID_ZDYNTL,"However, I think that since the Freedom Party and the Labour Party announced their plans to come together, there has been..."
ID_GAVFHI,Those polled were asked which members of the cabinet should resign now.
ID_SJTKMQ,Croix suffered the greatest brunt of the storm with winds that exceeded the hundred and thirty five to hundred and forty mile an hour range during the day today and torrential rainfall that started early this morning and has left the western town of Frederickstead under significant rainfall through the course of the day today.
ID_PFVSLB,"From London, BBC Caribbean Report."
ID_QQDELD,"And therefore, if you're talking about being competitive and you have these increased costs arising from..."
ID_XNQGSU,They only call them to attend a general meeting.
ID_PGMCMQ,The British government today announced that it's unfreezing money for at least three major development projects in northern Montserrat.
ID_NNNGJM,"But the damage, at least in the northern part of the island, seems very slight."
ID_DVQTJA,"The head of the Caribbean Financial Action Task Force, which leads the fight against money laundering in the Caribbean, is given support to plans by Antigua and Barbuda to freeze any accounts held by suspected terrorists."
ID_EUUKEP,The region gets its first anthrax scare.
ID_QUTDIV,I am prepared to give it my particular commitment.
ID_XPUMNA,"The Telegraph says its exclusive interview with Father Aristide was conducted at a secret address in Port-au-Prince, where he remains in virtual hiding."
ID_BJOGED,"Simpson, the view from America's black and Caribbean communities."
ID_OWEEYK,"You see, Prime Minister, you may be keeping a distance from the matter, but the matter isn't keeping a distance from you."
ID_RNZUZL,"President Aristide rejects conditions laid down by Haiti's Parliament for his return, and BWIA falls foul of British aviation authorities."
ID_IPSAHG,And a lecture in London examines the importance of West Indies cricket as a model for Caribbean unity.
ID_HWWXCU,"A top US trade official says the region's preoccupation with its size could deal it out of NAFTA, and rebel soldiers in Suriname hand in their arms, but no one seems to know exactly how much they really have."
ID_KEYSXQ,"From London, BBC Caribbean Report."
ID_MXLOWR,The long-lost diaries of Che Guevara reveal unexpected views on black people.
ID_GTXURH,"In Guyana today, a new movement was launched to press for social and political change in the country."
ID_TCNTBF,trade embargo is his country's major foreign policy concern.
ID_BNICWT,"As countries around the world react to the death of the princess, Cuba has called it a truly sad and tragic accident."
ID_LTJXUR,The region urged to face up to the threat to Caribbean economies from AIDS and West Indies two-up in the four-test series against Australia.
ID_VEWWBL,"I'm sorry, the Miami family have never tried to restrict the access."
ID_DNIVMA,An event one eyewitness described as frightening.
ID_NUREDS,Independent candidates could play a major role in the kind of coalition that emerges out of the March third general election in Anguilla.
ID_VDMYQQ,"Meantime, organizers of a parallel non-governmental conference were having their say on several matters."
ID_PDTUFP,"Well, what we are very much hoping, at the moment there's a lot of rain going on, which is another difficulty, but certainly if the weather clears up, which we are hoping will happen very soon."
ID_XAWUQF,It's not the balls that the batsmen will play.
ID_HPQOKN,"These include the future of the Caribbean's special access for its bananas to Europe once the single market is created at year-end, and British policy to the region."
ID_QLYRIZ,Barbados' Prime Minister launches a stinging attack on the country's private sector.
ID_ENXQTN,I am Keith Stonegraves and this is BBC Caribbean Report.
ID_XZULJU,There has also been a dramatic fall in revenue in the same period.
ID_BMWJHG,"When pressed to explain what was meant by outside help, he replied that, quote, he probably could have gotten some help from elsewhere, such as fellow inmates, visitors, prison officers, end quote."
ID_YNDAUG,The Cuban leader hit out at yesterday's agreement between the United States and the European Union over the controversial Helms-Burton law.
ID_ZMLGBC,"Manzo Nadir, leader of the small opposition parliamentary party, the United Force, says he's surprised that Minister Jagdeo did not address the political question in his budget."
ID_JRXQDP,Now there are fears that other travel agents may be tempted to follow American airlines in announcing ticket commission cuts.
ID_BWKEFI,"Lucia Limited, a company established here in May."
ID_RMSTPJ,"The PNC has frequently made this accusation in the past, and the ruling People's Progressive Party has always denied it."
ID_QDDVZS,The Tikva leader says the farmers will not allow themselves to be ignored.
ID_ALCCZJ,"We are very much disturbed by being forced to compete with the likes of Ecuador, where the FOB price of an eighteen kilo box of bananas is two dollars sixty in comparison to the ten dollars received in the Caribbean."
ID_PZMFRH,"Caribbean report asked British volcanologist on the island, Dr William Aspinall, to give a best and a worst case scenario."
ID_UJXUGG,I'm Oren Gordon and this is BBC Caribbean Report.
ID_BSQRFT,We are so far behind in certain aspects of our development.
ID_RRPCCS,Bevan Springer in New York City for BBC Caribbean Report.
ID_NCVQRR,We will continue the dialogue with them to see what further assistance they require.
ID_SPYIYE,"The present state of West Indies cricket, I think, I know is going to have the support of every single one here and also the public, the West Indian public in the West Indies and around the world."
ID_KJIKSF,"Yes, I have the feeling that we've come to the end of an era and we need to look at new options."
ID_WVHWYK,"The US government says its goal for Guyana is a conduct of free and fair elections, and after a humiliating defeat on Saturday, boxer Lloyd Honigan is left to contemplate his future."
ID_JGDYRP,"Ambassador Alan Donnelly told a group of businessmen in Port Espain today the stigma and suspicion attached to the shiprider agreements were placed as here not by the government of the United States, but by an American academic, Elliot Abrams."
ID_XZXZWM,I'm Oren Gordon and this is BBC Caribbean Report.
ID_UAVQFU,"In the national media, in the Sunday Express, they seem to be pointing at people like yourself."
ID_JQHPQF,"But Dr. Pastor is realistic enough to say that even so, the approach is a long shot."
ID_PJAFNT,"In response to this, Mr. Hoyt told BBC Caribbean Report that before engaging in any talks with him, President Jagdeo should first create what he called a facilitating atmosphere."
ID_OWMCIP,How much of an issue is the state of the economy going to be in this election?
ID_NYWDIN,"If anything, the Cubans are still up to their old tricks, playing games on the left, helping the most extreme left-wing parties, parties and people whom the Russians at this point are not interested in, because they consider them irresponsible."
ID_DBNRUW,neither Spain nor Guatemala at any time occupied or possessed.
ID_JWAADX,Schools in Guyana shut down as teachers joined the general strike and Lara and Walsh missed the West Indies final warm-up match before the World Cup.
ID_AEFQIE,Trinidad's opposition leader invites Prime Minister Patrick Manning to join him and outrage in Britain at a planned immigration and asylum bill.
ID_ZILGCB,"And this country is not about to get involved in people making allegations, accusations."
ID_AVIVGM,"to eradicate hunger, ignorance, and disease from every city and village within our borders."
ID_VLDPFW,You present your stuff as diplomatical and you can't
ID_KDYWQW,"Well, that's it for BBC Caribbean Report."
ID_JFEOTP,One country seemed to have just spoiled their ballot by accident.
ID_MUCFRH,"Jamaica has one of the highest per capita death row populations in the world, and Amnesty International is highly critical of the island's criminal justice system."
ID_QKDFIC,"But on the other hand, President Castro may be happy for these dissidents to have more of an international voice."
ID_RVKWCB,Asked Sedara's Deputy Coordinator Audrey Mullins how prepared her organization is to provide the kind of assistance which Montserratians require.
ID_HEFSIU,"It will be seen as a good result for the CARICOM Prime Ministerial Mission, Officer James Mitchell of St."
ID_RYEHIJ,I'm Oren Gordon and this is BBC Caribbean Report.
ID_XACFNL,"Yeah, but the point is that Dominica is close to the European Union, because Martinique and Guadeloupe, they have the European Union laws, and they are, of course, a part of the European Union."
ID_GXUGGV,The European Union indicated today that it intends fighting the U.S.
ID_JBBYGC,"From London, BBC Caribbean Report."
ID_UMJGHD,"So, the little that is documented presents a picture of female vulnerability to violence."
ID_ZXCLNV,"Based on the best scientific evidence that has been made available to us, the Bureau supports the development of the northern section of Montserrat."
ID_YSHLFH,The WTO to discuss EU-US banana trade row in Geneva tomorrow.
ID_WHVDYX,"According to Mr. Hill, there were no serious injuries and the entire prison population are accounted for in secure prison conditions."
ID_VETENM,Cuba to free hundreds of prisoners following a Vatican appeal.
ID_NUINOM,"Ironically, the attorney who all but invented the constitutional motion, Ramesh Murad, is now Attorney General and has had to face the frustrations of the constitutional motion."
ID_JYVNRX,I'm Ken Richards and this is BBC Caribbean Report.
ID_IUYUQT,"Yes, certainly the proposal is receiving serious consideration."
ID_NSGUBN,"Today, much more people march through the streets shouting that the government has to go home."
ID_BYLOGV,The US says Cuba needs more than token changes to see a softer policy.
ID_JTHYZP,I would not expect that he has left anything besides his bare necessities of life behind him.
ID_RCKACT,Mr. Arthur's Barbados Liberal Party scored a twenty-six to two victory over David Thompson's Democratic Liberal Party in the most one-sided election results in Barbadian history.
ID_EVPUAZ,"Well, we haven't heard anything official from the authorities here."
ID_FQEEEA,Johns on how the project has environmental and political implications for the new year.
ID_HZSDGO,"Well, Warren, so far we have been told that they have filed the constitutional motion and they're going to go to court to argue the point of that case sometime in the next few days."
ID_LNZVPH,The charities that share Caribbean concerns about globalization plan to have a presence in Seattle.
ID_BFJRQU,That person turned out to be a policeman.
ID_CVRDKX,Mr. Pastor will then go on to Caracas to brief Venezuelan President Carlos Andres Perez on developments in Guyana and Suriname.
ID_PQHCRU,Concerns of interference as a British Labour MP publicly endorses the St Lucia Opposition Labour Party.
ID_GGBIFV,"It says despite the good intentions of the developers, the scale of the project and the nature of the site don't go together."
ID_JHSSAN,So we think it is something that should go on for a time immemorial.
ID_CWEBTB,WTO provides a glimpse of hope for the Caribbean banana industry.
ID_IYZJRL,Opposition leader Baldwin Spencer and angry Prime Minister Lester Bird vowed to vigorously fight the court action.
ID_RMCMSK,America retreats for a while from imposing sanctions in the banana trade war.
ID_YOLNLA,I'm Leslie Goff and this is BBC Caribbean Report.
ID_FJFYZL,"It's a position the Nevis Reformation Party can identify with, as NRP leader Joseph Parry told Caribbean Report."
ID_ADJUTW,A number of companies in Barbados are threatening to pull out of the island because of the worsening state of the economy.
ID_GFOWNM,You put your baggage on the conveyor belt to go outside to the plane.
ID_LWXISS,converged at the Barbados Workers' Union from around eight a.m.
ID_QZADAP,"Mr. Hines is from the Civic Coalition and the PPP Civic Government, and party rules prevented him from getting the top job."
ID_UQYEVP,Cuba's Deputy Foreign Minister Ramon Parodi reiterating his government's rejection of the ideology that now dominates the region.
ID_RRXCLD,Kevin Hughes and his group clearly contend that their roots are grounded in the Caribbean.
ID_YWMMJR,Lucia Banana Corporation to sell its fruit directly to geese.
ID_BTPIVC,"The bidding process for the new licenses has already begun and will close on December,"
ID_EBLPOD,United States officials had allocated the US-owned base as the temporary accommodation for up to twenty thousand ethnic Albanians.
ID_CUNHSG,as to what methods of dissent are appropriate to a particular country.
ID_STSTDW,"Well, you mentioned Beijing through and through."
ID_EYELYC,"Bonn will have to prove that the application of the banana regime will cause irreparable damage, either to its own importers..."
ID_QJDMZV,And raster prisoners in Jamaica get the blessing of the government.
ID_XPPQJF,Caribbean shippers discuss the impact of US moves to tighten the trade embargo against Cuba.
ID_QHXXHI,"is to try to ensure that the good prospects, age group-wise and otherwise, are in a position to be able to show what they can do to the delegates, so that when that time comes, the delegates will have a choice of half a dozen people from which they can make their decision."
ID_PDNVSI,"This year's summit has taken the unprecedented move of putting forward a central theme, Partnership for Prosperity."
ID_XNUJRW,But there is a question being more frequently raised here in the Caribbean now as to how far and how long can the West Indies or should the West Indies selectors continue with both Ambrose and Walsh.
ID_XAZPNI,Most Caribbean heads of government arrived today and held a mini-summit of their own.
ID_SFHRNO,Lord Kitchener died last Friday from a rare blood disease in the Mount Hope Medical Hospital at the age of seventy-seven.
ID_BHKZIW,"So given that, by tomorrow we should be hearing that Mr. Nelson has kept his job."
ID_NOTTSY,"The financial crisis in Britain, which has seen the pound tumbling against other major currencies, could have serious implications for the Caribbean."
ID_VFVUFC,"that child to Cuba, but it waited."
ID_ZAPUFF,Lucia's banana growers under mounting pressure to meet stringent UK and EU standards.
ID_XBYEJG,The arguments continued today in the court in Guyana following yesterday's ruling by Justice Claudette Singh that the nineteen ninety-seven general elections were null and void.
ID_JUYAEW,But what is the Independent Party's position on action like that?
ID_LHXDET,South Africa last year and Australia in nineteen ninety-five.
ID_ADWTFJ,"I stayed on my stomach, lying on my desk till the shooting stopped."
ID_GWQPCP,We have to wait and see what sort of a reaction there will be.
ID_GPWACH,Premier Vansimri hasn't forgotten that Mr. Pari's party failed to support his secession thrust when a referendum was held on the issue two years ago.
ID_BZDGGR,and Dominica's police taking seriously a death threat against the Speaker of the House.
ID_ZCIUUO,I am Keith Stonegraves and this is BBC Caribbean Report.
ID_QDUCXJ,Caribbean private sector leaders endorse a call for those who are ready to press ahead with the CARICOM single market.
ID_CCMEXQ,"The second is the fact that there are a number of issues which are in the public mind, including the one concerning the Bank of Jamaica and foreign exchange transactions."
ID_CCRGYA,"Our top stories, Europe's banana compromise ends up pleasing no one."
ID_RBWRJJ,Dominica's Chief Cultural Officer Raymond Lawrence sending well wishes across the region as the island celebrates what's now firmly established as Juné Cuyol Creole Day.
ID_PPGLAW,"but as Prime Minister, she determines when elections are called and has been active in the election campaign so far."
ID_TORXNM,"And then the overall improvement in the sea defenses, generally strengthening and raising the height of the sea defense barriers that will also be part and parcel of the next wave of sea defense projects."
ID_ITBRVM,a number of months ago complaining that he had grown to moderate and uh... he of course goes down to florida that he has a chat with this young young boy the boy says to him uh... mister senator please help me uh... now i mean i think that most americans have come to the conclusion that this boy is being shamelessly manipulated by uh... the more
ID_QMYVYU,"But unlike ten years ago when he was then fired from the PNM government, Mr. Maraj keeps his seat in the House of Representatives, fully intending to be a thorn in the side of the pan-NRJ."
ID_NYIPNQ,"The twenty-four-year-old victim was discovered lying face down, partially covered with leaves, near a popular tourist beach near the multi-million-dollar Atlantis Resort on Paradise Island."
ID_VTSXFB,"Meanwhile, offers of mediation and other forms of assistance have been coming in from the wider international community."
ID_WMHBVX,"Montserrat, Antigua, Barbuda, St."
ID_FMZOZB,The Caribbean has been losing the Secretary General of the Commonwealth first and now the Secretary General of the ACP.
ID_YBAHTX,"Well, as far as we're concerned, we've done just as much as we can in an effort to assist Leah."
ID_OPEGTK,"Dominica's Prime Minister, Edison James, continued his banana lobby in Europe this week."
ID_DAQIME,"Should the party be successful at the next general election, they will have accomplished something many before have tried and failed."
ID_ULIBZE,"The problem is that such a body does not exist in Haiti at the moment, one of what's being described as several institutional holes in the country."
ID_XURKPS,"Suriname's parliament fails to elect a president today, but will try again on Friday."
ID_IELUWX,"If that represents a breakthrough from Mr. Nielsen's point of view, I will not argue with it."
ID_HDCFKC,"Montserrat government and insurance companies agree on some compensation for volcano victims, a warning that tougher American immigration laws could have serious consequences which the Caribbean must unite to fight, and the view of Jamaica's qualification success from a coach and a calypsonian."
ID_TPJZID,"I'm Hugh Crosskill, and this is BBC Caribbean Report."
ID_WJCXJW,"and subject to the embargo, create such situations and cause Cuban children added pain and suffering."
ID_IMIUNP,The Human Rights Council is against Jamaica resuming hangings after an eleven-year break.
ID_VGLICA,Attorney General Radford Hill has since confirmed that the blaze was started by what he labeled a small group of inmates.
ID_MBTDMH,The cabinet in Antigua met today to discuss the findings of the Blom Cooper report into the arms scandal.
ID_MEPGRR,"Journalist Bertram Niles, who's been monitoring today's vote, now joins us live from Bridgetown."
ID_NYEEIZ,"Well, this is the problem, that we have a very limited capability of dealing with this situation."
ID_XONYML,The grant announced today by the American embassy here is six million dollars short of the promised U.S.
ID_BWWOWZ,Members of the Nurses Association of Jamaica were meeting today to discuss the latest development in their dispute with the government.
ID_OGJDZI,"First, whenever you go to that supermarket, you must only buy Wynwood Island's bananas."
ID_YBRAUH,"And it certainly will come very soon, because the middle of March, we have important elections."
ID_YOTWST,Massive reductions in the subventions to public utilities will result in higher water and electricity rates and increased fears on the public bus system.
ID_SOCSMH,Jamaica prepares to host the G-Fifteen annual summit and Nelson Mandela bows out of politics in style.
ID_SRHKEC,"They do argue, however, that they have a plan they think can work and will try to make that clear to management during Wednesday's meeting."
ID_NXWIAZ,"You spit at one ear, you pay one if you have to pay one story, you do what has to be done."
ID_HFFYTK,"I have the privilege to offer to you, sir, the sponsorship of the West Indies cricket team through our mega-brand Kingfisher, which would become the exclusive official worldwide sponsor of the team for the matches to be played in Sharjah,"
ID_EEEBNK,"What they have done, though, is to carefully craft it so it grants duty-free status only to clothing made from U.S."
ID_APHVNC,"In Jamaica, the opposition National Democratic Movement says it wants a reversal of the trend towards political violence which the party believes is causing people to abandon the political process."
ID_OVCFDM,"Vincent, the Attorney General says he'll no longer resign at month end."
ID_IKLBSJ,These are really what our society needs now for the universe.
ID_ZGNNSZ,A bill to separate Nevis from its sister island St.
ID_CPVUEB,"But we all are aware that the company has the background, has the potential of being a very vibrant company."
ID_CPLYLH,A call for Karakum to exert some pressure on the government of Guyana not to proceed with elections until the controversial voters list has been cleaned up.
ID_NMWDNV,Jamaica's opposition leader Edward Siaga says CARICOM's support for South Africa's return to cricket was premature.
ID_ZKAYKB,"And he was, the Central American reply was made by the ambassador of Panama, who was a permanent representative of Panama, who agreed that he would not wish to see a lot of debate on this issue since he does not feel, the Central Americans do not feel that the OAS is the proper forum to ventilate the issue."
ID_UTPXZJ,"The police have had a practice, I regret to say, going back for some twenty years."
ID_GPXFOI,"I'm Hugh Crosskill, and this is BBC Caribbean Report."
ID_CNYVER,"A lot of my friends, you know, wondered what I was doing there, and they rather seriously thought that ITN, having hired a black reporter, was sending him out to get killed almost immediately."
ID_TQTLDQ,And Jamaica's Prime Minister rejects opposition claims of an attempt to reintroduce Caribbean Federation through the back door.
ID_MIAXCO,Human rights campaigners express surprise at Britain's decision to bar Jamaicans from seeking asylum in the UK.
ID_UPDOTW,Welcome to this special edition of BBC Caribbean Report.
ID_DXKNGQ,"which had postponed its visit because of the referendum in Nevis, has now seen it fit to continue to pursue its own role to assist us here in finding solutions."
ID_NQCIMW,And Cuba grants to a halt as fuel runs out.
ID_ZITCLI,He specializes in immigration issues.
ID_YWPQUK,"I'm Hugh Crosskill, and this is BBC Caribbean Report."
ID_XMYGUA,And he was in such beautiful spirit.
ID_GTUTXT,"The UN's High Commissioner for Human Rights, Mary Robinson, says she regrets the American decision."
ID_AOSDSU,"From London, BBC Caribbean Report."
ID_ZQYNSI,"Reynolds is already investing about US dollars in a bauxite mine development scheme here, and government is also talking with the Canadian Alcon Company about its taking stake also in the bauxite industry."
ID_HDWAWM,And Britain's Cricket in Press issue their obituaries on Sabina Park.
ID_HBMDBE,"About one hundred survivors, including the captain, were able to swim ashore."
ID_QLZQDM,So what if it's the second or third of April?
ID_EQWZHI,"Since we in the Caribbean are very much part of an integrated global economy, we have no option but to gear our productive sector to perform in tandem with the dictates of global demand."
ID_GIHIZP,"Renwick Rose of the Wynwood Islands Farmers Association, Wynfa, believes the difficulty lies in the psychological conditioning that the confidential document speaks of."
ID_IMHGYU,"As relations between Cuba and Spain continue to be strained by the embassy crisis, Madrid recalls its ambassador to Havana for consultations."
ID_JIFIHT,They include increasing the cost of citizenship from US dollars and the removal of certain areas available for investment.
ID_SINJXJ,firms to invest in the Caribbean.
ID_IXHMST,Navigations await the outcome of secession votes.
ID_YOSKAI,that it was unfair trade for the EU to pay higher prices for Caribbean bananas.
ID_BDHHIJ,over support for commercial whaling by four OECS countries.
ID_WDNKHO,"If they start later, they cannot do it because they have so many formalities they have to take care about it."
ID_EORUST,There is a bit of a breeze picking up.
ID_SYHPYJ,He suggested the region should first develop a single market and then negotiate from a position of greater strength with the Americas.
ID_ABQWUE,"While it is true that he won all the seats, it is also true that there is growing dissent in the country and dissatisfaction."
ID_BFUVYE,The Cuban ambassador to Baghdad said his country supported the people of Iraq in what he called their confrontation with imperialism and Zionism.
ID_LHFPOE,Grenada is bracing itself for demonstrations against the government of Prime Minister Keith Mitchell.
ID_QHEOZR,"I put that to Mr. Pandey, and I suggested as well that Sir Ellis seemed to be saying that constitutionally Mr. Robinson had covered himself."
ID_JBUOHA,The reports of damages are coming in quite constantly now and increasingly so.
ID_OGOUAH,I'm Ben Mead and this is BBC Caribbean Report.
ID_TQSGYX,I'm Emma Joseph and this is BBC Caribbean Report.
ID_CZPAHE,"On the other hand is the EU, with historical links to these islands determined to defend its own right to provide preferential access for banana exporters in its former colonies."
ID_QNZDJL,I'm Carol Orr and this is BBC Caribbean Report.
ID_NFBZZU,"Following his meeting with CARICOM leaders in Barbados last weekend, President Clinton had said while proposing legislation to improve the CBI, its success depended on the support of Republican legislators."
ID_GMBDBB,And the Latin Americans lose a round in the banana battle.
ID_WYIBBH,"I'm Mike Jarvis, and this is BBC Caribbean Report."
ID_GSTPTL,NAFTA lobbyists in Trinidad return from Washington with a petition against the Twin Islands export of steel.
ID_GUJZXO,"took a severe hit and along that includes the Pinneys Beach area, of course, where the famous Four Seasons is located."
ID_XUKDCM,Another OAS mission heads for Haiti on Saturday as the economic embargo begins to bite.
ID_RRRTEG,"I didn't think that on Christmas Day or at Christmas time, at the season of good cheer, that immigration officers could be so ungodly as to treat people in this disgusting manner."
ID_ZOYFYA,And police and demonstrators blame each other for violent riots in Cayenne.
ID_FYPLPB,Hundreds of people are missing after a crowded passenger ferry sank off the coast of Haiti.
ID_QRZSDF,We're for it because we believe it will bring about increased economic development in the region and it will bring increased employment and jobs that are higher paying than the alternatives that are available to people down there.
ID_YMQPMH,Efforts to come up with steps to solve the financial problems of the Netherlands Antilles have brought into sharp focus the constitutional divide between Dutch and French St.
ID_RECZEX,The European Parliament today passed its second resolution condemning the overthrow of Haitian President Jean-Bertrand Aristide.
ID_VXDKBD,The crippled ship currently being towed by U.S.
ID_RIXXWQ,Ask Prime Minister Douglas how his government intends resolving the crisis.
ID_RMQFJF,More than seventy percent of the population lives along the coast.
ID_RUXFLF,Dominica's air and sea ports hit by a strike as regional labor unions send a warning to governments.
ID_OWSUKP,"They will be ship-to-shore shelling, but of course they will be using dummy bombs throughout this whole exercise."
ID_HEZUTR,The select committee report slammed what it called tensions and inefficiencies which had prevented decisive action.
ID_WEXRWC,"He reiterated that October, two thousand has been set."
ID_UQPZCG,Hurricane Floyd has caused extensive damage to the islands of the Bahamas and is poised to wreak havoc in Florida.
ID_PGRBOO,"The veil of secrecy surrounding the nomination day and the nominees was partly drawn today by Speaker of the House of Representatives, Hector McLean."
ID_WFRETF,"This banana proposal has been something like two years in the making here at the European Commission, and it still remains subject to approval from the Community's Council of Ministers, not to mention the need to get a waiver from the World Trade Body, GATT, and predictable demands from the United States for compensation within the Uruguay Round Negotiation."
ID_CAZWIG,"And he says the first effect, they're hoping that it will pass within the first two weeks, but the major danger will be the longer-term effects, and these still have to be assessed."
ID_XWMNKG,Guyana's violent crime wave claimed one more life last night when a thirty-nine-year-old businesswoman was killed at her home by gunmen.
ID_GHLCAH,"Those bodies included Morris Bishop, the former Prime Minister."
ID_YLHPCA,"From London, BBC Caribbean Report."
ID_OEXQNQ,"We have stores torched, rather, dilapidated, stoned, and a lot of people hurt."
ID_VSLVLA,"You know, at one time it was felt by some overseas that this whole country was stionized as a result of this unfortunate environmental accident."
ID_BEBFDE,The main political parties in Bermuda are wrapping up their campaigns ahead of Thursday's general election.
ID_XONIPO,The death toll from Hurricane Mitch has now been put at nine thousand.
ID_FLBYUG,The regional human rights organization Caribbean Rights has just issued a statement saying it's deeply distressed that the executions have taken place on the dawn of a new millennium.
ID_HUIGHW,"The PNC is plugging away at Dr. Jagan's past affinities or maybe his current affinities with the communist world, and they seem to be making a lot of play with what is happening in Eastern Europe, saying that Jagan is not willing to change, he wants to take the country back into communism."
ID_LECFJD,"Behind the departure from the convention is an attempt to speed up the execution of convicted criminals in Port of Spain, as Tony Fraser reports."
ID_IBBGDC,"The general election in Trinidad and Tobago is to be held on December the sixteenth, the same day as polling in Guyana."
ID_UGDOBT,"Jamaica's Prime Minister Michael Manley today wrapped up his visits to the United States and Canada, during which he had a wide range of meetings with political and financial leaders, from President George Bush to the head of the IMF."
ID_YITDXE,I'm Bertram Niles and this is BBC Caribbean Report.
ID_HVTIPR,"I'm Hugh Crosskill, and this is BBC Caribbean Report."
ID_DBRDSP,"China has consistently refused to accept the sovereignty of Taiwan, which it regards as a renegade state."
ID_DSIXBB,Crucial budget debate on the way in Vincentian Parliament.
ID_AWXENQ,It was a phenomenon I've never seen before.
ID_VJCUTK,Surely this can't be reversed at this stage.
ID_RBKTAY,I'm Oren Gordon and this is BBC Caribbean Report.
ID_EOGRCQ,"From London, BBC Caribbean Report."
ID_HFNAIG,President Clinton's proposed improvement of NAFTA dismissed by a leading expert on Caribbean trade.
ID_YNOWIF,The first of the debates is set for next week.
ID_FWTWHV,"To add to the troubles of President Jules Wiedenbosch, his brother John is among those who want to see him go for his handling of the economy."
ID_DUPQOD,"On October fifteenth, Abraham wrote Blabissier asking him at what stage the legal proceedings against Lafontaine were."
ID_CDWDYJ,"As the campaign for the second round of Haiti's legislative elections gets underway this week, many eyes are looking further ahead at the presidential elections due in December."
ID_VFHRPK,"We have to see how preparations are done with regard to the education of the people, the programs in that regard, the training of electoral officers, the mounting of the five thousand polling stations, the voter stations, and we have to see how the police force and other agencies can be involved in securing peaceful, free, transparent elections in Haiti."
ID_CURCVO,"It started to rain, so that's when we got prepared for the storm."
ID_SKTUJD,What's the mood of the people you've spoken to?
ID_ACUHVH,"And if so, how will this impact on the lost sales and earnings in the Dominican Republic?"
ID_RQNQNH,"From their point of view, they are introducing to countries that don't have a culture of it fiscal stringency and fiscal responsibility."
ID_OBVAOX,Gun violence which left four people dead in Jamaica is impacting on efforts to work towards a peace accord in the volatile central St.
ID_BQCYQU,"Mr. Maraj's constituency has passed a no-confidence motion against him, and the General Council of the PNM has been updated about Mr. Maraj's activities and is the body which will ultimately take the decision on whether or not to expel Mr. Maraj or to leave him in the House of Representatives."
ID_BSVHNN,But it is clear they're trying to counter a Speedwing report seen to be proposing drastic measures to take Liat into the realm of profitability.
ID_TQAJAB,"It appears Barbuda is most in the firing line of Hurricane Erica, which is threatening some of the smaller islands of the Eastern Caribbean."
ID_SSDEZX,And Haitian exiles in France call for trial of baby Dr. Louvalier.
ID_ESLBYR,Many Montserratians are running as fears increase about a possible eruption.
ID_FIUJEZ,The Guyana government denounces opposition attacks on the administration's legitimacy.
ID_OGEYAO,And the island of Montserrat recalls the eruption of King Soufriere.
ID_HPWPPT,We had no deaths relating to Hurricane Lenny.
ID_VABNYY,"So with that in mind, we go to this next Heads of Government conference with the OECS countries unhappy with the Common Market Instrument implementation date of January, could you foresee some sort of a split on this issue?"
ID_MEGXWE,"The most celebrated convict of the lot is the reputed drug lord, Dol Chedi."
ID_RICGVY,The Florida relatives of Elian Gonzalez are incensed.
ID_FKTVUI,Earlier today I spoke with Bahamian opposition senator and human rights activist Fred Mitchell in London about the EU's latest move and asked him whether countries should heed that appeal.
ID_TJCJJE,We were very relieved because we thought the intensity of it would be a lot more severe for anyone who suffered damage.
ID_WOKEWX,"In recent weeks, Mr. Douglas' unusual trips to Antigua and San Juan, Puerto Rico, have been explained by his party colleagues as missions to pick up money for the election campaign."
ID_MMQMSE,"The civilian Prime Minister was technically in charge, but it was widely acknowledged that General Zia was the real power in the country."
ID_QLBKES,"For the first time, reality has actually set in."
ID_JRTPZY,"They have spent the whole of today, Friday, in their plenary sessions, they've had a couple of those, discussing Pakistan and discussing increasing the powers of the Commonwealth Ministerial Action Group."
ID_GINFBT,the VI activist who hails from St.
ID_XHDTXU,"The buyout ends speculation about the future of Radio Antilles, which was in danger of being closed permanently after Deutsche Welle withdrew its funding."
ID_BYWAEN,"Colin Smith in Georgetown, Guyana for BBC Caribbean Report."
ID_CSZMNL,"We're in the middle of a war, apparently."
ID_QPOLMH,"I'm Hugh Crosskill, and this is BBC Caribbean Report."
ID_QSXBSC,St Lucia placed on alert for a December election and the IMF says it cannot take the blame for the failures of regional economies.
ID_NGNXVB,The deadline for Dominica's government to respond to a demand by the main public service union to shelve a plan to cut the pay of civil servants has passed.
ID_OWMEEQ,The trouble began when a crowd of protesters near the city center suddenly became much more agitated.
ID_LARWQE,"because at the moment, nobody wants to go the route of having elections."
ID_JGAEKN,This is BBC Caribbean Report.
ID_NQQHLO,"What seems to be emerging in Europe is an anti-cane sugar lobby, and this is of serious concern to Barbados and the Caribbean."
ID_AAWIOP,"As I understand it, the Court of Appeal will be dealing with the challenges in this month of January."
ID_TZLNVF,Tony Frazee in Port of Spain for BBC Caribbean Report.
ID_HHPRLZ,"In Jamaica, the two political parties remain sharply divided over the composition of a commission of inquiry into the recent violence in West Kingston, in which more than two dozen people died."
ID_XYUIMG,Surely they deserve the right to enjoy cheaper telephone rates as international prices come down.
ID_GCWDTE,"And let's face it, despite the fact that we all resent the history that produced us, nevertheless, that history has created a certain bondage, so there's a certain freedom with which you can deliberate on matters that you would not find in the international grouping."
ID_YRTFRC,"Along the committee's claims that Jamaica is using American Department of Agriculture standards and regional imports, even though they meet CARICOM standards, that Trinidad and Tobago is using veterinary standards to exclude port imports, that a brand of its beer is suspected of being dumped in Barbados, that..."
ID_PEGFZE,The gravity of the situation was underlined earlier today when Prime Minister Susie Carmelia Roima said she cannot continue to work without the support of her coalition partners.
ID_ESFKIT,We think that the world should view our membership in light of the common interest for the maintenance of global peace and security.
ID_BFTLZX,"Well, not for another few days, because at the request of the Fiji government..."
ID_LEUCYL,"They have never ever paid any of this into the scheme, so that from its inception until the present time, it is the private sector..."
ID_PIBCWP,That's a decision they'll make at their summit in South Africa in two weeks' time.
ID_UQBCRH,"If President Hoyt receives votes from the electorate, we would expect him to be in it and we would welcome him."
ID_BRUAVI,that that has not been utilized.
ID_OCJPJP,Tomorrow is to be a day of massive industrial protest in Trinidad and Tobago.
ID_PIAYTH,"If you ask me my personal expectations, I would hope..."
ID_LGYZNJ,This is Richard Lord in Port Astin for BBC Caribbean Report.
ID_KXITDZ,I'm Hugh Crosskill and this is BBC Caribbean Report.
ID_XTIRLR,History will record this election in superlatives.
ID_UWBDRA,"From London, BBC Caribbean Report."
ID_AWOXFB,"In granting the appeals, the counsel ruled that the local judge had failed to direct the jury correctly on the strength of the evidence."
ID_XHBZSY,"One rumour has it that Trade Minister Hugh Marshall and a junior minister, Henderson Simon, have been sacked."
ID_ZUJNMG,The reason for the ban was that after years of repeated requests...
ID_GBUDWU,"Jamaica's prison system is to face yet another challenge, and the day-to-day functioning of Haiti's government could be badly disrupted."
ID_ARBUSU,This was part of an agreement reached between Mr. Crawford and the temporary management of the Century Financial Network in the High Court last month.
ID_RKEDXB,"Anguilla, Montserrat, the Turks and Caicos Islands and the British Virgin Islands all are in the capital, Hamilton."
ID_ZXQJGC,"is likely to be airborne in February, serving the islands of Tobago, St."
ID_FNFSLX,Montserrat's airport in the volcano zone about to be reactivated and CARICOM stepping up collaborative efforts against drug trafficking.
ID_ONMWBP,Members have not been able to agree on a consensus candidate for the post.
ID_MKCYOI,I'm Oren Gordon and this is BBC Caribbean Report.
ID_LXEKXF,The Isla refinery in Curacao shut down its operations in early January when a prolonged national strike in Venezuela halted crude shipments to the island.
ID_CUUNBO,Kitts for BBC Caribbean Report.
ID_GCVQMB,Islanders have taken to wearing gas masks to avoid breathing in the polluted air.
ID_FCAOFJ,That is a very good question. Are there any prisons to hold Emmanuel Constant in Haiti at the moment? The answer is no.
ID_CWMQAP,"From London, BBC Caribbean Report."
ID_KGGAEA,the report found nothing to find fault with about the...
ID_TAUXED,"Roads were blocked, erosion and flooding, and some business places were also damaged."
ID_QNMQJR,"Two years ago, the Commonwealth admitted Cameroon, largely French-speaking, and Mozambique, a former Portuguese colony."
ID_MHMAKR,"But can they afford to be, given Chiquita's precarious financial position?"
ID_LJEQKD,"Tony Friesen, Port of Spain for BBC Caribbean Report."
ID_QEHDWO,Larger numbers of voters were casting their votes this morning.
ID_NXKGVP,"Prime Minister Douglas is ruling Dominica Labour Party, the ruling St."
ID_LCMQXR,I'm Hugh Crosskill and this is BBC Caribbean Report.
ID_SRLMQD,They have told us that they have a pretty good backup system that will last for some time.
ID_EYYFAX,"Another call for Barbadian Prime Minister Sandifer to resign, this time from one of his own members of Parliament."
ID_FCLQPA,"From London, BBC Caribbean Report."
ID_SMRVMB,I'm Ken Richards and this is BBC Caribbean Report.
ID_HLGIAQ,The shedding process will begin on June first and is expected to take three months.
ID_WOWHHG,You're listening to BBC Caribbean Report.
ID_MBWYRH,His departure after days of violent unrest cleared the way for the appointment of the country's first woman president.
ID_RPVYCG,I'm Hugh Crosskill and this is BBC Caribbean Report.
ID_TAMTQQ,The Europeans insist that they don't mean that they want to fracture the ACP into a number of free trade areas.
ID_KOBVXY,but it was the cut to her throat the pathologist said killed her.
ID_ZRCCUA,"President Clinton commended President Aristide for the courage he showed in signing an agreement with military leader Raoul Cedras, which is expected to clear the way for his return to office in October."
ID_TFJGRH,"Are you not worried that because international opinion is against you, you won't be receiving the support of countries like America, whose support you need?"
ID_HOLRFG,Supporting New York's black community for a controversial trip by the Nation of Islam leader Louis Farrakhan.
ID_MZKMXM,government to let Elian return to Cuba.
ID_UGBXOY,It was typical Pandey to pass the faithful in Shogona's home territory of the ruling party.
ID_JYXNUT,It must be assumed that both PPPC and PNCR want a reduction of the instability and volatility in Georgetown.
ID_PYQFEW,Trinidad and Tobago manufacturers say their industries would be devastated if the CET is reduced.
ID_TNQHCH,A United States threat to put the Bahamas on an international blacklist of drug trafficking nations.
ID_PODFXR,My own bet in would be that the motion would probably be heard sometime next week.
ID_RFASEV,And what's next for Jamaica after their first run exit from the World Cup?
ID_JNHUKU,"But Nicola Bonucci, the Deputy Director of Legal Affairs at the OECD, told me that isn't so."
ID_LTECDI,"Earlier this month, West Indies cricket hit what many in the region regarded as its lowest point in the modern era."
ID_FQIMBA,"For those who question trade and its benefits, I would urge them to look at the experience that we've had as a result of NAFTA."
ID_OEBMKS,"If he refuses to appoint the senators as advised by the Prime Minister, he certainly is."
ID_ETYQJA,Croy and the eastern side of St.
ID_OQJYEQ,"From London, BBC Caribbean Report."
ID_PFIUEW,"First to the opening of the conference, where one of the first speakers was the British Vice President of the European Parliament, Glenys Kinnock."
ID_YSYKWR,"I, Dominique, may you play with, you can play, you can wash."
ID_NUJOVA,Two cruise ships scheduled to stop in Dominica have bypassed the island since the start of the disturbances.
ID_HSRSGU,"But for many African Americans, living the good life has been more than a nightmare, or more like a nightmare."
ID_WOCTAA,Vincentian banana official Wilberforce Emmanuel.
ID_KFSSTD,"It's an indication of a vast area of danger, challenge, opportunity too, that lies beneath it."
ID_ZQHUEV,will be introduced into Parliament on Friday.
ID_TGPLXI,"From London, BBC Caribbean Report."
ID_DNYGHI,We still have the other partners on standby in the event that Antigua needs support.
ID_EFVTTW,"For the past ten days, we have visited the Haitian rural areas, and we have been able to witness and hear about political killings, the inadequate judicial hearings, or the lack of, the arrest and torture of many of the people."
ID_SOBVSO,but the State Department has refused to respond to the reports.
ID_EPKVQN,Debbie Ransom takes a look at their findings and plans for the future.
ID_LPCHXC,"We would prefer to have people who would be prepared to move, well, you can call it cross the floor, I suppose, and come over to our party because they could identify with us."
ID_HZPWFK,"Tony Friesen, Port of Spain for BBC Caribbean Report."
ID_CXAMQW,More evacuations in Montserrat as a crater wall comes under pressure and newfound popularity for the spiritual Baptists in New York.
ID_ZIVREI,"The Dominica Labour Party says, despite the results of the poll, they are in the lead, while the Dominica Freedom Party is expecting stronger following as the campaign progresses."
ID_GVUFNU,Lucia going to do to make this venture fair any better?
ID_JSYCNK,There are still some smouldering barricades.
ID_HRDSYY,The most likely scenario is that the Cubans will attempt to jam the signal of TV Marti that will be transmitted from the Florida Keys.
ID_FYYIQZ,"From London, BBC Caribbean Report."
ID_SIQDTH,The authorities went ahead with the execution of his fellow death row inmate David Mitchell early Thursday.
ID_RGSJXN,"But first, Keith Stonegrave's reports on the islands that found themselves in the path of the hurricane."
ID_YARHMU,They feel also strongly about the position that Mr Pandey has taken.
ID_VHMAIK,I think that the JSP have a number of things going for them.
ID_ZZBXCZ,"The United States has always indicated it would like a panel, but has never made a formal request."
ID_FKMGOO,Traders are in no doubt that the agreement as it stands is not the worst the paper is written on.
ID_WSASYI,"David Jessop, head of the Caribbean Council for Europe, told Caralor that any drive towards an improved CBI instead of NAFTA parity is illogical from the region's point of view."
ID_FVKJZH,"So Mr. Hoyt could go to these talks and say, hey, even my own people..."
ID_OYVOFM,The union's badgering of the previous government proved futile.
ID_JJAZOP,Caribbean rights strongly advocates the abolition of the death penalty.
ID_OXMEBB,"The Commission claims this is more than double the volume set at last month's summit for Jamaica rice imports from the US, and contends something is terribly wrong."
ID_PUHLHB,He's to meet next Monday with the main political parties who are signatories to the Karikom Brokered Peace Agreement.
ID_HKJUZU,I'm Oren Gordon and this is BBC Caribbean Report.
ID_PLDXFI,He told me a lot is at stake in all the islands.
ID_CIOFXN,And so the success of our economy to a great deal depends on his goodwill.
ID_NZEUHJ,"Now, what the long-term effects will be is still yet to be seen."
ID_GGOKGS,The International Monetary Fund and Grenada fail to come up with matching figures for the country's economic recovery program.
ID_ERXWOA,I think all the governments have indicated their commitment to it.
ID_NXTVJW,And Barbados' health minister gets the marching orders from the prime minister.
ID_DZRKYP,"Angostura made the pink gin famous, but the Bahamas is also very well known for something pink, but you really shouldn't drink it."
ID_CIQRTL,I'm Leslie Goff and this is BBC Caribbean Report.
ID_JGKGDS,"So, as a result of his UK trip, what reception is he likely to get when he returns home this weekend?"
ID_YUGYKK,"The Caribbean has its say at the Earth Summit in Rio, and a letter to John Major says don't slip up on Britain's commitment to bananas."
ID_UNBOCY,Legislators rejected the proposal of the administration to float an additional one hundred million dollars in bonds to continue government operations.
ID_OQCOPD,"That's the advice from St Vincent and the Grenadines' ambassador to the United States, Kingsley Lane."
ID_CLWNRC,"And in this case, as I pointed out, it was a matter involving the relations between Tobago and Trinidad."
ID_IRGWKD,"From London, BBC Caribbean Report."
ID_IYIVLG,that the modes and the procedures to access
ID_HKBLMR,Residents of the United States Virgin Islands heeded the warnings that are issued by both the National Hurricane Center in Florida earlier this weekend by state government officials here in the territory in the last twenty-four to thirty-six hours.
ID_VOPTWB,up to now to deepen the economic integration process means that it is relatively weak and not so well able to withstand an economic war between the two economic superpowers.
ID_VWBRII,That report by Oren Gordon ending this edition of BBC Caribbean Report.
ID_XQKLCJ,The murders and state funeral have been turned into a major public event.
ID_LEAKAG,He's also seeking to score political points for the next election by digging up dirt in the former government.
ID_DAGNMR,"Professor Trevor Munro of the University and Allied Workers Union, one of the sugar workers unions, says the settlement was timely."
ID_YRXMFT,"The executive director of Jamaica's Bauxite Institute is critical of the London Metal Exchange, and Jamaica's bobsled team warms up for some top-class European competition."
ID_NMICFF,But Mr Aristide is reported to have argued that the sanctions should be maintained until he's returned to power.
ID_NJNTHN,a representative from the Royal Manchester Police Force and a representative from the District.
ID_CEMBUC,and the de facto government know in no uncertain terms that they are not going to be treated as a nation until such time as democracy and aristide is restored.
ID_KLPBPU,a weekly six-day service on what we call a mainline operation.
ID_XAKDPT,The reason why it has become an issue right now is that...
ID_IEWVMN,He was hospitalized in Curacao last Thursday and his condition is now considered serious.
ID_RODUBQ,"Britain restoring citizenship rights to residents of its overseas territories, legalizing homosexuality a concern for Caribbean colonies, and press freedom in Antigua, the Sun newspaper story."
ID_BLFNFV,But others hope for the language shared by some of Caribbean report's stringers in the region who just don't understand or speak the Creole.
ID_CSXRDC,I'm Oren Gordon and this is BBC Caribbean Report.
ID_GXIRDP,"I mean, I'm so happy sometime ago to hear President Aristide speaking Creole at the United Nations."
ID_YVECMK,"There have also been reports that the former president, Jean-Bertrand Aristide, is preparing to make a comeback, and we're not suggesting for one moment that the two events are related, that he is about to formalize a new political party."
ID_AMKRXL,"The judge said the trial, expected to last two weeks, would probably take place at the Old Bailey."
ID_QHFSDS,"Dr. Castro is aware that if many candidates are not elected, it could be considered a vote of no confidence."
ID_IMGGCH,We're talking about people who have saved up over a long period of time in order to try to get to Britain to see their relatives.
ID_DQBCBR,"But are we only talking about unruly elements within the army, or does the terrorism spread beyond their ranks?"
ID_SHTKOI,I know you're under extreme pressure.
ID_PYJMEJ,"By Thursday of this week, Antigones will know when the country goes to the polls in the next general election."
ID_HDFSXO,We do have twenty-one candidates. We do.
ID_LRWJWU,"it has had a domino effect, so to speak, on the federal government."
ID_BUDEFB,"Prime Minister and leader of the People's National Party for most of the turbulent nineteen seventies,"
ID_MQQQEI,"the media or members of BOAV, anyone wishing to visit the operations in Barbados, there's an open invitation to do so."
ID_XEHVLZ,Monday's million-man match in Washington to promote restoration of black dignity.
ID_VQPVFO,And South Africa remembers the tenth anniversary of Nelson Mandela's release.
ID_IDCNOJ,"Vincent and the Grenadines Human Rights Association had written to the Prime Minister, who is the Chairman of the Mercy Committee, calling for the death sentence to be commuted to life imprisonment."
ID_NFTZJO,Their concern that the banana trade war between the United States and the European Union over Caribbean banana exports to Europe could make a mockery of this is behind the decision to look again at the accord.
ID_MWIYAY,I recorded this interview with Mr. Siaka in
ID_RKCMLX,"From London, BBC Caribbean Report."
ID_EPAFZK,Efforts aimed at putting together a new central government in the Netherlands and Tilly's following federal elections on January the eighteenth are yet to yield concrete results.
ID_ICMAWT,for what is believed to be a violent attempt to take control of the country.
ID_QRPWOK,You do have the Saramacanas.
ID_YJJHMB,"Martin, Barbuda, and Anguilla."
ID_BODBMJ,I asked our correspondent Jean-Michel Carrois how much attention was paid to the strike.
ID_BLLKQG,"Before we go, a quick look at today's headlines."
ID_KEOXRO,"Only last evening, the Director of Public Prosecutions, Mark Mohammed, released a statement saying that procedures were broken in issuing the warrants for the arrest."
ID_GTPHVE,serve to emphasize a global lack of understanding.
ID_MAGVFK,"If the European Union has its way at the United Nations, Caribbean states intent on maintaining the death penalty could find themselves at odds with the EU."
ID_NPUFDA,"And one of the reasons that leaders of small nations in the Commonwealth always want to come to these Heads of Government meetings, it gives them the opportunity to make some of the bigger people sit up and listen to their problems."
ID_IDQXPL,Puerto Rico goes on a high security alert.
ID_ZWJAUD,"And looking at the fine print of that, when I'm able to read that, see how that will affect its relations, say, with Europe on the low."
ID_YLIVMN,"and educational development, especially for young people."
ID_GCZDDH,Three convicted murderers went to the gallows this morning at the state prison in Port of Spain.
ID_DJLXFV,Apparently the soldier got suspicious of one person going to his waist and shot that person dead.
ID_FHXFIM,The public sector is also to be further trimmed this year in a restructuring of the central administration.
ID_FACTSM,Ambassador Burnell thinks that it should be two-fold policy.
ID_YGUQKF,I'm Hugh Crosskill and this is BBC Caribbean Report.
ID_FBCTSK,"From London, BBC Caribbean Report."
ID_OQZSDT,Carrick come in uncompromising mood as vital ACP EU talks begin.
ID_LCTKRF,Trinidad's Edwin Carrington defends the OAS decision to send a civilian mission to Haiti.
ID_UKNGWH,I'm Oren Gordon and this is BBC Caribbean Report.
ID_VEDXHM,"From London, BBC Caribbean Report."
ID_XBABXD,"Last year's general election gave Dr. Mitchell's new National Party NNP the slimmest of margins, a mere one-seat majority in the fifteen-member House of Representatives."
ID_DHKNXS,"The Catholics clamp down at Haiti's Radio Soleil, seen as a blow to the ordinary people."
ID_MPSFCM,Chairman Prime Minister Basdeo Pandey is expected to address a news conference late Wednesday.
ID_YGJHFC,"Lucia's arrangement, the other islands may wish to follow suit, but he was skeptical."
ID_TIQJNK,"Speaking last week ahead of the CDB Board of Governors meeting in Guadeloupe, Sir Neville told Caribbean Report that a committee charged with expanding the bank's membership seemed in support of accepting China."
ID_VLYEHN,"Dominica's Prime Minister says, as a realist, she has no choice but to accept the British proposal on bananas."
ID_ZKQMDL,"Various sector groups are however rejecting these criticisms, countering that the Domreb has done more than its fair share of trying to deal with the Haitian problem."
ID_EANNRG,This is the result of a nineteen ninety-eight law which made the scheme responsible for funding health infrastructure.
ID_JYUZSF,CARICOM to place the region on alert to fight the mealybuck pest.
ID_XDMJHE,"The ALP, which has held power in the country for all but the period between nineteen seventy-one and nineteen seventy-six, gained two seats and lost one."
ID_FIKNXY,"Wednesday, but the return to normality expected today has been virtually washed away."
ID_HWGVUK,and then I suspect that the real political dealing will start if there isn't a clear-cut result.
ID_ICVJUJ,Four of the men were given twenty-one days to sort this out.
ID_NCJEHQ,Many of them had not taken down the barricades which they had put up since before the December fifteen general elections.
ID_SKASKO,"The measures include a freeze on government employment and capital expenditure, overseas travel for government officials will be drastically cut back, and there's also to be a cut in wages for public servants."
ID_NFZNFL,"The Caribbean Disaster Emergency Response Agency coordinates aid to hurricane-hit countries of the Caribbean community, and the countries themselves have National Emergency Management Offices, NEMO, as some of them are called."
ID_IXVPSP,Cuba increasing efforts for better relations with the rest of the Caribbean and British Airways to ease the plight of Caribbean-bound travellers likely to be affected by the proposed strike.
ID_XNAAIQ,Their protest follows the government's decision to appoint a new acting Director of Public Prosecutions.
ID_KTLZZN,"The administrator of the airport, Hugo Gonzalez Borrell, said that the accident was apparently due to the failure of one of the plane's engines."
ID_BSZIYN,"In Braids, Montserrat, for BBC Caribbean Report."
ID_ACCGZX,and appealed to put Caribbean-African cooperation firmly on the agenda and a taste of self-esteem for black inmates of one British prison.
ID_PZJKOV,"Senor Ricardo, just to wrap it up now, could I ask you again to just give a clear-cut, unequivocal statement to the effect that if the Caribbean is angry, then you are willing to abandon bananas?"
ID_OPCIZS,"it's very difficult to get a flight out of Hong Kong to anywhere, especially in the east coast of the U.S."
ID_PJLMWU,Canadians go to the polls in a general election on March thirteenth.
ID_YIAOKE,The corruption charges vary but surround the alleged illegal transfers of sums of money ranging from just over one hundred and fifty thousand dollars from a company called Northern Construction to a high of...
ID_NJNOED,"Martin, and in Guyana, the arguments of the rights and wrongs of hanging continue."
ID_RIXXKR,On the agenda of Saturday's summit between the U.S.
ID_OWKTMU,"All thirty-one crew members died, twenty-one of them were of Caribbean origin."
ID_INSOLN,and we analyze Bill Clinton's visit to the slave monument in Senegal.
ID_RALYEB,"Trinidad's withdrawal from the American Convention on Human Rights, not a straightforward matter and a warm send-off for Jamaica's reggae boys."
ID_BKDKNA,I have written to the President advising him to formally assign...
ID_ZPGHVS,Dominica refuses to revoke passport of economic citizen wanted by Australia.
ID_CDHKRY,"More importantly for Caribbean countries, the economic declaration was accepted, an attempt to give the Commonwealth a meaningful role."
ID_YDMMWZ,"From London, BBC Caribbean Report."
ID_LUKSWC,Belizeans are voting in general elections today.
ID_XSZEIJ,"Well, of course, they have had their recommendations made to them some time ago."
ID_TXEYQV,Dominica's three recognized political parties are fielding fifty-five candidates in the January thirty-first general election.
ID_RIREXE,This is Debbie Nash in Nascar for BBC Caribbean Report.
ID_XCJQJE,"Listen, the president since he came to power in September..."
ID_FRVWNO,"I asked her if, as some analysts in Brussels have been putting it, Europe had had enough of the war and was pursuing peace at any cost."
ID_JIDYOT,And I would welcome particularly the new people who got elected from the UW.
ID_CTNCWW,Another significant development is the arrival in Haiti of a government-purchased shipment of oil and gasoline.
ID_YHGGKL,is a declaration that those countries ought to be invited in future to cooperate with the European Union in future international negotiations governing trade and economic affairs.
ID_JFTJNP,The Edinburgh summit will consider a report by a ministerial action.
ID_ROZXNU,"The Koliho seat on the West Coast is one example where the opposition parties have strong following, but both candidates were nominated today."
ID_RGVQEO,"According to Mr. Yard, last night at around eleven thirty, heavily armed police kicked down the doors to various sections of the building and searched it."
ID_KTZRER,Lucia's Prime Minister John Compton today testified before the government-appointed Commission of Inquiry into the misappropriation of United Nations funds.
ID_CVNSRC,And we're glad that there's a recognition and reiteration of how faulty the present policy is.
ID_SAKEBB,So now a minimum wage earner who wants to purchase a one hundred pound cylinder of cooking gas will have to fork out the equivalent of forty days wages.
ID_ZDBMLM,"From London, BBC Caribbean Report."
ID_FDRFVS,"The Dominican Republic downplays press speculation that it's a possible safe haven for the Tupac Amaro rebels in Lima, Peru."
ID_FDPSDQ,The government has locked away the competition in such a way that they all have to deal with cable and wireless.
ID_LFGSYT,"The fact that the opposition did so well, it means that we, of course, have got to work towards reconciliation, ensure that peace and good order are maintained in the country, and continue with the reconstruction of the country."
ID_YBZKFC,"Guyana, Suriname, the Netherlands, Antilles, and the Caribbean report has discovered the British Virgin Islands now have sex calls routed through their telecommunications systems."
ID_WJXRDS,"It's simply, it's a matter of fact, he is my son and he belongs to me."
ID_GQVCZU,and the second factor is getting the list of potential poll workers from the political parties and training those poll workers.
ID_PMGTAZ,"whether we continue the role as was played before by opposition, which is to oppose..."
ID_XYHUCE,So he went ahead and did it first.
ID_CRVPOF,that has to be dealt with bilaterally between Europe and individual ACP countries.
ID_QLCVPD,"At the moment, the registration of the voters is ongoing."
ID_GYNOGX,"and certainly on the part of Belize, this dialogue will be maintained."
ID_NGDJIZ,"They do not disturb me, quite frankly, in the least, even though there is this threat, as has been suggested in the news release, of contempt proceedings against me personally."
ID_FMGKYW,"President Desmond Hoyt has agreed to allow opposition scrutineers for the voter registration, but opposition parties claim their full involvement has been blocked by foot dragging and lack of information."
ID_DDFMDH,"But George Roddick, the editor of the British edition of Jamaica's Cleaner newspaper, disputes that assessment by the British Metropolitan Police."
ID_DDEZKZ,The bad part about the thing that I didn't like was the double standard that was set down both by the government and the cricket authorities.
ID_TQLDRS,I don't see how you can consider that here people would be tempted to make him defect and you are questioning whether he is being coerced by the Cuban government.
ID_XHRQMR,braved the heavy rains to restore power to the entire island late last night.
ID_BEKFGY,"In one downtown area, the protesters hurled what seemed to be two petrol bombs at the police who responded with tear gas."
ID_UAKFVQ,"In contrast to what I would consider the narrow-minded Cuban exiles that are dominating, in a sense, Florida domestic politics today, the Council on Foreign Relations..."
ID_JPZMMH,"As Trinidad and Tobago moves towards regulation of the press, we look at political attitudes towards press freedom in the region."
ID_GLKSWS,"The city of New Orleans was spared most of it, but the town of Biloxi was not so lucky."
ID_HBXNYV,"And Sandal's chairman, Gordon Butch Stewart, defends the all-inclusive concept."
ID_AOIQPK,The UK-based charter airline JMC says it's leaving the Eastern Caribbean.
ID_RDQKIK,"The Prime Minister had been hinting at early elections since last year, and neither of the two opposition parties has their list of candidates."
ID_CQXKUU,"After baby Doc Duvalier fled Haiti in February of the United States, the United States backed a rather wicked man named General André Nancy, in spite of the fact that for many months before the eventual denouement on November of the United States,"
ID_WQPYMA,"At the outset, both the Caribbean and Britain said they'd take the opportunity of the British presidency to advance Caribbean concerns about the review of the banana import arrangement and post-Lomé talks."
ID_KPFDLJ,"And I'm Vicki Abraham in Hamilton, Bermuda, where the island has taken steps to abolish the death penalty."
ID_VDFCPO,I just decided not to vote and that's just it.
ID_HIWORJ,Neither the Labour Party nor the Freedom Party was ready with its full slate of candidates.
ID_ONSEJX,The European Union has won an important round in its continuing battles with the United States over export subsidies.
ID_SFDMFD,"From London, BBC Caribbean Report."
ID_EVETLO,"The G-Seven Summit, a meeting between leaders of the world's major economic powers, ended today in London."
ID_RELZAM,It will be smoothed over if there is a more realistic...
ID_FFVCXE,"I, Janet Jagan, do hereby solemnly declare that I will bear true faith and allegiance to the people of Guyana."
ID_RILOFH,"As Leslie Goff reports, a new campaign has been launched to tackle economic exclusion."
ID_MENNDT,"After a week of intense conflict between the Teachers Association of Trinidad and Tobago and the government, the two parties headed for mediation talks earlier today."
ID_YEZBYB,"From London, BBC Caribbean Report."
ID_WJSJEN,"Mr. Winston Tucker, a Jamaican attorney at law, is urging the community not to be swayed by the congressman's latest proposal to seek amnesty for millions of illegal immigrants in New York."
ID_BQTPXI,"Officially, death is five."
ID_LUSYBT,It was felt that historical links with Britain would work to CARICOM's advantage.
ID_ZMUJFU,"From London, BBC Caribbean Report."
ID_QYKEPK,"It is likely that even if bananas is not formally put on the agenda, CARICOM foreign ministers will take the opportunity to lobby those countries currently..."
ID_LZQRLL,"Lucian official, how frustrated is he by the haggling at the conference?"
ID_QEQVUA,"Official reports out of Cuba confirm that while the storm affected thousands of acres of cane fields in the central and western regions, the island's vital sugar harvest will not be significantly affected."
ID_ODTDIZ,"From London, BBC Caribbean Report."
ID_DRUIKZ,"The execution of reputed jug lord Dol Chedi and eight of his associates should have been taking place tomorrow, Wednesday and Thursday."
ID_WOXTKI,"From London, BBC Caribbean Report."
ID_FOOOUQ,We are getting our message out to the public.
ID_YYTVJS,Life in the Bahamas has come to a virtual standstill as islanders prepare to meet the possible onslaught of Hurricane Floyd.
ID_VTERKJ,The gay rights debate in Guyana's parliament may be shelved.
ID_POMXXX,The oil of this spill is referred to as number six fuel oil in the petroleum industry.
ID_ZPIFPM,"arouse some protest against his visit, I would say that we're just as far from a good agreement or a good understanding as ever."
ID_DMRYWM,I asked the Cuban foreign minister for a comment.
ID_OWJORN,Special greetings to the delegation traveling with President Clinton.
ID_YRORQB,"I said to him, I will be reluctant to see you go."
ID_CUTXJY,It says that the Commonwealth has the opportunity to define a meaningful role for itself as we enter the new millennium.
ID_MOOPHR,The people of the Caribbean are burdened with debt.
ID_FWYHAF,This is a very sensitive issue right now.
ID_CICZMM,"The conference was thrown into disarray after the American and Israeli delegations announced their withdrawal, complaining that it had been taken over by Islamic extremists."
ID_SJOPKO,aspect in the process of discussion.
ID_BZVNQH,It's already attracted criticism from local lawyers and human rights activists.
ID_QXOXYB,His last famous and failed battle was to get one million dollars in compensation for a Barbadian convict who was shackled in prison here.
ID_KXNWNZ,Antigua's former Attorney General likely to appeal the dismissal of his case against the government.
ID_WYXCVU,Former Duvaldi Interior and Defense Minister Lafontaine suddenly reappeared at Haiti and began to campaign for president.
ID_TZVDTG,"The Eastern Caribbean provided six, almost half of the thirteen votes against."
ID_APZTYM,"If it is meant for him to have the power in the country, there is no need at all for a other coup."
ID_JIBTNI,"Coming from Santo Domingo, the plane was about to land in Puerto Plata for a scheduled stop before heading for Havana."
ID_WLMCBB,"In yesterday's programme, acting Vincentian Prime Minister Alan Cruikshank accused the opposition of trying to destabilise the government."
ID_MNVCLO,I'm Ken Richards and this is BBC Caribbean Report.
ID_ZKEYBN,"A high court judge in Guyana has ruled that the disputed nineteen ninety-seven general elections, which brought the People's Progressive Party into power, were in fact invalid."
ID_TNDJWL,"Overloaded trucks, brakeless and lightless, have accidents all the time on Haiti's eroded potholed roads."
ID_CUYNZZ,"In Trinidad and Tobago, seventeen hours of debate over the weekend failed to produce a Speaker of Parliament, and Prime Minister Patrick Manning has promised to call general elections within six months, but the Prime Minister has also hinted that he may make another attempt to get a Speaker elected."
ID_LTMBYY,The Commonwealth moves to adapt for the challenges of the future.
ID_VAAXPJ,"And as the Masters win the tournament in Sharjah, the Master Blaster fires a shot at the West Indies board."
ID_AHORQR,Was it for the ACP?
ID_DWNUJF,"I'm Hugh Crosskill, and this is BBC Caribbean Report."
ID_UHOXXV,"Former Costa Rican President Rafael Calderon, who dropped out of the race, had said a lack of support from the Caribbean was a key factor in his decision."
ID_XKZGYN,"After more than two weeks of relatively low activity, the troublesome Soufriere Hills volcano spewed thick black clouds of ash thousands of feet in the air."
ID_OLEVXS,"The Lomé Convention has grown from a five-year package of US$3.4 billion in trade and aid to the final US$11.7 billion ten-year Lomé IV agreement, which expires next month."
ID_QWVHGH,"I'm Hugh Crosskill, and this is BBC Caribbean Report."
ID_WQSLMX,and then dropped a ninety-eight pound rock on her head.
ID_VMJPOA,Dozens of refugees escaped from the main prison in the Bahamas.
ID_MZFEHL,"In Nevis, for example, it means that the usually sheltered west coast has taken a pounding."
ID_TLFSDI,"Ms. Miller, but I began by asking him if he wanted to see Nigeria expelled."
ID_LCXMWE,She's also in a key position in Canadian politics.
ID_TXCWIO,The banana trade dispute between the European Union and the United States has hit the editorial pages of the New York Times newspaper from a most unusual source.
ID_ZMTNCA,A white paper reinstating citizenship rights to residents of Britain's remaining colonies also zeroes in on the homosexuality issue.
ID_RGVXBZ,They are instructed to combat the criminality as
ID_LGZBLN,They were to look in on their charges every ten minutes.
ID_QVTDTM,"Thank God nothing happened, except perhaps a slight bruise on the lady's leg."
ID_ZCGHVO,"Day two of the coroner's inquest into the alleged suicide Tuesday evening of condemned inmate John Higgs is beginning to show signs of a frayed penal system, perhaps stretching as far as the Central Intelligence Division of the Bahamas Police Force."
ID_RLWISQ,I'm Emma Joseph and this is BBC Caribbean Report.
ID_LVLWLB,"In Barbados, the Catholic Church has called on Prime Minister Erskine Sandiford to take urgent steps to deal with the massive loss of confidence in his government."
ID_GOVZBR,"my social policy will be neither French nor Cuban, but Haitian."
ID_BYCJSV,The Venezuelan President Hugo Chavez strengthens his grip on power and the underwater volcano Kikimjeni threatens the Eastern Caribbean.
ID_VMCIOS,her aloof and arrogant style of leadership.
ID_GIIRMY,"Well, there's no reason why they shouldn't."
ID_TSXIZS,All of this procedure should take place between mid-January to sometime in February.
ID_VAQCEB,The government of Montserrat has requested fifty thousand of these.
ID_KSCNQH,"At the end of the day, it's your pride, really, isn't it?"
ID_XTJTEL,"Today, as yesterday, the young man sat silent in the prisoner's dock, occasionally making simple sketches on the notepad his attorney slipped to him through the bars."
ID_YDIIVP,Mr Lawrence told me the occasion celebrates things Dominican.
ID_WJJXJT,"Having missed six consecutive sittings of Parliament, the seats of the PNC parliamentarians automatically became vacant."
ID_BGXJYF,Jamaican police are continuing their search for six prisoners who escaped from a police lock-up in Kingston on Sunday.
ID_PVCMUF,"The international community has ostracized Haiti in all of its public statements, which have been very firm, very stern."
ID_LBCNCF,The Antigua Barbuda Prime Minister expresses alarm at Novision plans to secede.
ID_NILQSB,Windjammer's lawyers have reached agreement with the families of fourteen of the crewmen. New Orleans-based James Cobb is one of Windjammer's lawyers.
ID_GULZCW,I hear some people say they want a debate face to face.
ID_TLDRYA,"From London, BBC Caribbean Report."
ID_QVGNCC,He says the government will have to make its final offer in public.
ID_BGDJZE,"that while the legislature has failed to provide the funds needed to maintain payroll and other obligations of the government, the governor simply cannot send employees home."
ID_KHHBJO,Regional countries consider the impact of the global financial crisis and why the Caribbean is attracting an unwanted type of tourist.
ID_TKLIFI,It's so close that it matters not really.
ID_TNQITM,"Well, you mentioned the range of islands that could be affected by Tropical Storm Iris."
ID_PBXXFV,Gold bullion lost a dollar at four hundred and sixteen point seven five dollars an ounce.
ID_QIKHYE,"Certainly at the present time, the situation is a dicey one."
ID_CYNFXN,Voting in South Africa's first multiracial elections begins tomorrow.
ID_UFBGPN,They were shot down by a group of men attempting to steal a boat to sail to Florida.
ID_LRQCMC,And I didn't just see a prime minister there like some of my colleagues.
ID_EEEPTG,"Suriname's government is facing increasing political and economic problems, and Jamaica's opposition party considers taking shell tax waiver scandal through the court."
ID_EHRFTY,"Saying that much false information has been reported, Secretary of State Fernando Mercado urged people to calm down."
ID_BRDMNI,and former West Indies baser Andy Roberts on the state of West Indian cricket.
ID_ANANQW,to be used in rebuilding the infrastructure of the country.
ID_OBEXQQ,"What we have done is to utilize the experience and, of course, the credentials and the image of Mr. Manley in the wider Caribbean to foster the dictates of Caribbean unity."
ID_IPHDGC,That will hardly improve Mr Hughes' mood.
ID_CYHOTF,"However, journalist Tom Gibb thinks the Ibero-American summit has set a trend of foreign heads meeting dissidents."
ID_CEHJIG,He said the pace's strike rate made him the most incisive of all the outstanding fast bowlers of his time.
ID_SHJXXV,"As the Commonwealth suspends Sierra Leone, we asked the Jamaican minister on the team about perceived double standards and a new twist in the story of the assassination of Martin Luther King."
ID_LDRANM,"what's really needed in the Caribbean as a way of finding new investment that is meaningful, but also debt relief and other forms of aid."
ID_VDPBPL,I asked Mr. Brandt after the meeting whether such assessment would be possible.
ID_XTPTLF,and most government ministries appeared to be almost normal.
ID_EVERDW,And Adan Tobago's Prime Minister is stepping up domestic preparations for war in the Gulf.
ID_QVNLOW,Montserrat's governor says they're monitoring carefully the health risks from heavy volcanic ash.
ID_MQAKBC,"We do not know for sure how many passengers drowned, for we do not know how many boarded the Neptune around two p.m."
ID_URRVFB,"I asked Neil Poon-Tipp, the president of the Trinidad and Tobago Manufacturers Association, what was it about the CET that has irked them so much."
ID_MURFOD,"For example, not only can people not afford treatments, some people are put at very high risk of acquiring these diseases, and some people are shielded from risk."
ID_GGIYAN,"So they could only sign and they could only manage the regular daily issues from the government, but they cannot make any new decisions that will affect Aruba's money for the future."
ID_IFNUGW,against preferential treatment for bananas on the EU market has resulted in a fifty percent decline in our exports between nineteen ninety-two and nineteen ninety-seven.
ID_FCLLXH,President Castro has complained they're being encouraged to defect and that the team was competing in enemy territory.
ID_VCWGHG,The company has established itself as one of the leading supermarket chains in the UK and a business with a high corporate profile in general.
ID_NKGPND,otherwise it won't be automatically like it used to be.
ID_LHPSJW,And the United States is turning up the heat on Castro's Cuba and those who support it.
ID_TQCECW,Sanders are building fifty suites and expanding one of the properties by a hundred rooms.
ID_WPFJGC,Parliament is not allowed to pass any legislation except what is required to facilitate the holding of fresh elections.
ID_OIPLDR,Mrs. Robinson said she wanted the allegations thoroughly investigated.
ID_EHQUQS,"Now, Sir Neville says the longer the region waits to enter NAFTA, the more difficult it will become."
ID_YXJLTM,"That's the word from the director of the Montserrat Volcano Observatory, Dr Simon Young."
ID_JUXJMM,"Earlier today, I asked UV political scientist Neville Duncan how can that recurring decimal of arrears be resolved expeditiously."
ID_ATCWFC,"In Jamaica, a date is set for the Caribbean's first campaign political debate between a Prime Minister and opposition leader."
ID_XZITHU,British food giant Tesco denies snubbing windward bananas.
ID_JGNIDO,"Well, no hiccups as far as we know in the plans of the council, the electoral council, but there has been a concern here over the injunction that was brought by Dr. Lafontaine attempting to get the court to declare the electoral law and the elections themselves null and void."
ID_DSIIZQ,"No, I don't think anybody would have to make him defect."
ID_AUBQKX,Patrick Williams is the director of the Environmental Studies Unit at the University of Guyana.
ID_KMXXAE,"It's also the twentieth season in first-class cricket for the Jamaican captain, Courtney Walsh."
ID_MQHTCX,who prepared a report following his visit to the island.
ID_AOBCJF,Guyana police say two explosive devices were thrown at a building in Georgetown which houses two television channels.
ID_NUHEWZ,"In fact, I can say to you that the problems that we've had with the OECD countries, we've brought that to the attention of the Canadian government and they have been very supportive of our opposition."
ID_KNSMNK,"Community leader Donald Phipps, alias Zeke, appeared before the gun court in central Kingston this morning."
ID_KHPMSF,The proposal was discussed today at a special meeting of CARICOM heads of government in Port of Spain.
ID_BDSVVQ,"These include all Caribbean countries except Jamaica, Haiti, and the Dominican Republic."
ID_HYANZX,Powerful Hurricane Mitch hovers around Central American coastline.
ID_VTWJQD,Mr. Green broke security regulations by driving a car onto the Temeri International Airport tarmac and boarded a private aircraft for Barbados without clearing customs and immigration.
ID_GKTLVC,"The main objective of our undertaking is to rapidly improve the quality of the country's telephone and telegraph service, especially call completions and trunking capacity to the US, Canada, and the UK."
ID_QXQLTO,I'm Moya Thomas and this is BBC Caribbean Report.
ID_SQEDFF,"Also in attendance was Mr. Henk Herrenberg, who was command about us as Minister of Foreign Affairs after he seized power in..."
ID_QKIDLU,"What I can say about the incident, it took place on the southwestern coast of mainland."
ID_MVJTXO,Antigua's opposition says the government has burnt its bridges and freedom of movement for Caribbean nationals and Jamaica's parliament to consider the decriminalisation of marijuana.
ID_XLITRF,and Prime Minister Dr Kenny Anthony has defended as a strategic move the decision to launch the document now.
ID_WDUFEA,"Earlier today, I spoke with Mr. Roy's wife, who revealed that she has been, or had been given, a sinister warning about a planned attempt to assassinate her husband."
ID_YUHQJE,"We've been doing this for a long time, and it actually really stretches back from the roots of the company, which is Randy's Records in Jamaica."
ID_XXEEQM,"Lauren Gordon, you're listening to BBC Caribbean Report."
ID_MAZHLS,Lawmakers have been criticized for their reluctance to see beyond their constituencies.
ID_GHHDEP,The meeting came after the budgetary measures were barely squeezed through Parliament with an eleven to twelve vote.
ID_JNWMGN,Only two teams have beaten the West Indies since nineteen seventy.
ID_WVSXAO,Prime Minister Lester Burr was returning home from an overseas trip to deal with the situation.
ID_QCUSQH,"With the Ibero-American summit now no more than a historical fact, Cuba is settling back to business as usual, communist style."
ID_ZLPGDQ,I asked him what recommendations would the Haitian government be making to the authorities in St.
ID_AYAFUK,"Giving evidence today was the pathologist who performed the autopsy on the victim, Joanne Clack."
ID_IWRKZE,"Media reaction was especially intense in Britain, as Oren Gordon reports."
ID_LIRWQX,George's University campus in Grenada for BBC Caribbean Report.
ID_KDHPRN,and Caribbean athletes look to add to their medal count at the World Junior Athletics Championships in Kingston.
ID_GVIALP,I'm Ken Richards and this is BBC Caribbean Report.
ID_SIRCND,"David Dikiris, you're listening to BBC Caribbean Report."
ID_VQMMRC,The blazing fire Thursday night destroyed four historic seventeenth and eighteenth century monumental buildings in one of central Paramaribo's most picturesque areas.
ID_DPUSYV,And I tried my best to sensitize them on the fact that we have to mobilize the people.
ID_URPHHP,"Former British Overseas Development Minister, Baroness Young, says time is running out for the Caribbean."
ID_ZRBVPO,"In addition, it seems to have affected more the northern part of the gut as you go."
ID_CKDYJP,And could Marlon Samuels be reinstated on the West Indies cricket team?
ID_JRVDYX,"The embargo was probably, in a sense, a mistake to begin with, because I think we've seen in Iraq and other places that at least in the short term, embargoes are unlikely to work."
ID_PROLUF,Did the British government fail to notify Anguilla on the change in gay laws?
ID_FQQKNK,"When you do something, you have to pay the consequences."
ID_BXUTZC,Police authorities say the incident is under investigation.
ID_PAMPHC,Puerto Ricans want the training area closed after a stray missile killed a civilian guard on the island in April.
ID_XMXFGS,One hostage was killed apparently by two gunmen trying to make a getaway with ransom money after entering Assaut's arcade and taking a number of employees at that casino hostage.
ID_QECCWY,But why did BWIA think that post-September-Eleven it wouldn't have to let off staff when airlines around the world were doing just that?
ID_RLYSSV,"Only yesterday, Europe promised swift retaliation if the law is implemented."
ID_EJCRGR,An OAS spokesman says the measure would help to improve the exchange of information on the movement of people and money in the region.
ID_IIFMXQ,Mexico proposes to double the amount of cooperation funding it provides to the Caribbean.
ID_YRUMCL,This is a chance for President Clinton.
ID_EYKDEU,This Commonwealth Heisei Government Conference has given us a very clear framework of action that it wishes to see Nigeria embark upon.
ID_SDWIAG,A political scientist told Caribbean Report that the protesters seem to want to frustrate the business sector to the point where the businessmen will pressure the government to come to some kind of compromise with the demonstrators.
ID_VWHXAK,"It led to a lawsuit against the company, and as Oren Gordon reports, it's far from settled one year later."
ID_RHZSES,They also agreed to set up an economic development fund and finalize plans for the start-up of a Caribbean court.
ID_ZMPAGE,They've been discussing a new vision for the twenty-six-year-old regional common market and community.
ID_EVWDAE,I asked how sophisticated operation like the US Navy can make such a basic error.
ID_DBHTZR,This further escalation in the level of violent crime represents an even more unacceptable level of deterioration.
ID_XGEDFH,Mr. Grant made his call after visiting shelters for people made homeless by the volcano.
ID_UBJGFL,"The Governor and a volcanic emergency team, VGE, have been meeting most of the day following the collapse of the dome of the Soufriere Hills volcano on Saturday, spurring clouds of ash across the British territory."
ID_NOBWLB,"I mean, essentially what you're saying is, OK, yes, Montserratians can vote, but they have to come home to do it."
ID_XOYRUK,Damage has been done in this situation because words have been exchanged.
ID_PCKZHF,"Vincent Negredini, what our Prime Minister has been saying is that he has been given assurance by the British government that the preferential treatment will continue come 1992."
ID_YBAINK,and Guadeloupians continue strike action in solidarity with their counterparts in France.
ID_ZIBLVM,The embassy would only say that the matter is being investigated by the Jamaican police and referred all inquiries to the foreign ministry in Caracas.
ID_EOQXRS,"And to support our argument, we are saying that..."
ID_DRIWPC,"I'm just simply saying that at this point, a decision has not been reached."
ID_KBJZCN,There continues to be significant disparities between
ID_FLWZJE,"Lucia to discuss the situation in Guyana with Caribbean heads of state who are assembled there, the protesters seem determined to keep up their campaign against alleged government discrimination and victimization."
ID_PPEYLU,Aides to Mr. Green say the former PNC No. 2 man will await a court decision on a challenge to the expulsion before determining the next step in the PNC leadership struggle.
ID_BISRYH,Now he's criticized for not inviting a CARICOM team.
ID_RIMVAR,"General elections in the BVI have traditionally been marked not by physical violence, but rather by a war of words."
ID_DHYSMI,"We'll hear from the Regional Disaster Relief Agency in a short while, but first to the capital, Roseau, for an update from correspondent Ken Richards."
ID_GMEFTQ,Problems in Martinique's banana industry brings the island's imports to a near halt.
ID_ZIOIIE,Liat workers are being allowed to advance their plans for saving the financially strapped airline and keeping a tight lead on what they'll propose to the company's chief executive officer at a meeting this Wednesday.
ID_LKHPBV,And to support a policy of destruction is bound to have repercussions on these very countries.
ID_HETXBW,How is the opposition feeling about that?
ID_QUCHLC,Dame Eugenia has signalled that she will not be contesting the nineteen ninety-five general election when her third term ends.
ID_GCGWBJ,"From London, BBC Caribbean Report."
ID_IWJHCG,"But as we hear in this report from the BBC foreign affairs correspondent Jonathan Birchall, while debt relief was discussed, it was only in the context of the world's poorest nations and with no firm decisions being taken."
ID_NFRYJB,are seeing eye to eye on much of the mechanics of going about delineating what will be the boundaries.
ID_RWOIPW,And so what can I say?
ID_IZUUCL,to create connections for the major airlines.
ID_SCWWQL,G-Seven summit leaders and the IMF criticise for not doing more to ease the debt burden of third world countries and US officials say they have seized hundreds of car parts which would have ended up in Jamaica.
ID_AEXRWK,Hurricanes are an eventuality for which the islands of the Caribbean have to prepare every year.
ID_OYSVGP,"And at a press conference in Kingston today, Jamaican Prime Minister Michael Manley bristled at suggestions that the OAS and his government was negotiating with Haiti's military leaders."
ID_JCANBU,"After determining there were no trespassers on the restricted grounds, the Navy has provided no further details of the exercises."
ID_YEXZMU,"Sparrow, perhaps the only Calypsonian, to challenge Kitchener's durability, inventiveness, relevance, and as a voice of the people."
ID_YNODAF,Saudi dissident Dr. Mohammed al-Masari opens his appeal against deportation to Dominica.
ID_GVEUWA,"Can we really say that these events, singly or collectively, are in the public interest?"
ID_SWRGZL,although it should be pointed out that that particular electoral rule was a little padded because the election was called mid-term because of the fall of the...
ID_UUHZIY,Grenada's legal system still leaves three prisoners in limbo.
ID_SDVPMH,are supporters of the political parties being transported by the parties to the polling stations.
ID_DNELLU,We see drugs as a seamless flow from production through transshipment processing to consumption.
ID_FIUWXO,There is a legal obligation on the part of each member state.
ID_YMOONE,"Well, I suppose that, you know, I am a political leader and my party has contributed to..."
ID_KJNIZF,"It's 70 homicides for every 100,000 people is topped only by Colombia."
ID_ADWHCG,"I'm Hugh Crosskill, and this is BBC Caribbean Report."
ID_TBWZEH,"Since the beginning of the year, more than eighty people have been shot by the police."
ID_XCOZPE,Keith Stonegrass reports on tomorrow's debate.
ID_HKDPDH,Chief Justice Desiree Bernard warned the Guyana media that she will deal very harshly with anyone who disobeys her order.
ID_FPJPSC,"From London, BBC Caribbean Report."
ID_NELRQY,"Well, counter to the prosecution, they're saying that Taffy Bufton did not intend to shoot anyone when he went into their offices, and that only after a scuffer broke out, the gun went off, and Vera Burgin..."
ID_VAKDAK,I am Mike Jarvis and this is BBC Caribbean Report.
ID_GGOGCB,Rice millers and exporters in the country say they understand that Jamaica has concluded a deal with the United States to cut back Guyana rice imports next year in preference for purchases from the U.S.
ID_MJIUDX,The Guyana government has rejected calls from the opposition People's National Congress for fresh elections.
ID_LGEIXC,Guyana's Foreign Minister Rudy Nsenali has expressed concerns about alleged ill-treatment of Guyanese visiting or passing through Barbados and is taking up the matter with his Barbadian colleague Billy Miller.
ID_UXFWLW,It also claims that the Owens Bank paid off an American Express card debt of over six thousand dollars on Mr. Campbell's behalf.
ID_IAKEWK,A World Bank study on banana exports to Europe deals a blow to the Caribbean case.
ID_PVQAUF,"The samples are yet to arrive in Trinidad at the country's two testing agencies, Trintoc and Cariri."
ID_JDGWZZ,"I agree with you on that, that I think the British press has been very unkind to Belize as a way of getting at the ambassador."
ID_TVQQAT,"As if the displacements caused by volcanic activity aren't enough, recent actions taken by another banking institution are doing much more to shatter the hopes and dreams of many."
ID_XQALDY,The National Assembly functions to debate and approve laws which must be assented to by the President before they can be enforced.
ID_CRSZNI,"Eastern Caribbean leaders will consider how to revive their alien tourism sectors at a meeting in Castries, St."
ID_NMEFZL,The Caribbean and other developing countries have been increasingly marginalised by foreign investors.
ID_ZOORNT,"Parliament has been suspended and the big question in part of Spain is what happens next, as Raymond Edwards reports."
ID_NBYCJZ,I'm Ken Richards and this is BBC Caribbean Report.
ID_PMJHJQ,"From London, BBC Caribbean Report."
ID_RBEHUQ,That was as far as the opposition's leaders are concerned.
ID_ADICQM,"One person who is unconvinced by the army's promise this time around is Mrs. Louis Roy, wife of Haiti's Council of State President."
ID_CFAVLP,We talked them into going with VWIA because they're just going to the major gateways right now.
ID_ZDTXQU,The British Virgin Islands Chief Minister says Britain dragging feet over CARICOM membership.
ID_ZZWEVT,The president's eighth and final address on the state of the American economy calls for significant tax cuts and spending increases.
ID_AUXREL,I'm Hugh Crosskill and this is BBC Caribbean Report.
ID_LCNSZU,You're also asking for a fair trial for Noriega.
ID_EFKYCB,the exact specification of this bill.
ID_PNXYOD,"From here, we are leaving for the WTO ministerial meeting in Seattle."
ID_ATLOEJ,"The president of the Vincentian Public Service Union, Conrad Sayers, the finance minister, Arnim Eustace, told me that this is a wage increase he could..."
ID_BABREX,"From London, BBC Caribbean Report."
ID_PYQYLV,There was a swing against ruling parties and we are perhaps the only party in the Caribbean that have withstood that swing.
ID_GGMVHO,But the Vincentian minister expressed some concern about the way the changeover has been handled.
ID_RNXXLG,And new research shows that cannabis consumption could lead to mental instability.
ID_KKYEAB,"In his New Year's Day message, he said the Cuban leader will be among two distinguished Caribbean heads to visit Castries this year."
ID_EOMZYV,"I believe that only after I issued a press release yesterday making it clear that the government in fact had knowledge of this since nineteen ninety and that was in fact confirmed some time ago by one of the government's ex-ministers, I heard it announced today that the commission will finally invite Mr. Rufus Busque, which they've been staying away from, to make an appearance."
ID_MMBDVY,"Very early, the Americans expressed concern."
ID_DNVKBS,"They have not been able to prove it, and so they are trying to drift away from it."
ID_CCHJCW,Cuba confirms arresting four dissidents.
ID_VUTGDI,A major money laundering operation has been uncovered in Antigua.
ID_ERCBJF,It is expected that the court could start hearing the motions tomorrow.
ID_ZKNALV,I think that she is not politically engaged in any political party.
ID_NLBFZG,Cuba's President Fidel Castro sacks his longtime foreign minister in a rear inner cabinet shake-up.
ID_DQEBVV,The state of Hawaii has a sixty-five million dollar budget.
ID_EALANT,But how many candidates will your party field and how many will Mr. Banks' party?
ID_YOYDRE,Belize counts the cost of one of its worst ever hurricanes.
ID_OIFZJH,"and Grenada's recently dismissed High Commissioner to London, complains of being locked out of his office."
ID_FBQIJI,Former Suriname strongman Daisy Bautese flexes his political muscles.
ID_FQDOCK,"So when you exclude the date, the effective date of the letter of withdrawal and polling day, which is January thirty-first today, you have only six clear days."
ID_LKOGNS,So the people that are charged with trying to persuade people to make use of their democratic right are happy up to now.
ID_ZXVKIS,Stay or break away is a decision the Vicians will be making in two weeks' time when they vote on secession from Federation with St Kitts.
ID_NDYDOY,And the main reason for the non-utilization is the bureaucratic delays that have been attendant on EU aid to date.
ID_HBEZBQ,"A copy of the letter has been sent to the Commission of Police to investigate, but Mr Charles insists he isn't fearful for his life."
ID_HWDNUD,"Now another person championing the cause is Dominican-born New York City Councilman Guillermo Leonaris, who visited Vieques recently."
ID_OQLIAX,"From London, BBC Caribbean Report."
ID_LCVUYH,religious cult leader Vernon Howell is said to be caught up in the ongoing standoff with U.S.
ID_THWRMH,"I'd say I'm surprised, came his reply, and then an explanation, quote, but you have to understand we have some weak ones."
ID_SQXFTE,"And as the bigger picture unfolds in Europe, a domestic squabble in the Wynwood Islands threatens the island's shipping arrangements."
ID_UNAFOT,"Stalemate, the eighteenth month stalemate now in Haiti, has a direct incidence on those phenomena."
ID_HOJPGU,"Beaches like Antigua, rainforests like Guyana, and banana farms like Dominica."
ID_JSEIIU,"However, in his affidavit, the commission of prison, Cipriani-Baptiste, testified that the men were allowed to meet with their lawyers."
ID_TQVQUE,"And while we did not see eye to eye on this subject, we were able to discuss it in a calm and rational and constructive way."
ID_ZKYEWV,I'm Ken Richards and this is BBC Caribbean Report.
ID_UCNGLQ,Ketson Nevis as a safe and tranquil Twin Island paradise.
ID_ZLQMYE,"Although there are more than seven thousand registered voters, hundreds are currently overseas because of the active volcano."
ID_GLHMNE,Violent protests escalate in as Ghana's political crisis deepens.
ID_UMRXRU,"Two ex-assistant secretaries of state for Latin American affairs, Caribbean affairs, one a Democrat, one a Republican, two ex-secretaries of state, Kissinger and Vance, a committee of the Council on Foreign Relations, a task force that has just studied this, totally agrees."
ID_GGOGPX,"From London, BBC Caribbean Report."
ID_EXZQKS,Geraldine Coughlin reports from The Hague.
ID_YMYNJT,"Mr. Robinson made the remarks at the United Nations in New York today, and he says he will raise the issue when he meets with U.S."
ID_OMQKKD,And new ratings for test cricket-playing nations.
ID_GQKVKC,"because of a bumper crop last season, which spells more money for the growers of Grenada's dark gold nutmeg."
ID_KMMCZU,"Not being influenced by the strength of our arguments, then perhaps we might find a useful alternative in having them influenced by the argument of our strengths."
ID_ZEZZCC,"Yesterday, former Prime Minister Basdio Pandey walked out of the talks, saying that Prime Minister Patrick Manning is not serious about power sharing."
ID_LYXVLA,"From London, BBC Caribbean Report."
ID_QVRDPG,"That depends on their latest appeal, based on the increased speed they say their cases are being dealt with."
ID_TUPGVA,And the UN High Commission for Refugees describes as excessive some attempts to repatriate Surinamese refugees from French Guyana.
ID_DBQLPW,President Jimmy Carter in a national development plan and Grenada's hotel sector under pressure from lack of water.
ID_DEUFOB,"As to who the cabinet ministers are going to be, as to who the senators are going to be, that has not been decided yet."
ID_OFDKWW,Dr. Barnett said the launching of the charter was therefore very timely.
ID_CXFZBO,"The Costa Ricans have made their appearance conditional on its president, Miguel Angel Rodriguez, being allowed to meet with Cuban dissidents."
ID_BQBCEM,"renew all the services, department by department."
ID_KJNZDW,"Right now, the Nevis Reformation Party is saying that we need to try constitutional reform."
ID_RWPYBL,The panel is due to hold its first hearings from the tenth to the twelfth of September on complaints about the European Union's banana export regime.
ID_XJXQXI,Britain's Foreign Secretary Robin Cook explained the importance of the review.
ID_MUDOWH,"She's been charged with complicity in January's failed coup attempt, staged by former de Valeris minister Roger Lafontaine."
ID_RATUCL,"From London, BBC Caribbean Report."
ID_REYUVL,"He ruled out the possibility of having the ballot papers reprinted, as the disciplined forces will be voting on Monday."
ID_FMNGFW,Coast Guard Clingington in a tube and the United States Attorney General in a courtroom battling it out.
ID_DARICT,"that appropriately capture the dimensions of their vulnerability, their volatility, as considerations that can affect their capacity to function in a new global society."
ID_FYBAQK,He announced that the police force will take over management of its own budget and the police and military will work to fill three thousand vacancies.
ID_ZHCWCR,We have made a genuine breakthrough in returning illegals to their countries of origin.
ID_SBCRTL,"Jamaica's Minister of Finance, Hugh Small, has resigned."
ID_LLGEVC,I think the entire world is going to mourn this.
ID_KIOQAF,"Anyway, I don't see how they can go on because they have against them the entire population."
ID_AMQXFJ,So you have been chopped before and you are chopped again now.
ID_RDHXPA,"I'm Hugh Crosskill, and this is BBC Caribbean Report."
ID_MYSVPK,The only presence out there is the army.
ID_HXHIZC,Christian life has ethical implications that are rooted in doctrine.
ID_WGFUJH,"On the bullion market, gold closed two point two five dollars higher at four hundred and two point seven five dollars an ounce."
ID_HHETNR,"The basis for his confidence, its work is simply too important."
ID_MEVABQ,"It accentuates the fact that we have a rich cultural heritage, a rich cultural tradition, and that we need to maintain our culture, especially now that we've come to the end of one century and moving into another."
ID_ETEOLE,What the government sought to do and has effectively done by declaring the state of emergency and putting the Speaker under house arrest is to remove her from the scene so that the debate can take place.
ID_NJPKHD,"The cost, the actual cost of obtaining the ships has got to be reflected in the transportation cost."
ID_SQLMCW,I'm Oren Gordon and this is BBC Caribbean Report.
ID_PVWAIM,The statement made in Georgetown makes it clear she doesn't think that this happens as often as it should.
ID_NTTFXU,"One of the key players in getting the two sides around the table is Jamaica's political ombudsman, Bishop Hiro Blair."
ID_VQPCDY,"From London, BBC Caribbean Report."
ID_EYDAPU,Almost a total unknown what the outside world is concerning.
ID_MWCDRK,"Meanwhile, the Trinidad Express calls for constitutional change to ensure the interests of Tobago are saved."
ID_BYGLNA,"And in Trinidad and Tobago, an increase in the number of cases of wives beating their husbands."
ID_VHLAPW,The focus has now shifted to an alliance amongst the three and the opposition People's National Movement to remove the Pandey administration from office.
ID_UPCYDA,"People say, we are defending democracy."
ID_SDKSZF,"Also for some developing countries it's difficult because they know that if an agreement will be reopened, it's a risk that the new agreement which will be concluded would be less profitable for them."
ID_HPFPGU,"two, the retention of membership in international human rights bodies, but..."
ID_DVVCGN,He'll be up against the progressive Liberal Party of Opposition Leader Perry Christie.
ID_PREJII,EU Parliament Debates Future of Lome
ID_EIRGWX,"For, while he is preoccupied with the politics of putting together a new government for Curaçao, Poirier must now place equal effort at forming a new federal government with the additional challenge of specific objectives set by the governor of the Netherlands, Antilles."
ID_XUWTHS,"They say the new development at the Carlisle Bay Hotel will destroy the environment of the area, particularly the mangroves on which the villagers depend for fishing."
ID_WJJHJZ,More signs of an organized bombing campaign in Guyana as the security forces detonate a device found outside the Supreme Court.
ID_SLSOWY,Barbados Prime Minister Erskine Sandiford's tax-free budget delivered yesterday evening has come in for stinging criticism.
ID_BXRUBA,I will be speaking to Monsignor Joseph on this matter.
ID_ACWBUF,"Well, the views are mixed in Washington, and also, I presume, within the administration, because the general's view is not the official view at this stage."
ID_GMVGDS,"did not talk to the backbenchers and things that should have been discussed with them, like a reduction of duties on fees on transfer of lands and properties."
ID_ZALEFV,"London, BBC Caribbean Report."
ID_LIESOG,and Canadian athlete Angela Taylor-Issagenko tells a drug inquiry about the role of Dr. Jaime Astafan.
ID_HNDFVK,"And the commercial banks basically said, we will give you the money on condition that you implement these very much recommended austerity measures, and among those, cutting the civil service core."
ID_LUWGDK,"From London, BBC Caribbean Report."
ID_HXSFFV,"Last November, Juan Bosch, with the leader of the Dominican Liberation Party, has notably increased his advantage, gaining five points."
ID_PTKBEH,"Colin Smith in Georgetown, Guyana for BBC Caribbean Report."
ID_IGLLLE,I'm Ken Richards saying goodbye from London.
ID_GCQCTX,We'll hear the response from Caribbean diplomats in a short while.
ID_DTNKDL,Mr. Robinson said he fears that the hardliners will now use repressive measures against protesting civilians.
ID_RKXSTN,"announced his intention to run again at the end of last week from the American city of Houston, where he was given a good health certificate by his doctors."
ID_ZPLOGZ,I'm Ken Richards and this is BBC Caribbean Report.
ID_XYLYMV,any improvement or any possibility of improvement of relations as long as in Washington remains or prevails a policy that does not respect our independence.
ID_FXOBWW,Word from Haiti's Washington ambassador that deposed President Aristide would be willing to restructure his government.
ID_MEALXK,And the benefit for spin twins Ramadan and Valentine takes a turn for the worse.
ID_QNVNBE,A statement from the office of Prime Minister Mitchell says she was fired because of what it described as vulgar attacks on him yesterday.
ID_ORAMBM,I'm Oren Gordon and this is BBC Caribbean Report.
ID_HOQIIS,"I see it going up in the air and the people are attempting to put some cloth, big heavy blankets under the wheels to drag them back out into the water."
ID_USWALZ,I'm Carol Orr and this is BBC Caribbean Report.
ID_TBWYST,We'll be bringing you this story in our coverage of the Caribbean news.
ID_FNQLFH,"When you were actually in the Bahamas, did you get a chance to speak to any of the Caribbean foreign ministers?"
ID_LWYFTF,Forestry Minister Sachdeo Saw told the BBC Caribbean report a short while ago of the latest efforts to get overseas help for what the government considers to be a desperate situation.
ID_HZTWML,Christian Aid also wants monopolies controlled and restrictive business practices regulated at global level.
ID_HLSCCN,Antigua's three opposition parties have merged to launch a single assault on the ruling ALP.
ID_DJHQUM,This is the first time the cabinet has directed the Minister of Health to fill all vehicles.
ID_QREPRP,i think chances are that the justice department will aggressively defend and litigate the suit brought by the family
ID_SGLRTC,More than six thousand five hundred people are eligible to vote in the upcoming poll.
ID_XUVIRV,Haiti's military government is claiming that it is forming new trade ties with the Dominican Republic.
ID_BODHXW,"The press, having during the weekend, leaked the possibility that elections would be held in April."
ID_HEURRE,It was the collapse of the local government of Curacao that precipitated the fall of the federal government.
ID_KWJXNA,and therefore the move by SLBC is not surprising.
ID_NVHWXT,"From London, BBC Caribbean Report."
ID_DBSFMQ,Mixed results for the Canadian-owned Omai Mining Company as a commission of inquiry delivers its report on the cyanide spill and five people have been killed in a plane crash off the coast of Nassau.
ID_UBSBJD,Sir Eric Gehry to be given a state funeral and a last apartheid president bows out of politics.
ID_MCULJN,The formal opening of the OECS Heads of Government Summit is underway in the British Virgin Islands.
ID_DXKEPA,"The announcement, which was made on Wednesday, stems from a meeting held last week between Prime Minister PJ Paterson and the heads of the local security forces. At that meeting, it was decided that soldiers would be used to patrol the most violent areas of Kingston. These areas include sections of Mountain View Avenue in eastern Kingston and sections of western Kingston, which have been experiencing outbursts of violence since the July seven to ten unrest during which..."
ID_VHYOGG,"Yesterday evening, the battle for the leadership of the ruling Conservative Party was sent into a second round when Prime Minister Thatcher failed to gain the level of support from the Parliamentary Party needed to hold on to power."
ID_IZSAHH,"Although Guyanese generally dismiss claims to two-thirds of the country, Venezuelan politicians in particular feel strongly about what they say is Britain's cheating of their country out of its land two centuries ago."
ID_YBUAJT,"From London, BBC Caribbean Report."
ID_LLMEEZ,"Back in Georgetown, two Winjama representatives, Stell Newsom and Peter Stern, had lunch with some of the relatives that are to take part in tomorrow's service."
ID_FYCTHJ,The talks come five years after a similar conference was held in Barbados.
ID_NDYCLL,"Once funds are passed by Parliament, it's a matter for the Minister of Finance to disburse those funds, and a matter for the Chief Justice to determine how they are spent."
ID_EKBMHW,Already there are fears in the private sector that hundreds of jobs may be lost as a direct result of the budget proposals.
ID_QBZFYC,The Chief Minister says he plans to meet next Wednesday with insurance companies who used to operate in Montserrat.
ID_WQOWVI,"They would have preferred, he says, that not one man should leave the utilities, but rather great efficiencies and operations be sought to bring down the cost of running the utilities."
ID_KLCXNQ,A procedure is put together in a couple of years.
ID_TIOBXS,"Guyana's main opposition party, the People's National Congress, is insisting that nothing has changed, despite the finding of the audit team that it found no evidence of fraudulent ballots."
ID_WRQBEC,I'm Moya Thomas and this is BBC Caribbean Report.
ID_ULXZKI,"However, a group of persons who seemed very angry about last night's events remained."
ID_ZLAGNN,"We don't really accept this contract unless, as I say, it is ratified by a constitution."
ID_SCZERM,"Bineta's opposition leader Michael Batiste is calling for a full investigation into one of the recipients of the island's now shelved economic citizenship program, a seven-member Iraqi family."
ID_WIZDDM,Five opposition parties decide to boycott the Guyana elections while the Commonwealth Secretary-General expresses concern.
ID_DEDWDH,Certainly the people were massively opposed to his return to power.
ID_JXDSDV,The organisers say it's sponsorship.
ID_VKVISE,"and therefore the potential for an infected bird, now you can have a number of possibilities."
ID_ZVWQEB,But he tested positive for the banned substance Nandrolone and was forced to withdraw from the World Championships in Seville.
ID_CONUXB,And a former rebel assesses the West Indies' chances against South Africa.
ID_JJRCSY,His remarks came as the WTO held a special meeting of its General Counsel to discuss the trade war between the United States and the European Union over bananas.
ID_EWPJEX,"However, our Georgetown correspondent Sharif Khan did speak with sources involved in the meeting."
ID_FRVMZH,"If this is the case, how do you convince the wider public to continue giving money if you're seeing now a year later that the people who need it aren't getting it?"
ID_GZQMXN,"borders to have in place what it called security rules, as tough as those imposed on U.S."
ID_NVDXKG,I'm Oren Gordon and this is BBC Caribbean Report.
ID_OONQEF,"And then, of course, he blossomed and blossomed into one of the best we've had in the Caribbean as a quick bowler."
ID_KTBOZQ,It is quite a thing to see of the size that the rest of the Caribbean is not accustomed to.
ID_GSDUQN,I'm Hugh Crosskill and this is BBC Caribbean Report.
ID_VDCEZH,Will the political parties involved support the new law?
ID_PSBQNM,"And in the meantime, people have been in a very bad situation."
ID_ADJDIM,Dr. Mitchell has also dismissed claims that his huge parliamentary majority has made him adopt an autocratic style of leadership.
ID_VQQSSK,The European Commission is nearly ready with its long-awaited proposal for reforming the banana regime.
ID_DQUZXC,Political observers here believe the election campaign leading up to the March tenth poll will be a grueling one as the candidates seek to woo the support of the seven thousand plus registered voters.
ID_VNKBCG,"Lucia's banana industry could have international implications, and why more than two dozen whales have beached themselves in Trinidad."
ID_DRZUXN,and quite frankly I think we do look a little bit silly for the reasons that you suggested in your question.
ID_XDBYMU,that any such meetings will contribute to the process of peace.
ID_LGXSNM,"The Cubans, according to many observers here, would be ready to maintain relations."
ID_VRYNBQ,Trinidad and Tobago's Prime Minister says CARICOM leaders will not lose enthusiasm for integration when Michael Manley goes.
ID_RXIURQ,And Britain's Indo-Caribbean community celebrates Indian Arrival Day.
ID_SNKWIE,No boy is a much larger player.
ID_GLRBSK,"The atmosphere in the Guyanese capital, Georgetown, remained tense today, but there have been no reports of further clashes between the police and demonstrators who support a strike by government workers. Officials of the Public Service Union, which called the strike, have been meeting today to decide on their next move after angrily denouncing a police raid on their headquarters and threatening retaliation. In the past few days, the police fired tear gas to try to subdue the violent protesters."
ID_VAZPVR,The fact what keeps us in the market vis-a-vis the Latin countries is really the licensing system.
ID_NXVCLX,I'm Ken Richards and this is BBC Caribbean Report.
ID_ABAETT,Vincent have been emerging from an inquiry into the state of the prison.
ID_XODRJV,The Prime Ministerial team is being headed by Grenadian leader Keith Mitchell.
ID_WJZESQ,It incinerated the last village standing in the far east of the island.
ID_ZTSPUM,"Smith was lying low, avoiding the glare of publicity."
ID_JPWRBY,A recent preparatory conference held in the Cuban capital also failed to attract a large gathering and consisted mainly of low-ranking officials from the invited nations.
ID_EPEDEX,"But as Tony Fraser reports, the Maraj faction is threatening to take the matter to court."
ID_ATXTLI,"Well, as you heard, fears in the Wynwood and Leeward Islands that yet another hurricane is on the way have been dismissed by the Miami Weather Bureau."
ID_CSOTYB,"From Nassau, this report by Hugh Crosskill."
ID_ILYOQT,"Growing opposition to copper mining plans in Dominica, St."
ID_QJEQUA,"They may receive winds of tropical storm force, which would be of at least thirty-nine miles per hour, but there should not be significant damage, if any, caused by the winds for this particular storm."
ID_VMAQRO,"With that goal in mind, we will maintain economic pressure through the embargo and the Helms-Burton Act."
ID_WUFFWO,Montserrat is to ask Britain to strip their governors of some powers and is the World Trade Organization America's instrument.
ID_RJSKMP,We've just heard that President Arthur Robinson has asked the Prime Minister for an apology over the whole affair.
ID_FWBAKA,And regional airline Liat trying to come to grips with its financial problems.
ID_INCQFI,"The simple reason is that Cuban rights is a huge multinational, a huge conglomerate."
ID_OCZIPF,There was a special meeting of the Prime Minister with the Ministry of Health.
ID_JVNEOM,"The president of Haiti's State Council, Dr. Louis Roy, says as long as Roger Lafontaine remains free in the country, pre-election violence is almost inevitable."
ID_JFQEOZ,Trinidad says it's reduced its rate of kidnapping.
ID_UZTIKA,We happen to believe that Britain's national interest will be served by having a constructive relationship with our neighbouring countries and that we'll get a better deal out of Europe if we restore Britain as a leading force in Europe rather than as an offshore island sulking in the sidelines.
ID_DLPIQK,"Meanwhile, Cuban authorities have stepped up their offensive."
ID_RHYRMX,I'm Ken Richards and this is BBC Caribbean Report.
ID_NQLWZF,"At some schools, the houses are crumbling down."
ID_JMTBFQ,"And we say, after ten months, if you really wanted to do it the way you say it, you would do it, because you can do it."
ID_AJWUWP,"If the planned executions come off on Tuesday, Wednesday and Thursday of next week, they would be the first to be done here in nearly five years."
ID_XTINND,"So Europe has until January 1, to strike the difficult balance between observing WTO rules and honoring its pledges to the banana-producing countries of Africa, the Caribbean and the Pacific."
ID_OMFRFT,The United States is threatening to stop financial aid to countries which do not grant American soldiers immunity from prosecution at the International Criminal Court.
ID_LCKDPX,A lot of citizens are going to be listening and their ears are picking up to what promises are made and whether those promises are going to be kept.
ID_WFFGQE,"Mr Charles Savarin, Dominica's ambassador to Brussels."
ID_RHJRFX,Detective Alfred did not log the call and an investigation was not launched for another thirty-six hours.
ID_GLIRTK,establish a national advisory commission to deal with this matter on a national front level.
ID_PGEOVL,Guyana and Cuba are to strengthen relations between them.
ID_GKCWGF,"The immediate past president of the Insurance Association of the Caribbean, Charles Patterson, told me that at the end of the year, insurance rates come up for review."
ID_VRHSZZ,We shall see how the talk can go on.
ID_HEPQIK,The Bahamas' new Prime Minister promises changes without victimisation.
ID_KRIDWT,So it's going to be very likely that an interim administration will be accepted?
ID_NKKFPA,Vincent and the Grenadines is second only to Jamaica in marijuana production.
ID_DZYHYE,"While the offer was welcomed by many people, there were some who accused Mr. Clinton of playing politics because his wife Hillary..."
ID_TSVVSZ,"Sir James, like other Wynwood Island leaders, is worried about the banana trade dispute between the United States and the European Union."
ID_PDTKXG,His blunt comments seem to have broken the impasse between the government and the public service unions.
ID_QFZDYB,"Well, usual one, roof blowing everywhere, flooding, coastal damages and this kind of thing."
ID_QPESEJ,I'm Hugh Crosskill and this is BBC Caribbean Report.
ID_KIIIIG,Bauxite-producing countries such as Jamaica found themselves battered by the effects of the collapse of the former Soviet Union.
ID_UQZWRK,Reports out of Haiti suggest that the de facto government is making a determined effort to root out any form of opposition.
ID_MPGKLQ,"In the case of emergency, they will have special weapons as the other police will have."
ID_RRPHBV,I'm Ken Richards and this is BBC Caribbean Report.
ID_LTDQQH,"Andrew Kamichael, a television journalist based in Berbice, is monitoring the situation in Corrivaton."
ID_NCVUFA,Martinique and banana farmers have relaunched a protest which has blocked the island's port for the last few weeks.
ID_YNVOSO,He said the handling of the volcano crisis provided the most glaring example of the vulnerability of a small state.
ID_KIBAUT,"And Mr. Carrington's departure from the ACP follows his defeat in an election last year, in which Ethiopian Gebre Behani was voted in to the Secretariat's top posts."
ID_MCEBHU,"of using a form of shorthand, what will come to an end, as we've been told by the European Commission, is the arrangements which implement the banana protocol at present."
ID_KIGZWW,Prime Minister Dr Kenny Anthony has said that the banana situation in St Lucia will be a major priority for the new Labour administration.
ID_PGTPJF,about seventy five miles per hour at that time.
ID_PWIZIX,"We are not going to deny our historical links, nor are we going to forget that in the long run of history, we all in this region have to find a way to work together and to help each other."
ID_ZROCZM,"Trinidad and Tobago's Prime Minister Patrick Manning explaining his rationale for an economic union between his country, Barbados, and Guyana."
ID_WKGEFW,My feed from Jamaican Radio.
ID_PYACNC,The United States Attorney General Janet Reno has agreed to meet with the Minister of National Security and Justice and other top Jamaican law enforcement officers as the government seeks overseas help to deal with the sharp rise in murders.
ID_KYBPFQ,"Of the seventeen countries on the list, four are from the Caribbean."
ID_LJEPTU,I'm Oren Gordon and this is BBC Caribbean Report.
ID_LJTNSN,"Grenada's former Prime Minister, George Brisan, delivered a strong attack on the challenge of the United States to the protected market in Europe for Caribbean bananas."
ID_BFYTSN,The announcement fell short of dissolving the combative Haitian parliament.
ID_BMNYFF,The West Indies cricket team told to change its name in line with new sponsorship.
ID_YGAZTB,I'm Mike Jarvis and this is BBC Caribbean Report.
ID_YSVCAW,The private sector organization of Jamaica has been spearheading efforts to find a political truce.
ID_OCHRFI,I do not contemplate that situation because I do not think it will arise.
ID_SSYNDC,Prime Minister Compton told Parliament today that Noboa does not need Wynwood Island's fruit and that Ecuador is hostile to preferential access.
ID_OONQPG,"If you look at prevalence among people who live in slums in Port-au-Prince, women who come for prenatal care, who are not coming because they're sick with HIV, that up to ten percent of them are found to be infected with HIV."
ID_VEBMWP,"From London, BBC Caribbean Report."
ID_EGXOTN,The UK supermarket giant Sainsbury's are planning to establish a large agricultural presence in Grenada.
ID_WKVTMA,"But he's not a hero, but he's a famous criminal, as I say."
ID_WOQUAQ,And Britain's Labour Party gives conditional agreement to the establishment of black sections.
ID_PZPOOB,"So the question is, as it has been all along in this saga, who speaks for the six-year-old, then five-year-old Elian Gonzalez?"
ID_WMWMOF,But Colin Smith in Georgetown reports that developments today don't give much hope that that level of dialogue will take effect.
ID_AVZRGS,The British guard ship HMS Southampton is stationed off Montserrat to provide help for the evacuees and in case the Soufriere volcano erupts and the entire island needs to be completely evacuated.
ID_ZDZMGP,This is BBC Caribbean Report.
ID_QXRRXY,"For days, everyone in this jolly old town walked around puzzled."
ID_MYPMEY,"I'm Oren Gordon, and in this special edition, the problems facing cricket, the possible causes, and the fight back."
ID_AURANO,"They appear to be a very small number because in the last elections, three hundred and ninety-nine thousand people voted."
ID_VZRWKS,"Bernie Grant, you're listening to BBC Caribbean Report."
ID_CHSUJF,But Mr Pandey's described his choice of Mr Manning as unconstitutional.
ID_XFZEZD,I'm Carol Orr and this is BBC Caribbean Report.
ID_MOLYAC,The Caribbean Association of Travel Agents has been defending its decision to single out American Airlines and British Airways and its refusal to handle ticket bookings for airlines that have cut their commissions.
ID_XTPGKT,"Jacob's frozen body was found yesterday on a plane that had just flown the port of Spain, St."
ID_RNRZKH,"And as Sharif Khan reports from Georgetown, opposition leaders are calling for a public demonstration in protest."
ID_RULXWM,"What we're saying is that, look, these issues are grave issues which turn on the Constitution."
ID_SRHAJJ,But the government immediately sought a stay of execution of the judgment handed down by Justice Brian Alleyne.
ID_TIJNUH,"I think, yes, the people is worried, even if the public health is in shambles and the education is a disaster."
ID_HPSEPB,I'm Hugh Crosskill and this is BBC Caribbean Report.
ID_TOTOAX,"Lucian Ministry of Finance official Vishnu Tulsi, CARICOM's Cornelius Fevrier and Sheikh Khan of Guyana."
ID_ECVJRP,for an immediate return of the child from Cuba.
ID_EJFAXW,So the governor was on the air at least three or four times urging residents to prepare.
ID_JZOQDG,Small fisherman boats were sent to recover the drug.
ID_CTGPRA,"So the tribunal will operate on an ad hoc basis if the idea is accepted in the absence of the International Criminal Court or even where there is a court and the tribunal needs to be set up having regard to the particular situation, then it can be."
ID_HVIXYZ,"And any price, anything it takes, I would defend my character."
ID_ZUBSDV,We should open it up to communication and investment.
ID_VHGQRP,We'll hear from the Prime Minister Bird in a short while.
ID_CNMBYW,"He's very critical of the government's accepting Baltic's withdrawal from the talks, pointing at the progress that was made in creating conditions to bring an end to the war in the interior."
ID_MJICIF,The Caribbean needs in a world breaking into trading blocks to clearly establish a Caribbean trading block and move towards that so that its voice can be more strongly heard and its opinion
ID_JPQZHL,I asked him what had prompted this conference.
ID_GKUDUJ,What do you think your chances are of that nomination being accepted by the Consul?
ID_LFRKOY,A two-year-long murder case in Bermuda has ended with the accused man walking free because of evidence brought too late.
ID_RMGKSJ,"Anguilla's chief minister insists that his administration is legal, and the Belizean central bank governor sheds more light on the business dealings of the businessman Michael Ashcroft."
ID_HBVHTN,Geoffrey Jennings-Clarke is the Executive Secretary of the Insurance Council of St.
ID_VEMBWT,"The team doctor, Rudy Webster, saw him through this and spoke to BBC Caribbean Report at the time."
ID_BEEGLM,"Today we focus on Belize, the only Central American country to be a member of the Caribbean community."
ID_DZGIQR,"From London, BBC Caribbean Report."
ID_OSPWOR,The Clinton position also seems not to have impressed the Haitian refugee center in Miami.
ID_GHDSZY,The result is last night's announcement by President René Préval to end the term of the country's parliament and appoint a new prime minister by decree.
ID_MSIKSH,I'm Emma Joseph and this is BBC Caribbean Report.
ID_CIKMUN,Mr Walcott had an additional objection to the way in which South Africa was hustled back into the fold.
ID_RGHQKB,I'm Ken Richards saying goodbye from London.
ID_UWNWTD,"With the removal of the three ministers who have been severely critical of the government,"
ID_DINOJL,"who had traveled from all parts of Guyana, hoping to view Dr. Jagan's body for a last time, but were unable to do so."
ID_YWRZRP,and the Caribbean falls into line with efforts to curtail the world's ever-expanding population.
ID_XKNCIK,And you're listening to BBC Caribbean Report.
ID_STQYJW,"Robbie Wilshcombe, who is also an opposition senator, refused to disclose to the court how he obtained a suicide note from the death row prisoner John Higgs."
ID_IPUVZK,And Barbadians gear up for a big weekend of crop-over celebrations.
ID_IQRKOQ,Sources close to the Antiguan government told Caribbean report that the attacks are directly linked to the long-running leadership struggle within Prime Minister Wehbert's cabinet.
ID_EOTUZD,So it's very significant that we have been able to break this agreement at this time.
ID_QHGDMD,"From London, BBC Caribbean Report."
ID_MADBLW,"And one should also be mindful of the fact that the other legislator who's gotten involved in this, Senator Robert Smith of New Hampshire, is such an extremist that he quit the Republican Party."
ID_JHAQXE,I'm Ken Richards and this is BBC Caribbean Report.
ID_UHIKOY,Attorneys for Darren Thomas and Hanif Hillier want the counsel to commute the men's death sentence.
ID_KVMIDZ,"Strong criticism on the world economic order, but little on bananas as CARICOM leaders address the United Nations."
ID_OBFPFE,"And Malcolm came to me and said, well, look, I don't agree with you. We would like you..."
ID_FVKXPB,The unrest comes just one day before the Secretary of State for Curacao arrives to discuss the IMF measures.
ID_VHDRRJ,"As I said before, we are not thinking in capitalist terms."
ID_YGRIAL,Tellman says it cannot be left only to the goodwill of managers of finance houses reporting instances where there is some suspicion about deposits.
ID_RCCGGV,This and our other programmes can be accessed on our internet website at www.bbc.co.uk.
ID_FIUUNK,"But if not Marc Bazin, what about Louis Dejoie?"
ID_XAJNJE,"There's a large, high level of unemployment amongst the young population of the Bahamas, and the government didn't seem to be doing much about it."
ID_CMEMCN,indicated that there was an improvement in the turnout.
ID_TQBNTX,"administration point of view is that they would like to see some reform, and I think that's open to negotiation."
ID_LBQBIM,They are angry with Parliament for having passed economic modernization laws that have put a number of people out of work.
ID_WHLFWW,I'm Hugh Crosskill and this is BBC Caribbean Report.
ID_WAKLAE,"The incident drew attention to a feature shared by most Caribbean islands, that is, anti-sodomy laws are still on the statute books and that homophobia is still a powerful emotion."
ID_XCOGRG,"Mr. Osborne, former journalist and newcomer Claude Hogan, and businesswomen Ida Bell Mead and Margaret Dyer."
ID_LQBZNI,But the CIC's Pat Thompson warns of fragmentation in the region's business sector.
ID_SUHALV,"In pursuing and winning our case at the World Trade Organization, our target was a discriminatory European system, not the Caribbean nations."
ID_REDYVJ,And he requested water about twenty minutes before the execution and which I gave him to drink.
ID_MUGJRX,"He did not specify what those measures were, but said the government would keep its options open."
ID_IIJPFY,The New York Times editorial today claimed that democratic principle gained next to nothing from the OAS-brokered agreement signed by Haitian President Aristide and parliamentary leaders this week.
ID_PWBEQM,"The meeting, taking place in Uruguay, is expected to consolidate a decision taken earlier by the majority of members of the Organization of American States."
ID_PDXPGS,These will now have to be debated and resolved by the National Assembly.
ID_WFJCKP,"Justice Jamada agreed that the conditions of the cell, without adequate lighting and sanitary conditions, being handcuffed while he was allowed to exercise were too harsh for the convicted man."
ID_CJPHDG,"Originally, all eight thousand acres were to be turned over to the Commonwealth."
ID_XJOCDJ,There had been a strain on resources when people from the east of the island had been moved to the north last week.
ID_TKYGDN,Vincent's opposition Unity Labour Party says it has documentary evidence to back its motion of no confidence against the government.
ID_HJIXOR,"It's certainly true that since the end of the Cold War, the U.S."
ID_HVOLDH,The Barbadian leader argued unequivocally that this was neither the time nor the place for the EU to be holding discussions.
ID_PKTKBN,"Dr. Sili too believes the bans enforced by Barbados, Jamaica and St."
ID_IDHZCV,"Overnight, paramilitary riot police used tear gas to disperse demonstrators who had come out in front of Cayenne Central Police Station, demanding information on a group of detainees."
ID_KWECAR,"Depending on the regions, I've heard reports from the northern..."
ID_EPTSHX,plans to send a joint team of medical and disaster response personnel and members of the regional security system to help clear up the damage done by Hurricane Luis.
ID_EHVOGB,The developing countries thought this was a covert attempt to erect new barriers to their goods.
ID_PLMILE,"Well, it does seem that in our region we are bowing the knee to whatever the U.S."
ID_MMYJWD,Detectives in London fear that gang members involved in the drugs trade will continue their violent feuds in Britain.
ID_PSOIPF,"In fact, the president has said, you've been less than truthful in explaining the issue."
ID_BYZRGO,"and why the Dominican authorities told an airliner, take your garbage with you."
ID_LQVFFG,There have been criticisms of the Caribbean that they appear to have just tagged along behind the United States in this effort to oust Iraq from Kuwait.
ID_TNSOQX,and they will also be able to ask questions of the experts from the states from which the particular questionnaires would have come.
ID_FMPJJN,"A number of the business places had to be closed, including some of the banks, two of the commercial banks on the island."
ID_TIDDFO,Dominica's Banana Corporation board resigning to force the industry into privatization.
ID_RCZBNN,Britain shares a measure of ACP disappointment over the lack of real progress made during the latest round of Lomé negotiations in Brussels.
ID_LKDVAH,"And every time Haiti has an election, it begins from scratch."
ID_CQCBDE,"London's Privy Council, does it understand the Caribbean?"
ID_DPYDWE,One example is a call by British charity Christian Aid that international agreements should be binding on private business as well as governments.
ID_IUEQUW,The purpose of leadership is to provide leadership and an integrous sense of direction for people.
ID_ZSEMXJ,"The decision of President Arthur Robinson to replace Mr Pandey with Mr Manning has been strongly opposed by the UNC leader, who has effectively blocked a resumption of Parliament."
ID_ENFYLE,The Atlanta-based Carter Center said today it has no plans to send and observe a mission to monitor Dominica's January thirty-first general election.
ID_WYBZZT,"with regards to the debt penalty, get rid of it."
ID_YGAWTN,"Well, physically, I'm progressing quite well."
ID_KGYXWD,Barbadians react to more measures to correct the economy.
ID_YYHIEN,"and a bus which was taking apparently supporters to a Jamaica Labour Party mass rally in Kingston yesterday, there was a barrage of gunfire from the windows of that minibus as they passed by a PNP constituency office."
ID_GMMKQE,"In the first of two reports, the BBC's Shada Islam, who's in Libreville, sets the scene on the eve of this important meeting."
ID_CGGEJD,The troubled banana industry in Grenada and St.
ID_LGERHP,"Delegation leader, Canadian Foreign Minister Lloyd Axworthy, has said the team would recommend suspension if the regime fails to give a firm commitment to restoring democracy."
ID_DSQERE,"But my parents, although they were born in India, they were very young when they came, a year and a half, two years old."
ID_CVTCKN,"With campaigning well underway in general elections in Venezuela, the issue of the country's border dispute with Guyana has once again been raised."
ID_NZKUGF,"We find that it's an opportunity for us to look at the quality of our asset, that is to do the necessary renovations and improvement of the asset."
ID_JCSOSK,concerning his remarks regarding his opening to the Organization of American States of the United Nations.
ID_EOUDDF,"On the London Metal Exchange, three months aluminium was up ten dollars at one thousand five hundred and forty-five point five dollars a ton, and three months nickel was up two hundred and fifty-two point five at eight thousand five hundred and twenty-seven point five dollars a ton."
ID_PMNGMJ,"Of course, much will depend on the generosity of the American leaders."
ID_ANMKDA,Lucian and Taiwanese officials to meet on Wednesday as the diplomatic war of the two Chinas unfold in the Caribbean.
ID_BLKKPG,There are reports of 60 survivors so far and about 64 bodies recovered.
ID_EILACN,Tropical storm Iris back up to hurricane strength as it veers away from Puerto Rico left extensive damage to banana crops in both St.
ID_BDYKNO,The EU and the US maintain their stance in banana dispute.
ID_VZTDYJ,Already international environmental agencies are accusing Japan of buying the key votes of the Caribbean countries.
ID_ZMKNNP,"From London, BBC Caribbean Report."
ID_FIIKZZ,The CARICOM position on bananas as it relates to the recent World Trade Organization ruling and proposed changes to Europe's banana regime has been explained in four more European capitals.
ID_XHHQNJ,"This time, however, the authorities say they're on top of the situation."
ID_WCXUFU,"Well, I think what the Caribbean has to do is take a look at the aggressive position that Mexico has taken over the last year or so on dismantling trade and investment barriers."
ID_RNYFKX,It will not damage the relationship because the two new persons who are being appointed are indeed from Tobago.
ID_MMZDJX,"Britain pretends more aid for the world's poorest countries, but there'll be some strings attached."
ID_ERILSJ,at which time no effort was made to discourage the flotilla.
ID_UMEXNO,I am a government officer working in the Prime Minister's office.
ID_HUOTRC,"According to Police Commissioner Laurie Lewis, a group of these demonstrators occupied the main bridge of the office of the President."
ID_ZIRQLC,The city has remained incident-free over the long Easter weekend.
ID_RJZTXY,"With the governments of Antigua and Montserrat in preparation for the level three response, already activity has started in Antigua to accommodate any further evacuees, that is large-scale numbers of persons."
ID_PIKESB,"Well, it's a bit too early, because we haven't reached to the economic measures or the taxation bit."
ID_HALSQS,"The ordeal for the eight, seven men and a woman, begun on February eleventh, when a dream of visiting Dominica turned into a virtual nightmare."
ID_IOVMZV,"The United States Coast Guard is stepping up its presence in the Caribbean, particularly around Puerto Rico, where it maintains a naval base on the tiny satellite island of Vieques."
ID_JEKVRI,"On the eve of the West Indies India cricket test series, Ghanis are watching whether the love of the game will win out over threatened protest action by the opposition People's National Congress."
ID_SDCCFF,"A number of the Caribbean islands which have set themselves up as offshore banking areas have run this risk in the past, and I think you'll find that other islands may be at risk in the future."
ID_KZZAPX,"Last December nineteenth, they ran a half-hour test of their jamming capabilities, and it was declared successful."
ID_ZSNCPE,"Last year, the Organization for Economic Cooperation and Development published a blacklist of thirty-five countries"
ID_UDTZGS,I'm Oren Gordon and this is BBC Caribbean Report.
ID_BCIHOG,And then there are the political columnists and institutions which do not necessarily have a position.
ID_UFJNLI,This follows his growing criticism of the decline of the regional trade union movement.
ID_CDIITO,The Jamaat al-Muslimeen are being sued for damages by Trinidadian businessmen who lost property during the looting which accompanied the nineteen ninety attempted coup.
ID_DETJEI,Can the license somehow be taken away from AMR?
ID_AESIFI,The lawyer representing four death row prisoners in Barbados says a move to execute them was premature.
ID_KMIVYH,Political tensions rise in Ghana in the wake of a further bomb explosion.
ID_MCAMCX,The Parliamentary Select Committee was expected to resolve a number of key issues which were unsettled at the end of the previous stage of this Constitution reform process.
ID_LOSCZL,"Today, Cayman Islands bankers responded to the criticisms."
ID_LDBVFJ,Live broadcasts from news reporters in the provinces have been forbidden and there's a total ban on news about Haiti from overseas.
ID_WYIQLC,"I'm fairly certain that the district court judge would want to review the petition, the pleadings, and any responsive pleadings filed by the federal government."
ID_VTDPIW,I'm Oren Gordon and this is BBC Caribbean Report.
ID_KKYNCQ,"In Georgetown, Sharif Khan for BBC."
ID_DOWWYK,Today I spoke with Lord Brabazon and asked him to respond to the Barbadian criticism.
ID_UWHXWV,"From London, BBC Caribbean Report."
ID_SICYFR,All that remained was for Fidel to enter Havana and claim victory.
ID_YKZEYF,"Among those pulling out is Dominica's Prime Minister, Eugenia Charles."
ID_FLWLDW,"Caribbean heads of government called on President Barad Jagdeo and the main opposition leader, Mr. Desmond Hoyt, to meet at the earliest time without conditions."
ID_DTFQXS,"has finally come through with some money, this is not enough to clear the arrears."
ID_WHVAQI,Deborah Ransom spoke with Minister Small about the problems and asked him if Jamaica was moving to speed up payments owed to Trinidadian exporters.
ID_QPWSHK,"If there is no finalization of the matter on a bilateral basis, then according to the WTO dispute settlement provision..."
ID_VGYEIB,The announcement was made just a short while ago.
ID_XZWGAU,CARICOM officials are stepping up preparations for the upcoming visit of US President Bill Clinton.
ID_YSIWRH,"And that's true in parts of Africa where there's been war, and it's true in the Caribbean as well."
ID_XJPFGU,"Up to news time, there had been no agreement on averting the strike scheduled for the weekend."
ID_YAKMUH,"From London, BBC Caribbean Report."
ID_ESGKBW,"But as Oren Gordon reports, the boys' grandmothers have not had an easy ride while on their trip to America."
ID_KALZJD,and a suggestion on how to make CARICOM meetings more relevant to the regional man in the street.
ID_UJUGMP,"The committee met after the first dismissal by the Grenada Court of Appeal and last night on Radio Grenada, the Prime Minister announced its decision."
ID_YYYNID,Britain's House of Commons debates the future of the Caribbean's banana industry tonight.
ID_TSNPEY,What can the world do to prevent the USA from adopting measures on economic and trade?
ID_BTMUUX,Tropical storm Chantal threatens the Eastern Caribbean.
ID_BPMOAG,"Haiti has once again been marred by political violence, just two days after American troops were due to pull out."
ID_KUNTYG,Twenty-three percent said they would like to see PNP Chairman PJ Pettis
ID_EUBGYK,The extent to which this agreement is legally and constitutionally binding on anyone is something that will probably engage the interest of constitutionalists for some time.
ID_WGAOSK,They did not know of a final decision.
ID_VHQAKP,I'm Bertram Knowles and this is BBC Caribbean Report.
ID_IRCZRF,"From London, BBC Caribbean Report."
ID_XVAESL,The Cuban government has reacted sharply to a recent initiative by conservative lawmakers in the United States to punish countries which support Cuban integration into regional trade organizations.
ID_BZJZQV,"The evidence showed that Clark forcibly had sex with the eighteen-year-old schoolgirl in the moral hole, knocked her unconscious,"
ID_JIRCHG,"Andrew, but which also affected areas across the island."
ID_FVPBIT,"I telephoned the spokesman for Aliens Florida Relatives, Armando Gutierrez, and he began by hotly denying that the women's access to the boy had been restricted."
ID_GSSZHR,investigating how the British government has handled the ongoing volcanic crisis.
ID_ZOIASU,I am Keith Stonegraves and this is BBC Caribbean Report.
ID_IENGCI,"In the short term, there will be negotiations on reducing agricultural subsidies, especially on exports."
ID_AFNFNG,"And that will give him enough time to find out those who have committed crimes, those who are going around planning it."
ID_TIOQAG,"and he lifted the weapon, aimed it, and shot just over my head."
ID_GDQXKM,"Once again, the Miami Conference takes place against a background of rapid and far-reaching global change."
ID_ZPLOIS,"Let me tell you, I had never seen the type of unity among Puerto Rican people as I observed in my trip when I went down there and as I have observed of the Puerto Rican community in the United States as well."
ID_HTIOFF,Prime Minister Mitchell has total control of the fifteen-member Assembly.
ID_TVNCSV,"At the time this song from soca legend Shadow was making the rounds at Carnival 2001 in late February, there were few signs that Trinidadians and Tobagonians would have to do it all again before the end of the year."
ID_AUOWPA,It was the first time this kind of thing happens there.
ID_SEYWNZ,I'm Leslie Goff and this is BBC Caribbean Report.
ID_WXBAWX,Both of these events are very unlikely.
ID_FJVDZS,I personally do not think that the American government would be willing to risk the sort of disorder that an invasion would provoke.
ID_GJGDNL,That's the opinion of a Cuban physician.
ID_JOKYAH,That was the biggest price movement the metal has seen in one day since April of nineteen eighty-eight.
ID_HYLGMG,"From London, BBC Caribbean Report."
ID_IUIGNV,"And finally, the United States government has conceded that there are instances of torture in the country, despite strict prohibitions and strenuous precautions against such abuses. This is contained in a report submitted to the United Nations to comply with the UN Convention against Torture. The report said areas of concern included police abuse, prison overcrowding, and the lack of adequate training for police and prison guards."
ID_UOVVJQ,I am Keith Stonegraves and this is BBC Caribbean Report.
ID_JQQZHE,French-influenced African-flavored Creole has spoken in today's Caribbean.
ID_BKBADB,"We have been in country for twenty-four hours, but I can tell you that we have had..."
ID_XALJPW,"Mr. Oscar Clarke, the General Secretary of the main opposition, the People's National Congress, today told BBC Caribbean report..."
ID_UUVRIW,"A short while ago, I met the Under-Secretary in the Department for International Development, George Fowkes, at the House of Commons, and he told me what the announcement will be about."
ID_BKUBHF,"The chances are about one in two hundred, but this should not deter West Indians who want to set up shop in America."
ID_SKQQXS,These demonstrations in Havana and Miami have nothing to do with the welfare of this child.
ID_YSQXXJ,"From London, this is BBC Caribbean Report."
ID_VFUZJC,"But if there is to be job cuts, they have to decide where they're going to do it."
ID_GLJMLE,there would hardly be any need for the United States to continue to do what it does in the hemisphere.
ID_NWLYWW,I'm Oren Gordon and this is BBC Caribbean Report.
ID_PKPTAU,"Similar items were confiscated from two other influential members of the party, Nelson Bonte and former traffic and telecommunications minister..."
ID_ONUKBY,And Haiti's weekend accord could pave the way for a new government.
ID_XPVYTU,The Antiguan government was asked today to provide costs to Britain for upgrading the U.S.
ID_XVVJUV,One of the largest cruise lines operating in the region has pulled out of St.
ID_CQJXLF,"If they did somehow manage to come to some kind of an agreement, realistically, could the countries involved really influence globalization and its effects to their favor?"
ID_DFNUMG,The Haitian health minister said yesterday that a sample of a newly acquired petrol shipment would be sent to Trinidad.
ID_XQUVCU,"Governor Savage says although the chances of an eruption occurring within the next few weeks are low, the consequences would be high because many people live in close proximity to the volcano."
ID_GUUOLB,I'm Oren Gordon and this is BBC Caribbean Report.
ID_SWYPWJ,"Senator says if Nicaragua's Sandinistas could have accepted a broad range of election observers, then so too should the government of Guyana."
ID_CEOSKR,Her schedule also includes tours of Dutch and locally funded projects.
ID_HJBCZK,I'm Mike Jarvis and this is BBC Caribbean Report.
ID_LAJZVN,And here again we are going to have clear evidence that we do need to establish some kind of insurance situation which is really apropos of our situation.
ID_QPPMSN,And criticism from Cuba's state newspaper has put freedom of the press in the spotlight.
ID_XIHDAU,law enforcement departments and local USVI police has led to a major breakthrough against drug traffickers.
ID_NODBPV,It is generally felt that the main cortisol parties in the coalition will have enough strength out of this election to become the principal.
ID_ATWLBM,from the front if you like and uh... he's been you know very active both supervising all the uh... both the the operative accurate patients during the hurricane and then the cleanup afterwards
ID_SQBSPI,"We've just had a year, not even a year, experiment or working the new tariffs from zero to forty-five and now to go abruptly from forty-five to thirty would create problems for Belize."
ID_PAXNEU,But PLP Deputy Leader Perry Christie told me this evening what he felt are some of the key election issues.
ID_TCJZGD,And our concerns are the fact that the Bush policy is a policy of...
ID_GSGLPQ,We were on our way down to Birmingham and we stopped in to see him as a team.
ID_QAHFTR,"In last week Friday's edition of Caribbean Report, British Opposition MP Paul Boateng expressed his dissatisfaction with the new immigration guidelines which came into effect on January third."
ID_JXDZVV,That too is fully supported by Canada.
ID_ZJBYQJ,The Financial Action Task Force meets tomorrow to consider whether three Caribbean nations have done enough to fight money laundering.
ID_GMHWCZ,"We understand that one crew member also fell overboard, still unaccounted for."
ID_ETDSNZ,"But as journalist Michael Norton told me a short time ago, what they are proposing is hardly likely to be acceptable to President Aristide and his supporters."
ID_HRLOTD,It embraces what Mr. Arthur calls an ambitious but achievable agenda for economic and social transformation.
ID_IOAEAP,"One of the protest organizers, Michael Caesar, argues that Pidgin-Martinicans are fully within their rights to seek to stall the project."
ID_WFMEXB,"Mr Aristide said if a total embargo had been strictly enforced, the army would have lost its grip by now."
ID_TEBOPN,but we are allowed to move freely around the country.
ID_ZPMGDO,I'm Hugh Crosskill and this is BBC Caribbean Report.
ID_REFIZW,I'm Oren Gordon and this is BBC Caribbean Report.
ID_SBOYMK,Will President Aristide's backing of Mr. Clinton's message for Haitians to stay at home work?
ID_BQJARU,"The Prime Minister, Bastio Pandey, says his actions are against the Constitution."
ID_OAZWPG,"From London, BBC Caribbean Report."
ID_JNLLNZ,"Pope John Paul II calls for religious education in Cuba, and CARICOM chairman Keith Mitchell calls for media sensitivity in Guyana."
ID_TKUJKA,to the legal process and it would just be handled accordingly.
ID_CIWGJT,I thank you and may God bless you all.
ID_XZZYOQ,"Cable and wireless, as you know, has a very large presence all across the Caribbean."
ID_KLQQHV,"Following a meeting of the cabinet which began at five o'clock this morning, three and a half hours after the death of Dr. Jagan, former Prime Minister Mr. Sam Hines was sworn in as Guyana's new executive president."
ID_WXQKRR,Tony Fraser is our correspondent in Port of Spain and I asked him about the latest developments.
ID_OUSNRI,"Therefore, apart from physical, where somebody pulls you off a track physically by police or whatever, once she's invited to participate in a track meet and she accepts the invitation..."
ID_VYYTTK,legislators opposed to the sub-region's EU banana quota.
ID_RHWZFR,Renwick Rose is the program officer with the Wynwood Islands Farmers Association.
ID_ANKFNK,And Guyana's Constitutional Commission report draws mixed reaction from some politicians.
ID_SXYRRH,US lawmakers start planning for a post-Castro Cuba.
ID_TVYEWG,"Review of Guyana's vote count upholds the result, but CARICOM chairman says it's not over yet."
ID_ZYQWJB,"Isla Refinery is one of the world's largest, producing more than three hundred and fifty thousand barrels of oil per day at full capacity."
ID_CBJTPN,And red stripe action gets underway in Jamaica.
ID_ZMOHXO,have already been affected by the conflict and the slowdown of the U.S.
ID_GAGLWN,There had never been anything like it in Georgetown or in Guyana.
ID_ZYGGYB,"Well, we at Sedera have been monitoring the amateur radio."
ID_SFRHAY,Montserrat's volcano crisis has drawn into sharp focus the fact that a dependent territory passport does not entitle the holder to live in the United Kingdom.
ID_JYPFUI,The BBC's Cathy Keir reports from Washington.
ID_RGKNPU,And Chetram Singh tells us West Indies cricket is too important to be saddled with questions about his betting business.
ID_ODHTYI,strong opposition to last week's decision by a small ACP ministerial committee to name Edwin Carrington as the ACP choice for the CDI poll.
ID_PSFRKV,"He has called Clinton a man of peace, and he mentioned the fact that he doesn't seem bellicose."
ID_DWRASF,Suriname becomes Karikom's first non-English speaking member.
ID_TONKAK,"He spent his early years in our country, attended primary school in Belize, and he's maintained his attachment with Belize."
ID_LRKIPE,"The West Indies bowled out Bangladesh for a hundred and eighty-two, and then left-handers Jimmy Adams and shift the right Chandra Paul saw them home."
ID_DSZVWY,I'm Hugh Crosskill and this is BBC Caribbean Report.
ID_MMBNSP,A recent opinion poll predicted the NAR would lose to the PNM if an election were held now.
ID_ZJCISM,"But then Floyd, the most potent hurricane this season, wreaked havoc on the island chain."
ID_TJVVSK,"However, a national broadcast Sunday afternoon by the opposition spokesman on education, Dr. Neville Gallimore, has been seen by some as being insightful, making the party's Mondays comments..."
ID_NKXNGR,Leaders of the fifty-four nation Commonwealth grouping are gathering in Edinburgh this evening for tomorrow's start of their four-day summit.
ID_ULDCZZ,I would certainly think that the Barbadian economy now has reached a stage where devaluation
ID_DPZSPR,"Last night on ABC's Nightline program, the exiled Haitian leader renewed his call for the removal of Army Commander-in-Chief Raoul Cedras."
ID_HDRPHN,It's not an issue which came out of the blue.
ID_DGRMFZ,but is enough being done to put Creole firmly on the agenda as a recognized language?
ID_ZJQJSV,Business leaders have told they affected West Kingston area and are said to be drawing up a plan aimed at diffusing the tension.
ID_IWIKWC,"Yesterday, state workers called off their week-old strike action after three mediators got the two sides to work together as a team."
ID_PHZZGS,I'm Ken Richards and this is BBC Caribbean Report.
ID_EVSIQF,And can regional airline Liant avoid job cutting?
ID_ZYQKVZ,"Trinidad and Tobago's Prime Minister Aynar Robinson spent his first day back in office today following the Jamaat al-Muslimeen attempt to overthrow his government in late July, early August."
ID_IJGVEK,"And how important, Pat, do you see this recent announcement by President Bush about concessions for a portion of $12 billion in debt and the possibility of opening up the entire region, Latin America, North America and the Caribbean, to a free trade area?"
ID_BNLFEA,I can probably say it's both because we knew this day is coming.
ID_VGTMSK,"At first, it appeared to be just a minor hiccup, but as Sharif Khan reports, a shortage of aviation fuel suddenly became a main political issue."
ID_INRCPU,"Dominica has not had as many formal developments, but all in all, in media, I think that the use of Creole within the mass media has been, overall, throughout the region, one of the major developments that has taken place in the last few years."
ID_ZUCDDM,"Mr Collins officially assumed duties yesterday, having previously been Director of Administration at the CARICOM Secretariat."
ID_HGKWKH,and Haiti's exiled leader again calls for tougher measures against the de facto regime.
ID_XFSSXN,The challenge brought in the Florida Family Court was invalid.
ID_YQQTKP,"The talks, which cover a range of bilateral concerns, were put in jeopardy in the past week over recent remarks attributed to the Jamaican Finance Minister Omar Davies."
ID_JMOVCI,The BBC's Andrew Walker says the EU position hides divisions within the Union.
ID_QZMBER,And negotiations are making slow progress.
ID_RTBQAO,"And as such, I would want my child back with me."
ID_OWSUFT,"PJ Paterson, the Chief Minister of Montserrat, attended that meeting."
ID_RBDNGM,Others side with the American forces for sentimental reasons.
ID_ZIWJRG,I asked him about the documents the ULP claims it has in its possession.
ID_ARCMOM,"No, no, no, we can't negotiate on these issues."
ID_IQTWOZ,The government has called them extremists who subjected innocent people to a terrifying ordeal.
ID_NYHUVO,Opposition allegations of intimidation being made ahead of tomorrow's presidential elections in the Dominican Republic.
ID_VBBALR,Jamaica-based Queen's Council Lord Anthony Gifford told Oren Gordon that he supports the EU stand.
ID_WMLZHZ,Canadian Prime Minister Jean Chrétien has held talks in Washington with U.S.
ID_AMKTMM,"A future arrangement between North and South and human rights issues are at the top of the agenda as European Union officials began meeting to deal with representatives of the African, Caribbean and Pacific group."
ID_DPLXXE,Broadcaster Weber Herbert in Nevis.
ID_UEFBXP,The West Indies go out of the World Cup amid questions about the morality of Australian tactics to help them stay in it.
ID_CGZTQJ,"As far as I know, Mr. Ashcroft is carrying out his duties in New York at the United Nations, and we have no reason to question that status at this time."
ID_IXNWZT,"Well, the focus shifted from the general description of what happens in the prison to Superintendent Bernard T. Maxman."
ID_TRYOQV,"Well, the J-3A is a member of the IWF, and we operate within the rules of the IWF."
ID_HAWYRY,"From London, BBC Caribbean Report."
ID_GNZCCV,"Of course, we are very much aware of the difficulties that they have, which relate to the services side, namely how access to commercial companies to those TRQs is managed."
ID_IKMGLG,"With them, jointly, what kind of structure will put it into place?"
ID_VDWFMC,"I mean, how many points in the Constitution will be changed by this agreement?"
ID_DZEQNT,Firearms charges pending in the United States against Jamaat leader.
ID_ZCYTKA,"They are negotiating currently on fifteen different fronts with nations of the GATT, Japan, the Third World and their own Congress."
ID_XBMMBA,with the opposition obviously voting against it.
ID_FCCVLQ,A 1994 research study done in Jamaica revealed that 17%...
ID_XYNAFO,"This morning, as soon as they left their assembly point, the police were again able to disperse them."
ID_VBOSSY,"In Haiti, gunmen shot and wounded a top police official in an ambush near his home in Port-au-Prince."
ID_EPYXZB,A Confederation proposal being made to resolve the St.
ID_RCAVUC,"Such an interpretation would mean that a government without a majority, and not just Manning's government, but any government..."
ID_PBKAYN,I'm Emma Joseph saying goodbye from London.
ID_OHMYNO,Where are the chemical and biological munitions?
ID_KVPSFK,There's a question of the limitation of maritime limits.
ID_PUYQWS,"My dad has a heart condition, which only makes it, you know, we just don't want to remember much of it."
ID_XJQNQR,The government of Guyana says it objects to a visiting electoral team from the United States.
ID_UUDTHV,"prominent Caribbean politician in New York,"
ID_DGMGDZ,"Yesterday, the leader of Guyana's opposition People's National Congress, Lesmond Hoyt, accepted an invitation from outgoing chairman of CARICOM, Keith Mitchell, to attend the CARICOM summit."
ID_HRRHRJ,"And he always seems to, as they say, be able to coerce certain of the members who are opposing him and get them to drop out of the ranks."
ID_BNQIBD,I'm Oren Gordon and this is BBC Caribbean Report.
ID_COIEKU,"But for Julius Nyerere, success took on a wholly different meaning."
ID_SJWCUQ,"Electra Naismith, at the presentation of that report, St."
ID_OXUXYB,I'm Hugh Crosskill and this is BBC Caribbean Report.
ID_CEWXUX,He told me he was concerned about the potential for violence in the run-up to the December fifteenth poll.
ID_APNMFM,"So therefore they are asking that at least they can offer us a wage increase, not below the inflation rate."
ID_LIMNLQ,"In Cuba, where the population is especially young, the personalities and policies, the leadership remain mired in the past."
ID_ORCDSH,An OAS Inter-American Human Rights Commission spokesman says things are looking up in Haiti.
ID_DKFOGE,"Secondly, we will make Barbados a fully developed economy endowed with a productive capacity."
ID_LPCYRU,"The debate was opened by Baroness Young, the former Minister for Overseas Development."
ID_VUYAUQ,"Ten years ago today, the world was gripped by the scenes of Nelson Mandela's release."
ID_TJBXVI,"Our correspondent in Georgetown, Colin Smith, looks at the task ahead for the new facilitator."
ID_JKOMKR,Weather experts are predicting that Hurricane Felix will hit Bermuda directly at one a.m.
ID_LGRDOI,"There's also been, of course, several calls for wage restraints, primarily from the Barbados Employers Confederation and the central bank."
ID_CSHGBW,The deal was reached at the summit of leaders of the Organization of Eastern Caribbean States in Grenada.
ID_TWQLQP,It is a little ridiculous that this hemisphere is not being watched more closely.
ID_VULWGJ,I asked him if President Aristide's cautious approach isn't justified.
ID_VQACFI,The other prime ministers in Durban will make that decision.
ID_UAHNGH,Both say they adhere strongly to the free market policies implemented by Michael Manley.
ID_ZFDCPB,And Desmond Haynes has in mind a future as a cricket coach.
ID_UHXOIP,"Up until broadcast time, the discussions were still proceeding on that."
ID_YGVEPF,"Lucia, whose first vice president is Peter Favrier."
ID_TGMPGZ,"From London, BBC Caribbean Report."
ID_MNJWLB,"We are anxious over the next few weeks to prepare ourselves, prepare BWI for the implementation of the business plan that has been developed and has been modified."
ID_HFMMMN,So what the enhancement legislation we're talking about right now
ID_AEUDTV,Montserratians prepare for an Easter away from home as volcano spits ash.
ID_KOOKWP,and somehow new mechanisms have to be established
ID_EMNVLL,Mr. Mirage is the brother of House of Representative Speaker Oka Seepal.
ID_MKZPNH,Susha's opposition National Alliance unravels amidst expectations of a snap election.
ID_HVFYFC,"However, Justice Georges finds that there is no substantiating evidence to support the claim of the Chief Justice that the Attorney General and the government were attempting to remove him from the bench."
ID_HEUROF,The Caribbean told not to be alarmed over a reduction in the duty on Latin American rum to the United States and Air Jamaica seeking financial help in London.
ID_DWMNMN,"They have also met with the Elections Monitoring Group, the Electoral Assistance Bureau, and other groups connected with the elections."
ID_QSYCJU,George Lamming says regional political will is misdirected.
ID_JMXHEL,and it would be business as usual in Phillipsburg tomorrow.
ID_ECGUUQ,Newspaper editor Charles Harding of the Chronicle is among those who think the credibility of political leaders will be assessed by the voters.
ID_WQSQAF,"With speculation running high in Jamaica over the prospects of snap elections this year, it's one worry the party can do without."
ID_SQQBCK,"However, the only information that I can get officially, and it's rather semi-officially, is from a Nassau-based attorney who did check the Bahamas Constitution."
ID_CAHRPR,"Barbados, through its Deputy Prime Minister Philip Graves, has however rejected the agreement, saying that it is fundamentally unfair."
ID_QTAVIF,"And all inclusives, do they fence out locals or do they provide much needed jobs?"
ID_QJCCSN,The authorities in Montserrat said today they'd received reports that ash from the volcano there is posing a problem for aircraft as far as the Colombian coast.
ID_HKAVMA,"In fact, the whole suggestion is rooted in a kind of cultural contempt that is associated and has been associated for some time with Abrams long before he departed the Reagan administration."
ID_LBBDKJ,"So Minister, do you say then that in getting its act together, do you mean you endorse the speed win recommendations of staff cuts and cutting the fleet?"
ID_HGZBMZ,It's described the country as having the highest rate of police killings per capita in the world.
ID_TRNGUF,It will be the first meeting of its type since demonstrations marred the World Trade Organization summit in Seattle.
ID_NTOPVF,And the United States always counted on the support of the five Latin American banana-producing countries.
ID_CIXYRC,Montserrat's opposition leader threatens general strike.
ID_JPMEPJ,"From London, BBC Caribbean Report."
ID_ZECXMF,I asked him what led to the economic problems facing the country.
ID_RMTKOJ,They stocked up on the necessary supplies that would be needed to take them through the aftermath of a hurricane.
ID_RNRJNH,On the line live from the President's House is Tony Fraser.
ID_ECDGVT,"Sharif Khan asked the leader of the WPA delegation, Moses Bhagwan, if this meeting was a sign that attitudes are beginning to change."
ID_IZYRKD,"So if you have cargo, you now have a fixed day of the week to deal with our duties on our mainline service."
ID_KMHXVI,I'm Hugh Crosskill and this is BBC Caribbean Report.
ID_CMEZUF,So let's not talk about attachment because neither you or I know what that real attachment is.
ID_LAUZMO,Today the Brian Lara bombshell announcement has dominated discussion among cricket fans inside and outside the Caribbean.
ID_DYNYOA,"Following an investigation of eyewitness reports and several leads, police caught up with the suspect around ten o'clock Wednesday morning."
ID_LOHHFM,"So, Sri Lath Ramfah urges Caribbean leaders to take a public stand on Iraq."
ID_PUVKMC,"That's not the opinion, however, of Arthur Todman, whose parents immigrated from the British Islands and settled in St."
ID_PNPJGQ,Mr. Emery's push to separate from the Federation with St Kitts was narrowly defeated in a referendum several years ago.
ID_ENXDMV,Can the ULP put the incident behind it and move on?
ID_UNEJER,President Serrano arrives in Madrid next Wednesday for a meeting of Latin American and Spanish leaders who will discuss how to press Fidel Castro's government to reform the communist island.
ID_TZLUGT,"Caribbean rights urges CARICOM to use its block of votes at the OAS to press for a new initiative on Haiti, and as the West Indies prepare for South Africa's historic visit, former rebel Lawrence Rowe still feels the pain of his controversial decision."
ID_IDYLPG,"And Andy Roberts answers the question, just who is to blame for this week's battering of the Windays team?"
ID_MGCIUA,"then there must be some collusion perhaps with other aspects, other organizations, other arms of the legal protective system."
ID_ZXJNSF,Jamaica's proposal for a downward revision of CET rates finds favour in Trinidad and Tobago and the OECS.
ID_VNPEAR,"There is another pond next to it, the Great Salt Pond."
ID_OVRNSG,"Anguilla's Chief Minister, Emil Gumm."
ID_GDUDVC,Congress that the agreement faces its biggest hurdle.
ID_TIWNQW,Citizens of Civil Society held a demonstration
ID_SWIOXD,Thomas had been scheduled to go to the gallows tomorrow morning before the brief stay of execution was granted by Governor General Sir Howard Cook.
ID_HOZBPA,I'm Oren Gordon and this is BBC Caribbean Report.
ID_RSEHTF,BUE officials say they'll be able to give those figures in three weeks' time.
ID_EFCMJH,"Just two weeks away, but elections in Guyana still a cause for concern to some."
ID_RGVBYE,Tomorrow is election day in Suriname.
ID_GULQIZ,What safeguards are there going to be against the possible breakup of the coalition?
ID_TSQZYU,He said they appeared to back his own preliminary research.
ID_PURUGV,"Jamaica's Prime Minister PJ Paterson has bowed to public pressure and has ordered an inquiry into the forced removal of a group of street people from the tourist hotspot, Montego Bay."
ID_ZQWASV,"We have a specific remit from the heads of Commonwealth governments, and we have brought that remit to bear in terms of the Harari principles, rule of law, democracy, free and fair elections, good governance."
ID_UXIZDE,Mediation talks in Antigua appear to have been successful in averting a strike threatened by the pilots of regional airline Liat.
ID_JPXGKS,"Mike Finlay, was the picture as bad today as it was yesterday?"
ID_UWZAKM,This is a smaller freshwater pond.
ID_MODNYP,And China and Taiwan battle for allegiance from Caribbean states.
ID_MQCHHT,"Martin, and the islanders there are preparing for the worst."
ID_DFIKSD,"It was initially reported as a major environmental disaster, and it led to three CARICOM countries banning the importation of Guyanese seafood."
ID_WHPKVG,"Cubans in Florida want to take President Castro's speech on immigration seriously, and the Jamaican-born athlete Linford Christie denies drug-taking allegations."
ID_MEVACN,"From London, BBC Caribbean Report."
ID_XECCBQ,Bahamians are going to the polls in the general election on the second of May.
ID_BDTXIF,Officials in French Guiana said today that nine police were wounded during another night of riots in the capital Cayenne.
ID_VHHNEN,"There is concern that these twenty-two potential voters have registered in a constituency where they don't reside, Rosso Central."
ID_ENBSZA,Consolidated have taken advantage of the all-time low value of Chiquita stock
ID_TMQSRR,Powell's visit is the third such meeting with Caribbean foreign ministers.
ID_BOVDWW,of goodwill that acknowledge that if there is a need for national security to have continued practice for the U.S.
ID_XJHZDY,have addressed in terms of recognizing the micro economies and their transition.
ID_DDAZMO,"From London, BBC Caribbean Report."
ID_ESQXGS,The ruling People's National Party of Jamaica will tomorrow choose a successor to Prime Minister Michael Manley.
ID_OGVWMS,They're all kind of desperate elements that have gone into the strike.
ID_ALGJLR,"Police said Mr Derojean, a member of the Lavalasse party of President Jean-Bertrand Aristide, was shot and killed by a motorcyclist when stuck in traffic."
ID_BDPPCV,Barbados Prime Minister Erskine Sandiford has launched blistering attacks on the country's private sector and former government minister Harold Blackman.
ID_XZHLAM,"I'm probably particularly sensitive, living here in London, to how Australia looks on the international stage over this."
ID_ILDJJE,Jamaican representatives are looking for investors for the expanding phone network.
ID_PQPSXJ,The Europeans have already published a green paper.
ID_FLDAEV,ACS Secretary General Melina Duarte told delegates that there was no escape in the fact that the area is vulnerable to national disasters.
ID_RDRIXD,And Jamaica's reggae boys hoping for a bigger slice of luck against Argentina.
ID_VWAITD,and I will remain a citizen of Trinidad and Tobago.
ID_WEBKUP,MPs endorsed the motion twenty-seven to fourteen with ten abstentions.
ID_GOSQEC,Experts forecast more hurricanes for the Caribbean.
ID_HAWGLO,"So far, the reports we have of clashes in the central region of the Sibau, in two cities, one called Bonnard, where three people have been injured by police, and there is one death."
ID_WBDYUE,"did the studies is the one which is dealing the whole thing, and they have"
ID_CBSDIO,And I think the Commonwealth also feel that the median has been a success.
ID_FRPBRN,increases and reduces the level of discretion that exists.
ID_NGHKMS,The matter was discussed and thoroughly aired and views were expressed and it was one of the dynamic areas of discussion and the eventual decision was a unanimous decision.
ID_UOTOEQ,The UN preparatory conference on racism ends without agreement on the inclusion of slavery.
ID_KIFTRH,"The Communist Party daily newspaper, Granma, reports that eighty-five thousand acres of cane were flooded when Irene hit land on October fourteenth, but of that only seven hundred and fifty-three acres were of total loss."
ID_QXZSJM,Stone gained a Bachelor of Science degree from the University of the West Indies.
ID_TZXMZC,Thousands demonstrated in favor of the ongoing industrial action.
ID_XTWKAR,"All of the day we hear what the big companies are thinking and we hear what our government is thinking, but nobody ever has asked what think the workers."
ID_DBMIEN,Another official delay expected in effecting tough US-Helms Britain sanctions on Cuba.
ID_USTIHB,"So that although the Panama situation has caused different approaches by different CARICOM sovereign governments, it does not affect the fact that we are committed."
ID_LXLDMZ,"You know, when you go to war, it's a very serious step that you have taken."
ID_MAQSOQ,"He has vast experience in such situations, having worked most recently in Rwanda and Bosnia."
ID_MCAIIC,The state of preparedness evidenced for the passage of what was then Tropical Storm Iris seems to have served St.
ID_QGPAKI,An uneasy industrial relations climate as Caribbean workers observe Labor Day.
ID_WAVBNY,"Don't forget you can join us on Monday at eleven oh five, eleven fifteen and twelve ten GMT for our next morning programs."
ID_ARYENY,The conference theme is Trade and Development.
ID_RIMZXM,"Earlier I spoke to Antonio Jorge, Professor of International Relations at Florida International University."
ID_PKAJKA,with a fair amount of energy stored in them.
ID_IZEBTR,"We would like to think, and I want to emphasize, that the MOU which we agreed to is one which we would mutually respect."
ID_AWMLYN,Opposition leader Bertrand Osborne was the only member of his party to secure a seat in the current Parliament.
ID_INFVNK,Nere Mata was there and filed this report.
ID_FWHXKU,He started singing in his hometown of Arima.
ID_TQVMWA,"The dissolution of Parliament also means that the budget, which was scheduled for Friday, won't be presented."
ID_EAJPVJ,He had reason enough to weep for himself and for his country.
ID_TTJDBJ,But what would a united Workers' Party victory mean for the country with its boast of a good record of development projects and opposition allegations of corruption?
ID_UPRQXP,Suriname's governing New Front for Democracy has secured the highest number of seats in Thursday's parliamentary elections.
ID_JWXXMQ,"At a rally of thousands of opposition supporters last night in one of Georgetown's main squares, Mr. Hoyt said his party will carry out a campaign of defiance and civil resistance."
ID_APEKLW,"I mean, most of the benefits went to Central American countries."
ID_TAVMJH,"It means finding replacements into and out of Puerto Rico, a busy connection point from the US."
ID_FMIJEX,"In Georgetown, Sharif Khan for BBC Caribbean Report."
ID_WYKQIP,"I think you would recognize and everybody would recognize that we have gone through a serious process of going through the constitutional motion of seeking independence for Nevis, which narrowly failed."
ID_JGORPF,"Some of the increases will come out of budgetary contingency funds, but the Mitchell administration faces a difficult task of squeezing the rest out of all the areas that have already been trimmed."
ID_UXGDVD,Montserratian authorities downplay suggestions of an escalation in volcanic activity and the army and police chiefs replaced in the Dominican Republic ahead of Thursday's presidential election.
ID_LPRMLF,that we can get prosperity and the development which this island needs.
ID_FIMYCI,The lessons of self-government for Caribbean twin states.
ID_SIMZMW,Trinidad and Tobago goes into election mode and Jamaica's Edward Siaga wants to retain the JLP leadership.
ID_SCRWYT,"So until then, I doubt whether you've got enough ammunition to set us."
ID_ILAXET,President Robinson has not said that he has or will dissolve Parliament.
ID_EXUVIO,"It has caused additional questions to be answered, and we are trying to get those answers from them."
ID_EBWSWI,Today's parliamentary vote failed to come up with the required two-thirds majority to elect the President.
ID_GVPXHY,"Yesterday's meeting did not get off the ground, as residents of Masters Lane stayed away from the talks, which should have taken place at a church in downtown Kingston."
ID_NEGLLN,I did see them firing machine guns past the gate.
ID_CCNSZU,Maharaj's defense lawyer described it as a very positive development.
ID_OUGFNM,United Nations inspectors searching for weapons of mass destruction in Iraq have presented a crucial report on what they've found.
ID_WAJKUT,The statement from the UNC does not say how President Robinson broke the Constitution.
ID_QWENIY,And the objections were so strong that it comes as no surprise that one cruise ship has decided to turn its objections into an actual withdrawal of calls.
ID_ODOTJG,"But as Pete Ninval reports from Castries, attempts are being made to downplay such a suggestion."
ID_PGIPYD,"An airline price war begins as CaribExpress offers buy one seat, get one free."
ID_CEZSUG,"As Big Ben struck midnight, the sky exploded with fireworks."
ID_JPBYFM,There are no provisions for reconstituting the government if a word of no confidence becomes necessary.
ID_IINAHF,and the workers go back to work.
ID_ARAVRT,"Barbadian reasons for wanting to cut ties with the Privy Council questioned, the Bahamas bracing for Hurricane Lily as Cuba counts the cost of its passage, and mounting concern over the state of the Trinidad and Tobago dollar."
ID_XIJGGF,"Farmers warn further confrontation could mean more violence, possibly death."
ID_APVEJZ,his own political party and showing that he is the only alternative and that his partisans are the only alternative to chaos and to disorder.
ID_WXVAOH,The electoral campaign is being stopped now so that they can make the country a little bit more acceptable for the electoral process.
ID_GJVWEA,"A short while ago, I asked him what progress the CARICOM Canada meeting expects to make on the issue of the proposed free trade area of the Americas."
ID_HSNCHP,"The joint assembly of the African, Caribbean and Pacific group and the European community opened in the Dominican Republic this morning with expressions of concern over the absence of deposed President Jean-Bertrand Aristide."
ID_JOGHIS,In setting the exchange rate last year at the present level of six point five Jamaican dollars to the U.S.
ID_GSQYSM,"I don't think so, because I think that you belong to the organization and you belong to it on the basis..."
ID_HJBJRS,"From London, BBC Caribbean Report."
ID_WYLUPB,Antigua's Parliament to discuss the Guyana Island project.
ID_ROKNMO,"Hubert Hughes, Anguilla's new opposition leader."
ID_UDLLFB,Ambassador Patricia Durand took up the issue of reforming the UN.
ID_ZHJGFM,Guyana's governing and main opposition parties are set to resume peace talks broken off several months ago.
ID_BRMUEN,"Johns, comprising mainly tents, was extensively damaged."
ID_KKFSMR,He told Caribbean Report that the demonstrators have been subjected to an injustice by the Grenadian police.
ID_BLMQGD,And we would wish members to make good on the undertakings to keep the organization in fun.
ID_EISJOX,The debate is all about alternatives to Europe for the Caribbean's banana exports.
ID_TXIAPP,And the ILO official suggests that the unions shift their focus in collective bargaining.
ID_LTALOT,Byron Blake is an Assistant Secretary General at the CARICOM Secretariat and has overall responsibility for agriculture.
ID_XZQYBI,The debt problems of Liat weren't far from the minds of Caribbean tourism officials today as they continued to make their pitches at the World Travel Market in London.
ID_LNECBH,"For two hours, Dr. Cyril Wecht gave graphic and meticulous detail into the injuries he had detected on Ms."
ID_CYRRGB,Cauldron had great difficulty working with Julian Hunt in the St Lucia Liberal Party and made an exit from the St Lucia Liberal Party.
ID_CDRQHD,Death warrants were read Thursday to Dole Chady and eight other convicted criminals for the nineteen ninety four murders of four members of one family.
ID_LRBLKO,"Earlier today I spoke to Nick Caster, BBC's Latin America analyst, and asked him how relevant this case is to the Caribbean."
ID_DDPTUT,"By a big insurance company pulling out of the market now, they are setting a trend which could have severe consequences for investors and people who want to invest in homes and in buildings."
ID_NNCNYK,"Unlike the protests of last week, which severely affected commercial activity and were characterized by skirmishes with the police, today's march was largely peaceful and was closely watched by units from the army and the police force."
ID_GXTORG,Dutch and Netherlands Antilles government officials have adjourned a meeting on the future status of the Caribbean dependencies without reaching agreement on Curaçao and Aruba.
ID_JMSXVU,"Some people interpret it in a very negative way, but I always see it as a kind of sociological analysis of the social realities of diabetes."
ID_WCJNPA,that the economic recovery program would not work because of the political and social context in which it is being implemented.
ID_FNUBDU,There's strong feeling in the Cuban exile community in South Florida about the decision by U.S.
ID_CLYLZL,I'm Oren Gordon and this is BBC Caribbean Report.
ID_UVRXMZ,"From London, BBC Caribbean Report."
ID_VMSSSE,St Kitts and Nevis Prime Minister estimates almost four million dollars in damage for in weekend flooding.
ID_AGWPOP,"for preferential access for African, Caribbean and Pacific suppliers."
ID_IVTNHT,"In today's programme, widespread condemnation of the nomination of a new Prime Minister for Haiti."
ID_DKKHIK,"The economy, as many of your listeners may know, has been basically..."
ID_ISPEDY,"At the London Film Festival, a controversial documentary on the conditions facing West Indian sugar workers in the United States."
ID_EATGCJ,"That way, the travel agent is controlled the amount of commission they get paid."
ID_LXNVVG,The response of the trade unions has been that the current impasse with the government exists because of the failure of the John Compton administration over a number of years to address the numerous concerns and problems affecting public sector workers.
ID_QTXJRW,The expectation is that something will have to give this evening before execution time tomorrow at seven a.m.
ID_BBFOAO,"One of scores of such incidents as the army, backed by the old Tonto Makut, stamps out the last remnants of Aristide's democratic experiment."
ID_TRJWCQ,Dominica's leader accuses the opposition of having sinister links with the Unification Church.
ID_MKQKXP,It's one of the conclusions of a thirty-five page document which has just been released.
ID_HNBTKH,"Winston Tucker, a Caribbean attorney who represents a grassroots advocacy group in New York,"
ID_AQVOCV,"The Surinamese ambassador, Harvey Narendop, confirmed that Mr. Bautize is still in Trinidad."
ID_TLLZMX,"Belize has it all, yet why do they feel so detached from the rest of CARICOM?"
ID_QAOMNC,"Carrying placards, some of which read, low pay now pellets and no work until justice is done, almost the entire clerical staff of the country's Supreme Court and Deeds Registry staged a one-day strike today."
ID_VMZZWZ,"From London, BBC Caribbean Report."
ID_RZHWUA,"When my brother died, the third one was like about two years old, and the other one was three months old."
ID_BLUXTC,Lucia with National Disaster Coordinator Timothy James.
ID_MJPJGA,We put some of its criticisms to the island's chief minister.
ID_YSUNWU,"and attacked and robbed several persons, mainly those of Indian descent."
ID_EATASR,Whether this is in fact deliberate as some are suggesting or just...
ID_MWSHUO,The question of extending British citizenship to overseas territories is being debated in London.
ID_YZEFFD,Cartesian school teacher Maureen Edwards describing Hurricane George in all its fury.
ID_GWIPEM,And why Cuban refugees are treated better than Haitians in Miami.
ID_CATHBN,"They had a first meeting, very short meeting, because they were waiting for the Chavez president to arrive."
ID_TYWHET,and the opposition in Haiti says it's ready to negotiate a solution to the country's political crisis.
ID_GZEXCS,The first prong will be that of jamming the signal.
ID_EZVMQW,This government was elected with a very strong mandate from the people of St Kitts and Nevis.
ID_IEOMHH,Shipping to Jordan as an island is so important.
ID_TARPJQ,Gies interim figures pointed to the continuing strength of the company's growing fresh foods division.
ID_DXVACH,"From London, BBC Caribbean Report."
ID_HYDNKD,"There are reports, Chief Minister, that the official line that everything is under control and being handled properly by the authorities is not quite accurate and a number of people are dissatisfied."
ID_UMRIRB,Gunfire was soon heard in other parts of the city as the violence spread.
ID_CHHLAF,A court decision in London re-opens debate on the question of justice for blacks in Britain.
ID_JLCRTL,Ecuador has carried out its threat to formally ask for sanctions against the EU.
ID_WRGASZ,"I have to ask you this, Dr. Webster, how do the doctors rate his chances of survival?"
ID_ZISCOJ,And just why has there been a foreign invasion in Jamaica's National Football League?
ID_ZYUMTA,Mr. Pandey is saying that the way Mr. Robinson did it is unconstitutional and he is no longer bound by the accord.
ID_PFXHMV,And the Labour Party and the fall basically found themselves in a position they claimed that they could not go along with that.
ID_UVKVWZ,"The Trinidadian army was effectively in charge during the crisis, and it's emerged that they duped at least some of the Muslims into believing that they'd get away with what they'd done if they surrendered."
ID_YNGCAF,Hundreds of mourners bearing placards and chanting slogans against the government and the police yesterday followed the hearse carrying the body of thirty-six-year-old taxi driver Mr. Brian King through the streets of Georgetown.
ID_GDBKEJ,"According to Mr. Mulling, his resignation comes against the background of a request by the Prime Minister for him to replace Richard Bernal as Jamaica's ambassador to Washington."
ID_VCCTVO,Kitsnevis Prime Minister Dr. Kennedy Simmons assesses the future of defeated Labour Party leader Lee Moore.
ID_KHIPIX,An election promise of full employment and making Barbados a developed country.
ID_PCEXMH,You're listening to BBC Caribbean Report.
ID_BUQNJF,The audit team also reported that their recount of the votes cast in the December elections varied only marginally from the results declared back in December.
ID_RGVIKZ,"Following calls by the island's Chief Minister David Brandt for payment on insurance claims, he met some insurance company representatives today."
ID_ZKJLSL,That was the big night on the town with dances and celebrations and political meetings.
ID_FHZCIZ,Carl James is the chairman of the Caribbean Sugar Association.
ID_AUVCVO,Vegetables sold in the city are transported mainly by trucks from farms over one hundred miles away.
ID_OEIVXX,"They were talking about the political statements that they are going to have tomorrow on several countries, such as Haiti or Guyana or Suriname, and St Kitts and Nevis."
ID_QOUXHF,"On our sister program, BBC Caribbean Magazine this morning, the President of the Caribbean Travel Agents Association, Wayne Rodriguez, made an impassioned appeal for government help."
ID_MMGHML,"issued a warrant for the arrest of one of the principals, Thierry Nano, on money laundering charges."
ID_NEZJMI,"The delegation, led by Deputy Prime Minister Winston Murray, held discussions on the controversial preparations for the December..."
ID_TVSUEK,"The outspoken former member of the United States military and the Banana Salvation Committee, which he helped form, came to prominence during the early nineties in a series of disruptive banana strikes to force change in the banana industry."
ID_BQGXCU,Mr Mandela meets with CARICOM leaders on Friday at a retreat on St Lucia's west coast.
ID_ETHWDQ,"Urban terrorism is on the rise in Haiti, with at least thirty people killed since the weekend."
ID_SGBFKY,But more than twenty others are not going to be so fortunate.
ID_VRQILN,Gary Allen in Kingston for BBC Caribbean Report.
ID_WPFXJF,"Today, Mr. King is to continue separate meetings with the parties in an attempt to break the deadlock."
ID_MRLVUM,"From London, BBC Caribbean Report."
ID_RHVJAY,"And if the continued retention is unacceptable, then the only choice for Anguillons is to seek independence."
ID_FXHJRY,government is prepared to go to federal court to uphold the Immigration Services decision to return Elian to his father in Cuba.
ID_KGQUNB,Kitson Nevis has denied claims by human rights groups that the state acted hastily in executing a convicted killer this morning.
ID_VXGLCO,He then engaged in an exchange of words with Commission Chairman Sir Fred Phillips.
ID_VRQFSH,Over now to Hugh Crosskill at the Conference Centre.
ID_HUXEDQ,The fact that different countries might take a different line in relation to Suriname.
ID_UCJJDK,"So, for example, in Barbuda, in Antigua and Barbuda, it has been reported that no woman has ever been elected to Parliament there still, even though the speakers of the lower house and the upper house are women."
ID_CYWRMN,Kate Nevis wants to see its neighbours adopt a more holistic approach to tourism development.
ID_BPOJZN,"From London, BBC Caribbean Report."
ID_KPGHSR,I'm Leslie Goff and this is BBC Caribbean Report.
ID_AVHAIK,Lou says he will resign unless the question of leadership is settled by year end.
ID_GUBSMY,I'm Ben Mead and this is BBC Caribbean Report.
ID_GMUOVI,but environmental groups are accusing leading developed countries of undermining the talks.
ID_CZMNNN,Platform speakers at the meetings claimed the crowds reached thirty thousand.
ID_QLUPHS,"From London, BBC Caribbean Report."
ID_QYPJLO,This followed a meeting between Mr. Brandt and British Prime Minister Tony Blair.
ID_IESAMQ,"Analysts say some carriers even face bankruptcy as demand falls, fuel prices rise and a world recession looms."
ID_FHSTXU,"Should he decide to fight on, the appointment will eventually be referred to the General Assembly."
ID_SRCBKI,It provides for two ex-officio members to be in my cabinet.
ID_OWMHZE,"From London, BBC Caribbean Report."
ID_DGNUBR,It also says that there was a reluctance on the part of the authorities to bring police suspected of human rights abuses to trial.
ID_TUEFKC,You're listening to BBC Caribbean Report.
ID_PUCSOO,Ronnie Hendrigues is program manager of the television station Tele Aruba.
ID_OUTLYJ,Cuban President Fidel Castro spends his seventy-fifth birthday in the Venezuelan jungle.
ID_HZWPXQ,"In Washington, Dominican-born Atherton Martin has been seeking to get that message across during his stint with the Development Group for Alternative Policies, an organization set up to review U.S.-Caribbean relations."
ID_VPTSJT,"and the British Minister, with responsibility for the Caribbean, gives full backing to the Guyana government's economic policy."
ID_XSPJYC,"American drug enforcement officials say that following the successful Operation Columbus, similar sting operations to combat drug trafficking in the Caribbean are being planned."
ID_HYLDSX,"From London, this is BBC Caribbean Report."
ID_NWFZHS,so that I do not believe that the leadership would be deeply shocked.
ID_RCOOIQ,"In a letter made public today, Haiti's Justice Minister has called for the arrest of the alleged leader of the Tonton Makout, Roger Lafontaine."
ID_OGVEMH,"From London, BBC Caribbean Report."
ID_DEFNDR,"The widening of the strike is also to protest the action of police who yesterday fired pellets on demonstrators, injuring a number of them."
ID_PIHJLA,"Does this inequality exist for the obvious reasons, like poorer people can't afford more medication, or is the imbalance more structural in terms of the attention that the global bodies pay to the problem?"
ID_IYLLSR,"But most recently, you had an exclusive interview with Saddam Hussein."
ID_PTIHVA,"Lucia, he said, supports Caribbean integration, but cannot open up if others do not reciprocate."
ID_CJJLLX,"At the United Nations General Assembly today, the Barbadian Foreign Minister, Billy Miller, outlined a regional position on the deployment of United Nations troops in the Serbian province of Kosovo."
ID_JLVNSK,"Today, neither was giving any indication of what can be expected of them."
ID_OTBGYK,"And believe you me, if you can do this, you will give an additional ounce of life to our Caribbean farmers."
ID_IIRAYX,"From London, BBC Caribbean Report."
ID_JIAXNC,and residents of Salem in Montserrat say why they're taking their chances.
ID_XWBBMH,"The marchers, however, managed to reassemble in their hundreds in the center of the city when the police resorted to the use of tear gas to disperse them."
ID_XBQHJC,Dr. Raul Edwards said that the young female population of the Twin Island Republic could be decimated by the HIV virus.
ID_HJXCRI,"Martin has not yet received a report on this, and they have an economic team which is working now to assess the damage."
ID_ZNCRAJ,"Welcome to this post-British election analysis, a special edition of BBC Caribbean Report."
ID_YHFDTX,Barbados and Trinidad and Tobago discuss economic policies.
ID_TSZWVX,"This morning, President Jagdeo said he had a suggestion to make to the two parties."
ID_CGXKZQ,"I'm Hugh Crosskill, and this is BBC Caribbean Report."
ID_JPLKGV,Do you take this man for your lawful husband?
ID_DWBTKY,"His whole conduct as the leader of the opposition, his failure to meet some of the requirements as stipulated in the party's constitution, and the disappointment of the general membership in that regard."
ID_XTKYDC,"They are fully aware of the impact of adjustment on Jamaica, and by gosh, they want to avoid that."
ID_OQJVDX,"Dominica's Prime Minister, Mary Eugenia Charles, is now coming to the end of a hectic European tour."
ID_YTHLCE,"From London, BBC Caribbean Report."
ID_OGGCNC,I believe there's sufficient space available for everybody.
ID_PRZBOB,Archbishop Gomez said this was incompatible
ID_LFVGUD,There's a British travel advisory against that country.
ID_YODQNQ,"From London, BBC Caribbean Report."
ID_PLUWMC,"These normally go to Curacao, as well as the ferry boats which operate between Anguilla and St."
ID_WWFWMA,"And once he was classified as a terrorist, he will not get bail."
ID_JYSPSY,"And I would imagine over the next five years, if the UWDP forms the government, the word corruption would be more broadly defined to include everything that is immoral, everything that is unethical."
ID_TXUXBU,It comes after a rescheduling of US dollars of Cuban debt with Japanese businesses last year.
ID_RJVCFU,She said none was proven correct.
ID_TKBOXA,"Meanwhile, the government is beginning to show signs it's ready to make concessions."
ID_FJZGEF,"We're back live and direct this century at eleven oh five, eleven fifteen and twelve ten GMT for our next morning programs."
ID_BPFGGU,"Up until news time, there was no indication of how successful the talks had been."
ID_YJQCWP,The multilateral trading system is one of the foundations of peace and of progress.
ID_KQUMWY,"I'm Hugh Crosskill, and this is BBC Caribbean Report."
ID_BQYFRP,Mr Compton is scheduled to address St Lucia's House of Assembly on the issue Tuesday morning.
ID_WUXLVP,That's one reason why the former Trinidad and Tobago Finance Minister Wendell Motley thinks the Caribbean's approach to the talks will have to be an expensive one.
ID_UZOHQT,Britain's Privy Council about to roll on a landmark appeal from two convicted Trinidadians and a renowned financial expert pushing for a single CARICOM currency.
ID_XUSDCL,"But certainly, no OECS person would be refused entry."
ID_YZSVYX,The figure is closer to twenty thousand.
ID_FWSQMM,One international banker in the Surinamese capital described the situation as a monetary time bomb.
ID_FWTZCH,"You could be accused here of A, being discriminatory, and B, of splitting hairs."
ID_KQTTUD,"I mean, we can't allow them to get us into playing those games."
ID_XBKWSK,has ruled and at the same time he has the right to appeal... Did it occur to you that this might be a more graceful... I am not passing any comment on the opposition's thinking.
ID_DUGFXI,I asked him if those details of Mr Hoyt's former income came as a surprise.
ID_DHDYWY,Are the same policies going to continue in terms of the hostility towards our own position?
ID_EYXKHZ,"From London, BBC Caribbean Report."
ID_ZPBVMZ,I'm sure that he would feel that his prediction is validated at the end of the season.
ID_OFOVRR,Assurances from Britain that it has CARICOM's interests at heart.
ID_YPLIFV,St Vincent's opposition leader clears the way for the election of a new party head.
ID_SNIJYS,Minister Chinley says a wave of undercover operations across the islands has already begun to undermine the planning of crime.
ID_CANICV,"For the first time in the history of the Republic, the head of the Catholic Church has landed on Cuban soil."
ID_IQBPXG,Supporters of former president set to be fueling unrest.
ID_XRNAHK,Two of the protesters were shot dead by security guards after they entered the premises during the demonstration.
ID_VBGZSR,"citizens will see that what their government does creates enemies for the United States without attacking the base of the problem, while in fact this multilateral evaluation mechanism will provide such a common standard for everyone to be measured against."
ID_BNVGIM,And they have appreciated that the CARICOM is very fixed in their determination to have Cuba as a part of the Caribbean area.
ID_PIDDKS,It is a pretension of these governments to go it alone in spite of international ostracism.
ID_TTPOAU,"These planned executions next week, Thursday and Friday, are coming after a break of nearly ten years and despite pressure from London and the human rights groups for Caribbean countries to abolish capital punishment."
ID_TLQUNE,"And UNCTAD's Director General, Robens Ricopero, doesn't want the Bangkok Forum to turn into another Seattle debacle."
ID_AVQVQG,"The VIP won six of the thirteen seats at stake in yesterday's general election, one short of the required majority."
ID_UTEZIM,I asked Ricardo Alarcón if an end to the thirty-year-old economic embargo on trade with Cuba by Washington would be a condition for improving relations.
ID_EBMVQF,"In part, it is a response to the horrifying exodus"
ID_XNIHOZ,The leaders' main concern is funding for their important banana industry.
ID_OQOAZZ,"Is it the case that the Caribbean women are, as it were, coming into their own in the university, and the men are seeking educational opportunities outside?"
ID_OUZKQN,"The crowds, mostly of school children, are bursting at five o'clock every afternoon, usually to a specially built stage outside the U.S."
ID_BJXDBN,"Debbie, who's expected there and who's showed up so far?"
ID_GJQOKB,The prices of raw materials in many parts of the Third World is being manipulated to stay down.
ID_QNRDUM,"urging Dr. Anthony to make the death issue a number one priority because he says several factors, including low production, are stifling the industry."
ID_HMLDUQ,"The crew anchored the ship in front of Boca Chica, a popular resort twenty miles south of Santo Domingo."
ID_OONWVU,We have not been taking the initiative to do anything that is violent.
ID_BKGXRL,"The rains, which started overnight, have continued throughout the day, dumping as much as eight inches and causing localized flooding in some low-lying areas."
ID_RESBOH,"Jamaica's Minister of National Security and Justice, Katie Knight, said today he hopes the process of reviewing the cases of death row inmates could be completed before the end of February."
ID_HRHBAO,We'll be talking to one of the Y-IIK experts who've been conducting seminars throughout the region.
ID_ZFOYDT,"At the outset, the Cuban government is likely to have a two-pronged response to TV Marti."
ID_MVYNPS,Anguilla's outgoing governor describes his tough duty there as a waste of time.
ID_OFLCWY,The polls show that shoppers don't mind paying more for bananas they have been assured are produced under good working conditions.
ID_ANYAEM,"And today, the Express newspaper quotes a senior ministerial source who says..."
ID_TIIUKR,Lucia Labour Party was to suffer again after the nineteen ninety-two elections when it expelled Mr. Peter Josie.
ID_IQYACO,"The committee will seek to find out, for example, why the capital Plymouth was rebuilt after being devastated by Hurricane Hugo in nineteen eighty-nine when scientists warned that the south would be vulnerable to a volcanic eruption in ten years."
ID_FPMZRC,"I'm Hugh Crosskill, and this is BBC Caribbean Report."
ID_XOITFT,The opposition PNM and the three ministers now to the Pandey administration were meanwhile meeting to discuss strategies to possibly replace the government.
ID_BPFPAS,"From London, BBC Caribbean Report."
ID_NGFYFU,Montserratians may be able to move back to limited areas further south within the year.
ID_PGOGMP,"I'm Hugh Crosskill, and this is BBC Caribbean Report."
ID_ZPNOCE,Mr. Manning said the government continued to have great doubts about the authoritative
ID_PXPIDL,"And I would just like to tell him that I love him so much, and one day I will be with him again, and I know that for sure."
ID_MTULMM,A new vent on Montserrat's rumbling volcano belched steam and ash for a second day today.
ID_XYIUZI,"When one looks around at other countries in the region, some countries have taken a year, others have taken two years, but we are an archipelago, a chain of islands spread over one hundred thousand square miles."
ID_NTORNS,natural victims of such a process.
ID_XCKFGO,CARICOM's slow pace in implementing decisions came in for some criticism at a regional consultation meeting which began today.
ID_KGVZAR,"There is no evidence to support this allegation, nor is it believed to exist."
ID_EOJXBJ,The state of alert is maintained as top Montserratian and British officials in London discuss the future of the island.
ID_GUNKUG,But isn't time needed in the resolution of complicated matters of trade?
ID_NBVNQZ,"Mr. Anderton declined to be interviewed, but said that information about the shipment will be communicated a day or two before the ship's departure."
ID_ZUBFNY,"It is, I suppose, perfunctory to say that these international conferences were tremendous successes."
ID_HYQQIP,"From London, BBC Caribbean Report."
ID_HIFJHH,Heads of government need to grapple with both with equal skill and vision.
ID_MWTJKA,"And it's the first one-day international at this ground, and of course it's Bangladesh's first time in the World Cup as well."
ID_FDWVMD,That's according to a report published today by the International Narcotics Control Board.
ID_YMAUOB,"And under the clean development mechanism, we can foster energy initiatives."
ID_SOAZMS,"In an eight-page fact sheet just issued here, the European Commission attacks virtually every aspect of U.S."
ID_ARFBON,Jarrell Shaw and Michael Beckford were sentenced to death in nineteen eighty-six for the murder of a pimento dealer.
ID_GZQOAP,a position associated with all the associated social and political maelstrom which we in the ACP and in the EU seek to end.
ID_CRUJDE,Yet we hope that this unreserved public apology will bring you some small comfort.
ID_SUEVRO,And no democracy can be reached unless the actual power is dismissed.
ID_NBTYDT,so he was found not guilty of attempted murder and shooting with intent to do grievous body harm.
ID_VEHPVL,The CTO is the official body for promoting and developing tourism throughout the Caribbean.
ID_PFRELS,"Scores of residents, meantime, flock to the WH Bramble Airport trying to get flights to neighboring Antigua."
ID_OVLLVQ,I'm Oren Gordon and this is BBC Caribbean Report.
ID_DUUSSN,I asked him whether yesterday's exodus from Montserrat was continuing as island residents flee a possible eruption.
ID_FYPIGE,"Mr. Horace Clark says in the meantime, government's ability to pay for oil imports is being hampered by a twelve percent fall-off in winter tourist arrivals."
ID_CYQXER,The opposition People's Action Movement in St.
ID_KBOBPX,"Lucia, since this is extremely important and is a matter which the House of Assembly will have to deal with."
ID_FNUYCQ,"We, however, will be going out and presenting to the people the..."
ID_PITDXV,"In a low-key ceremony at the Pentagon today, the United States Navy officially turned over eight thousand acres of land on Vieques."
ID_UECUWW,no uh... i suspect that uh... we we we shouldn't uh... preoccupied with ourselves with such a concert for the simple reason that the way the secretary functions a secretary can only be called into action as requested by a member state
ID_CJFBKB,He also says there are signs that the Fayed Tonton Makoub are regrouping.
ID_DRMJBJ,"While accusing the ruling party of deliberately delaying the reform process, the main opposition has been insisting that the next election must be held on the agreed date."
ID_UFVZWI,South Africa hopes for an April tour of the Caribbean as the West Indies Board President arrives in Johannesburg.
ID_BODCAS,Forty-four thousand people have been employed by the Electoral Council.
ID_WDKWBO,Guyana's new president appeals for the support of the opposition who have condemned his appointment.
ID_JYPWWC,Miller said the UN Security Council should be the body that sanctions the kind of military intervention that NATO undertook against Tobia.
ID_KSBHNY,"We were there just for thirty-six hours and I don't know that we, well certainly I am not in a position to say how Pakistanis have viewed our action, but there was some discomfort because there was a misunderstanding."
ID_XTJKWG,And the US embargo against Cuba threatens international sporting event.
ID_FTNOII,"From London, BBC Caribbean Report."
ID_BKHERF,Leslie Goff reports that that trade bill is now very unlikely to be voted on before the Senate session ends next month.
ID_MVKGSH,"Francis Claudius, who is also vice president of the Media Workers Association, says certain procedures were not followed which led to several delays in a case which should never have been taken to court."
ID_NGILZQ,"There's no question in my mind, as a former federal prosecutor..."
ID_GLLCXT,"joins me live on the line from his home, which is the new temporary headquarters of the Caribbean radio station Radio Antilles."
ID_XFSNEN,"The experts say that while the United States has softened its policy somewhat in recent years, Cubans have been favored for decades, especially under the U.S."
ID_YGAZWN,"The team will consist of some forty to fifty members from the RSS, the Pan American Health Organization and the Caribbean Disaster Emergency Response Agencies."
ID_CHSQEU,Queen Elizabeth arrives in Jamaica to a twenty-one gun salute at the start of her three-day Jubilee visit.
ID_XYECWW,The Coast Guard intercepted a second boat with thirty illegal migrants on board earlier today.
ID_JUPTDN,"The first fruit under this label went on sale across the UK today in the stores owned by the big retailers, the Co-op and Sainsbury's, or in Garden Report."
ID_TETIGB,But candor compels that I reiterate this warning the American people will never accept the claims of the United Nations to be the sole source of legitimacy on the use of force in this world.
ID_IPFFBQ,"After a four-hour meeting at the Oval, a tense and drawn Chief Executive, Alan Smith, declined to elaborate on a bald three-paragraph statement which told the cricketing world nothing of their stance on the contentious South African issue."
ID_XAURWV,"Meanwhile, hundreds of Dominicans told the American embassy that they are willing to join U.S."
ID_MLLGDP,"sharp enough to, with one stroke, according to pathologist Dr. Dino Grammatico, have caused death."
ID_SKIUKR,"Freedom Party leader designated Brian Arlene, who is Dominica's external affairs minister."
ID_WMUVBH,"From London, BBC Caribbean Report."
ID_VPYDZA,"Mr. Manning is quoted in the press today as saying he will head back to the Parliament, and if frustrated in his efforts to elect a Speaker, he will again prorogue the House."
ID_VLPHKT,"We are very closely related to America physically and otherwise, and given the problems that we face with the drug activities and the number of security issues that are confronting the region and America at this particular time, we certainly believe that it's in the best interest to help develop healthy economic life in the region, which of course would make it more difficult for the drug lords and others."
ID_OMMYVI,"Antigua gets a fillip in cleaning up its offshore financial operations, and Caribbean countries are reeling from a slowdown in summer tourist arrivals."
ID_ANFPDF,The deportation process started over the weekend after the US Supreme Court backed the Bush administration's argument that the Haitians were fleeing poverty and not political repression.
ID_CRQWFO,"The new man in the job is Felipe Perez, a former member of the Students' Union where he'd been hand-picked by Fidel Castro to be his private secretary nearly a decade ago."
ID_EDPJCZ,"At a meeting over the weekend in Trinidad, manufacturers from Trinidad and Tobago, Barbados, Guyana, Jamaica and Dominica said the proposals put forward by a team of CARICOM technocrats do not address the real issues."
ID_MTXQOT,"Late counts suggested that, with just over thirty-four thousand votes to be tabulated, the PPP was ahead of the PNC by thirty-five thousand votes."
ID_IIQJJG,Trinidad says it will test samples of suspect oil from Haiti on humanitarian grounds.
ID_YHAAZV,"In a moment, we'll be going live to our correspondent in Kingston."
ID_XCZIGT,"Now, will a de facto reshaping of the Constitution..."
ID_YJMBXN,Let me say that the economy of many ACP developing countries are ill-prepared for such an eventuality.
ID_GYCVJE,"In Guyana, a clean bill of health for the Esakibo River ends a cyanide spill scare."
ID_CLDNRO,as well as an eventual increase in tourism-related positions at all levels.
ID_HDRSYN,"From London, BBC Caribbean Report."
ID_VSTAJF,"It is conceivable that one party might win, say, perhaps eight out of fifteen seats."
ID_AHVSJB,Airline Continental is the latest to cut its commission to travel agents in the Caribbean from nine to six percent.
ID_YPWEWS,He said he would continue the Bush administration policy of returning Haitian boat people.
ID_XKFBPK,"One year on, there are thousands of people who are still living with friends or relatives."
ID_TNAYMC,"bilateral trade between Jamaica and Trinidad and Tobago in a CARICOM context, in a context in which the CET has come into being for us from January."
ID_YEVSIK,WTO officials were meanwhile struggling today to put failed trade talks back on the agenda.
ID_DKCSTW,More of the same is the warning from scientists monitoring Montserrat's volcano.
ID_ULRRZP,One policeman was shot and seriously injured.
ID_MCKKNI,Trinidadians expressing their feelings on a decision by a High Court judge to grant a stay of execution to nine condemned prisoners.
ID_OCWQBZ,"after a disastrous ten-ton sugar harvest, which didn't reach ten tons."
ID_QXKZIC,Havana warns that US aid targeting Cuban dissidents will end up in Miami.
ID_BAWJEV,We don't want the preferential treatment that has no ending.
ID_WRZRSQ,Bahamians continue the clean-up as life slowly returns to normal after Hurricane Floyd.
ID_LOBGLH,Two major issues coming from Hurricane Louis as the reinsurance matter gets further attention and Haitians in St.
ID_JKWWCX,Backstreet is also now getting in business.
ID_WURUYY,"The scaled-down mission, to be composed of police, human rights and justice experts, is likely to win approval at the UN, but it could present a problem for the Haitian Parliament, which last year called for the speedy departure of all foreign armed forces in Haiti."
ID_HEABFU,"Meanwhile, six members of the Student Society met with President Cherry Jagan and the Minister of Education to discuss the students' grievances, which were the root of last week's campus protests."
ID_RSZXGK,"Two years after elections should have been held, Guyana appears to be on the brink of producing a voters' list that satisfies all parties concerned."
ID_LXPYZQ,Guyana's election results announcement bogged down in legal challenges from the country's opposition parties.
ID_TFKIXQ,The Bahamas was among five Caribbean countries that the FATF blacklisted last year.
ID_GKQGNY,The unrest resulted in two stars being looted and two persons injured.
ID_CAPHPN,There appears to be internal disquiet within the administration of Trinidad and Tobago Prime Minister Bastio Pandey.
ID_BBAKTS,"If the safety can't be guaranteed, then there's a likelihood that games won't take place in those places."
ID_WAQGHK,What are some of these broad positions you will be taking up on Friday?
ID_DKUPHC,More street protests in Jamaica of increased petrol prices.
ID_ULSOZC,OECS ambassadors in Washington increase lobbying efforts for the EU banana quota.
ID_NQBHKH,I don't think any OECS person coming to Dominica will be refused entry.
ID_UUVJWK,Do Mr. Camdissou's comments suggest that the IMF is a body in need of drastic reform?
ID_JOECEN,A meeting of the British Labour Party Conference endorses the Caribbean's position in the banana trade war.
ID_SGMUGA,These developing nations say unless their demands are taken into consideration before and during the U.S.
ID_ZQNTEI,The Caribbean tries to work out a way forward in Europe after Lomé.
ID_QOJVMK,I am Keith Stonegraves and this is BBC Caribbean Report.
ID_BYWXQL,"Dr. Mitchell, who held the public utilities portfolio, was sacked along with the Minister of State for National Security, Larry Joseph."
ID_TUDLDH,The march was organized by the Jamaica Council of Churches as part of its annual week of prayer for Christian unity.
ID_JWMJGV,"The new commission paper comes almost on the eve of the ACP summit being held next week in the African city of Libreville, and it's sure to stir up some feeling there."
ID_KDIOGS,"Who chopped you, sir?"
ID_AQDWUZ,"This group that is now at the presidential palace in Haiti, I think, should be isolated by the international community."
ID_EVZACU,President Hoyt has agreed to long-standing opposition demands for counting and tabulating of votes at the place of poll and for a complete revision of the voters' list.
ID_VGKXQN,Liat executives continue
ID_TWZFNJ,Significant results as a result of the shipwriter agreements.
ID_EULQUX,Lucia's agriculture minister lending his support to calls for a CARICOM observer team to monitor the Guyana elections.
ID_NQQTPS,to be able to fetch a price which will be anywhere between ninety cents to a dollar but this will be very short term might only be there for two or three months and then unfortunately as the new crop start coming off again also in the arabica sector without an ICO
ID_LXHWXH,She's not so sure that Grenadian farmers will get the best out of the deal.
ID_GCDSTA,This is where George was at his deadliest.
ID_QWYUDS,But is Mr. Zeffirin's a lone voice or are his views more widespread?
ID_BSYOCT,A judge in Guyana is expected to make a ruling on a political crisis that has gripped the country.
ID_EJRRMB,asked him to explain the implications of the SLBC decision.
ID_GMFCBW,The fourteenth Miami Conference on the Caribbean opened for business this morning at the Intercontinental Hotel in the heart of the city's financial district.
ID_RDMWVL,The regional body wants to have in place a more organized approach when dealing with the integration of senior citizens.
ID_WIRZBD,"As soon as they are finished, then the list will be sent to the Governor General's office."
ID_HMCPXE,The Americans have made at least the move to have this special dispensation put through the Senate.
ID_OSRMZD,So is it likely to have an effect on current dictators and leaders?
ID_CDCWKF,I'm Bertram Niles and this is BBC Caribbean Report.
ID_ARATOP,"Well, that has been over ever since he resigned from the government in early May, nineteen ninety-nine, two months after the last election."
ID_IYAGJD,and Jamaicans to show its football strength in Zambia.
ID_IHZPAP,"According to that official, it appears that some threats were made against persons regarded as supporters of the Dominica Freedom Party, but these were made by other passengers rather than the driver."
ID_WHMVYV,Exile Group denies involvement in bombings and assassination attempts in Cuba and further lobbying planned of US over the banana issue.
ID_QDECIF,An individual which I think any individual who's going to lead any team would be proud to have with you.
ID_FZILFF,A survey looking at women in Caribbean society shows a decline in many political and other gains made in the past.
ID_ATGMAI,"Of the twenty-nine seats, the United Democratic Party won sixteen, and the People's United Party, thirty."
ID_KSYEWE,He says this has become necessary after defeat in the local government elections of June this year.
ID_NBIOXU,"From London, BBC Caribbean Report."
ID_KAQIQW,A delay as Barbados seeks to renew hanging.
ID_DBQEHR,"Dr. Carrington, who takes up the job at the start of next month, describes as a little bit disappointing progress made on the issue at the recent Heads of Government summit."
ID_TDNMNB,"A second company has pulled out of St Martin, saying it has become too expensive to cover hurricane damage."
ID_QUQXLH,I am Keith Stonegraves and this is BBC Caribbean Report.
ID_VMRWZW,"Yesterday, CARICOM official Hayden Blades said on this program he believed there'd be full free trade by the end of this year."
ID_YMJEXF,Vincent and the Grenadines in suggesting that the time had come for consideration to be given to relocating with DECO's headquarters from St. Vincent.
ID_VBYEXJ,The airline says it's down by fifteen percent in passenger traffic since the attacks on America.
ID_ZNLLCJ,"Jamaica's opposition leader wants a single House of Parliament, and South Africa seems set to become the new destination for West Indies professional cricketers seeking a county side."
ID_SRFJXR,"And the process wasn't completed until November 11, 2001, in the Estadio Guillermo Caniero Stadium in Mexico City, when Mexico clinched the final of three hemispheric places with a three-nil victory over Honduras."
ID_LGUMEC,"In a statement yesterday, Mr. McKinnon..."
ID_ZZWWHR,"The authorities, along with concerned groups and promoters, are attempting to resolve problems associated with a major hotel project being built under the program."
ID_VSBEZN,We are still awaiting the latest scientific report.
ID_OOSXZB,"So I don't think that that is a real reason, and in any event, they obviously had a leaked copy, which they had adverted to in the newspaper week in, week out."
ID_SKKWNU,Part one of Chelston's report begins with meteorologist Jack Bevan telling him that Atlantic storms are getting fiercer.
ID_AVHHHU,Bertram Niles has the story of the man who's probably the Caribbean's slipperiest criminal.
ID_VPBGBJ,"Until midnight tonight, when legally all campaigning must cease, the four to one candidates will be visiting their seventeen constituencies one last time in preparation for tomorrow's poll."
ID_KSYFGB,Seismic Research Unit Dr. John Shepard says the ongoing activity does not necessarily mean that an eruption is imminent and that there is no cause for panic.
ID_YQRXES,"We are prepared to meet with whoever and wherever and whenever, provided there is reason to believe."
ID_DRASLP,I'm Bertram Owls and this is BBC Caribbean Report.
ID_OTPXOL,He is just a toy in all this story.
ID_FCPJDE,Jamaica takes another major step on the road to the Enterprise for the Americas initiative and growing concern for CARICOM's negative image overseas.
ID_OVWAFH,"Ahead of Wednesday's official opening of this year's annual summit of Karakum heads of government, Haiti today took the final step to become a full-fledged member of the regional grouping."
ID_EFPJJX,And also they quite simply want to get rid of Parliament and open the way to another way of governing in Haiti.
ID_XBBANA,"and the rising out of the cutting out of contracts, the corporation has been able to save millions of dollars."
ID_XXRYPG,The move has led to the protest resignation of the cabinet minister and condemnation by the opposition and the Caribbean Human Rights Network.
ID_ESLCNU,The report is due to be published later this week.
ID_DKQTFA,"Well, Tony Fraser joins us live from the Trinidadian capital."
ID_GUALQC,Chairman of CARICOM's audit team in Guyana says final report and general election should be ready by month end.
ID_LXHOAT,Officials have warned that any suspension in drug cooperation would be bad for the Caribbean.
ID_AUQNEH,He gave the names of the five hitmen allegedly involved directly in the Dallas assassination.
ID_GAPWZT,It will require us to produce for the global rather than the domestic or regional market.
ID_DFODLC,Just how far-reaching the changes are going to be will become apparent at a meeting of all British dependent territories in early February and a meeting of the Caribbean dependent territories with British Foreign Secretary Robin Cook in the middle of that month.
ID_ZMGYJT,Guyana's main political parties give the all-clear to Karikom's audit team.
ID_WLULTH,Guyana's foreign ministry protests the detention by Suriname of Guyanese fishermen.
ID_WMRFAM,"And then others are forced to sleep in shifts because often there are not enough people to sleep in the house at one time, so they have to take turns."
ID_YBSFSY,"But PPP spokesman, lawyer Ralph Ramkaran, is rejecting that argument."
ID_FXMEKD,"You pay me courtesy to ask him a price, and if he disagrees, you are quiet alone. But first, before you are quiet, you have to get permission from the FID."
ID_MSOOJX,"accept an invitation to meet President Clinton, he said, well, that would be walking along the path of utopia to think that he would extend an invitation to me, but if he does, we would say yes out of a sense of responsibility and courtesy. So it's obvious that the Cubans would like to develop better relations with the..."
ID_ARSRAS,The Atlanta-based Carter Center remains optimistic about the prospects for a free and fair election in Guyana.
ID_DGNINL,There are some procedures that got to be fulfilled.
ID_BZHGRB,"At the same time, I think that government has to work out a plan how to develop the interior for the benefit of the people living in the interior."
ID_LGAZOV,for criminal offenses during the nineteen ninety-nine fiscal year.
ID_UXAOSY,And some of the excuses given outraged the population.
ID_BBCLCR,"I think they want to sell only their bananas, and this is all what's about it."
ID_SNJVWW,Today's release from President Robinson comes after a team from the inter-religious organization met on Monday and Tuesday...
ID_ZZVAUE,"In this very important department, there is a resistance to the continuation of the electoral process with the current election officials."
ID_PRKVVY,Carrier Continental was the latest to announce a reduction from nine to six percent.
ID_VZECOZ,Lou Smith reports on today's developments from St.
ID_DYWHQP,is going to take a sustained commitment of national will and resources to undertake this successfully.
ID_VSDSLA,Three days of negotiations in Brussels for a new Lomé Convention ended today in disappointment.
ID_HMJRDE,Guyana's opposition resumes its boycott of Parliament after attending its first sitting in almost a year.
ID_BLAVZB,"And Suriname's High Court upholds the amnesty, clearing the way for peace."
ID_VIOMTU,"This report, I think, has undermined confidence in the Antigua Labour Party."
ID_ZLWAFD,And the Jamaican government tries to woo expatriate money back home.
ID_ZXCUFP,"Some leaders say the deportees are contributing to increasing violent crime, such as Jamaica's record eleven hundred and thirty-eight murders last year."
ID_CZCOFZ,making any official comment on the situation because we have not gotten anything from them yet.
ID_BVUADB,"Some regional airlines have already agreed to having Sky Marshals aboard, but did they really have any alternative?"
ID_HDWOLI,Lucia into the cause of a sudden increase in poor quality fruit reaching the UK market.
ID_CBNIRD,"I'm Hugh Crosskill, and this is BBC Caribbean Report."
ID_EDIFEW,A five-year price freeze and an impending two percent cut in prices pose a serious threat to ACP producers.
ID_EGTLDY,"In their place, the Commission will make available funding to help improve the competitiveness of ACP banana producers."
ID_PFRFCV,The Soviet leader Mikhail Gorbachev is scheduled to arrive in Cuba on April second.
ID_BRAKHW,We have heard the government has had more trouble.
ID_LWSVKA,A woman who was in the building with London was also shot and killed.
ID_ZUZXKD,"Andy Chin says if it ain't broke, why fix it?"
ID_SDDOKU,Barbados prepares to host the next meeting of the ACP as the grouping fine-tunes its bargaining position with Europe.
ID_MEHLYO,"One faction of the PNM apparently is concerned about a meeting that is scheduled to take place on Sunday, at which time some decision is expected to be taken."
ID_XCOPIC,Their leader is Eloy Gutierrez Minoyo.
ID_FNHJOR,where journalist Jean-Michel Carrois told me that talks are no talks.
ID_TUOIQI,"I'm sixty years, sixty-eight years old, and I'm vigorous."
ID_RWYVXN,"In an interview with BBC Caribbean Report today, Sir Neville said the many examples of regional leaders failing to implement decisions taken at the Karakum level could lie in the fact that many of these decisions are taken without adequate research and analysis."
ID_BSKPCY,"In a while, we'll hear from CARICOM's chief negotiator on the Caribbean's WTO hopes in the immediate future."
ID_MHTHUW,"Dominica's new Prime Minister, Rosie Douglas, arrived in St."
ID_YOYXST,develop relations with Cuba in the promotion of investment in the Caribbean and in Cuba as well.
ID_FBMSHC,And Brian's Blues' frustration as Warwickshire supporters jeer their captain.
ID_RSQDIZ,"So at this moment you have to address that situation and you have to address it in a situation where the revenues of the governments of the Netherlands and the Philippines have declined considerably due to the fact that the offshore companies, financial offshore companies of the Netherlands and the Philippines..."
ID_RSWXSN,"And the first in part of Spain, a sitting head of state, sues a former prime minister."
ID_IYRQBJ,I'm Leslie Goff and this is BBC Caribbean Report.
ID_WJDGUQ,OECS leaders discuss plans to evacuate volcano-threatened Montserrat and life after Marlin.
ID_MHZOIS,CARICOM's Edwin Carrington defends the region's rights to protect Caribbean economies.
ID_EBGSZA,The nine thirty six program comes under close scrutiny in the US Congress from tomorrow and hearings and in the Privy Council of an appeal case which could have implications for long-term death row prisoners across the region.
ID_UGPDFH,The last thing we heard from them that everything there was A-OK.
ID_MXZDHV,"The World Trade Organization, WTO, meets in Geneva tomorrow to try to make progress in the long-standing banana trade dispute."
ID_GRKJLR,I'm Ken Richards saying goodbye from London.
ID_HRHCJD,"They are obviously feeling the loss of President Jagan, who the Guyana Human Rights Association described in a statement this morning as the only person who has an unassailable claim to the title Father of the Nation."
ID_NLVPXP,Deposed Haitian President Aristide calls on the United Nations to support the OAS embargo against his homeland.
ID_CVKKCC,It'll also be a year tomorrow since the cruise ship the MV Phantom disappeared in the Caribbean Sea during Hurricane Mitch.
ID_ISTMSE,President Arthur Robinson has so far refused to swear in as ministers seven defeated candidates.
ID_VYLYKH,But they did expect that she wouldn't have been there for this.
ID_WIZHKA,She's known as the Iron Lady of the French Caribbean.
ID_UBUSIW,"If he is so, and if our government would agree with the fact that he is so, I think that they should decide in a positive way."
ID_GRSYRO,Chandravan Binindyke in Paramaribo told me what the papers mean by coup by telephone.
ID_QQQVER,A plea from the Dominican Republic to reconsider how aid is given to the world's poorest countries and why hurricanes are getting stronger.
ID_OHMMPP,gains from the Caribbean or improved access to the Caribbean might be at the cost of some jobs in the States.
ID_XZDPVD,collectively and decide who will become the general secretary to replace me which of the personalities within the the party structure though would you say are the likely front runners for the all our leaders have been trained in the in the direction of
ID_FYALIH,And CARICOM leaders to meet next week to discuss the effects of the attacks on the US.
ID_AHDGYA,"However, the airline has indicated some of the areas in which it's likely to make cuts."
ID_TQGGPF,"Speaking in the House of Commons during Prime Minister's question time, the Guyana-born MP said his concern was raised by Mr Major's visit to Colombia prior to the just-concluded Earth Summit in Rio."
ID_ADCFEX,Antillean Airlines to cut more than a hundred jobs in a bid to survive and fine-tuning a regional approach to a successor agreement to Lome IV.
ID_BCDDND,"But the most important thing for countries such as mine, small developing countries, is that the conference to a great extent focused on the particular problems of small developing states and in fact made recognition of many of the things that we had been, in a sense, arguing for."
ID_NVKKYY,But of course that's a very difficult political issue for the Americans themselves.
ID_NBEGXN,"A few hours later, I was waiting anxiously on the top floor of the Bush House building to see what promised to be the event of the century."
ID_FKOROA,its recognition as one of the country's official languages would be quite an order.
ID_SZNTIH,"More later from the CBEA, but first, this report from Keith's Stone Graves."
ID_WJROWV,There were a few embarrassing episodes.
ID_RPXMXR,"I hope people will come to say, well, give you kind words."
ID_PNQKBT,"Despite charges of corruption against your government, despite you having been forced to call a snap poll because you ended up with a minority government, your party received a ringing endorsement from the electorate."
ID_ZVKVDK,"And the brain power that we need for development, we also will be left behind."
ID_EOBVMB,Comments by a senior Trinidad and Tobago judge this week have stirred a philosophical debate in the country over democracy and the Constitution.
ID_UALTWQ,Do you expect that to be taken at face value?
ID_NDERSE,"From London, BBC Caribbean Report."
ID_NNCIAY,We spent a lot of money getting some of the best brains to help us to craft our legislation.
ID_MPESCL,Much of the northeastern Caribbean is braced against the one hundred and fifty mile an hour winds and torrential rain headed their way with Hurricane Lenny.
ID_GRVRSM,"And in what could be a sign of weakening of those opposed to his return, a group of senators and deputies from Haiti plan to visit Washington next week for talks with the Secretary General of the OAS."
ID_RQLULK,Analysts say that lawlessness is exactly the reason why it mustn't be delayed.
ID_MHMZIR,"From London, BBC Caribbean Report."
ID_LTMBGI,You're listening to BBC Caribbean Report.
ID_KIUEED,"And, of course, he's speaking from a European point of view."
ID_QJXYZA,"The commercial banks have reopened, but schools will remain closed."
ID_ADUALS,What we're trying to do is to arrive at a unified approach for CARICOM.
ID_VILIDP,"From London, BBC Caribbean Report."
ID_BTHQGK,"Croft says he should have been replaced after the South African series, but it's too late now to make a change."
ID_FBEETA,One part of the regional monitoring process is the money laundering unit within the task force.
ID_DAMUSS,The three have since been locked in talks with opposition leader Patrick Manning in a bid to form a new government.
ID_QIWICB,What is Air Jamaica's financial situation at the moment?
ID_BYBRJI,"Oh my, definitely I would say it would be the recipe for disaster."
ID_TXJHQD,"But as Mr Charles Savarin, Dominica's ambassador to Brussels, told me today, it is still too early to approach the Eastern European countries with any firm proposals."
ID_GBCTIN,"And in any event, you are dealing with people who at one time or another fell out with each other."
ID_YOZPLT,"Again, they should be monitoring the progress of the storm."
ID_QOWLQU,The Caribbean is taped as a top tourist spot for ninety-four.
ID_JWWRMY,and Jamaican fast bowler Patrick Paterson says Lancashire's decision to release him came as no surprise.
ID_IWFNCW,It remains a fact that the Prime Minister has been indiscreet that he has exposed St.
ID_WHHATH,Do we have in our background some enormous hostility in which I really want to leap across the podium and seize the former Chief Justice?
ID_QXYAXX,New York and Washington have suffered catastrophic destruction and heavy loss of life in a series of attacks by unknown assailants.
ID_ZKXYLI,"The new Prime Minister, an outspoken critic of deposed President Jean-Bertrand Aristide, received the American Bar Association's international human rights award."
ID_KWSCQU,"Well, I think they need each other to control the interior."
ID_HSUXOZ,This evening I telephoned Dr. Mitchell and asked him if his dismissal came as a surprise.
ID_LRIHSB,has led objections to preferences for the Caribbean fruit at the World Trade Organization.
ID_IWMAEX,And some of Cuba's baseball stars go missing while trying to cross the Florida Straits.
ID_ZDIUQB,"So if Chiquita is coming in or anybody else is coming in, there must be a long-term commitment from the government of the United States to ensure that we don't run after what we think is a good price now."
ID_UCTJQW,"On February, he was also condemned by the State Department."
ID_INLFUR,"Mr. Pandey spoke with reporters today before meeting with his cabinet colleagues, candidates and party strategists."
ID_CABICX,Debate has started on the nineteen ninety eight ninety nine budget in St.
ID_YJKWTL,Security concerns raised in Curacao as growing numbers of inmates escape from that country's prison.
ID_NFHKDC,This is a worse situation.
ID_CTYCPM,One died on the spot and the other later in hospital.
ID_QFETOV,And they also called on all popular organizations to unite here to try and topple the military government.
ID_QXHEVC,Hundreds of demonstrators have again gathered in the Guyanese town of Albion following recent street marches yesterday that left at least one person dead.
ID_EKIXUF,"So as long as the man is there, I did not expect a substantial change de facto in the country, in the government of the country."
ID_OLOFYC,that the Constitution does not give the government the room to call fresh elections.
ID_IZGVCM,for the relinquishing of these monopoly licenses.
ID_SSBQDM,Were they one-off or were there other incidents of violence today?
ID_XXUCAU,We have to ensure that our commodities that have been the subject of the commodity protocols and sugar and rum and rice and other areas.
ID_JPDKIV,"In the Caribbean, Trinidadian Prime Minister Ayn Ar-Rafiq,"
ID_FFTHBB,Ambassador Johnny says that doesn't speak well for CARICOM.
ID_PFWIVG,I'm Ken Richards and this is BBC Caribbean Report.
ID_GDFFBG,Mr. Dodwell says these could put the region at a disadvantage in comparison to its Latin American neighbors.
ID_CTRNFU,"for so well, WTO is not benefiting you."
ID_XKFMOT,You do get a number of small nations coming through from time to time.
ID_IDNEFF,The President's powers are largely ceremonial and he's expected to act on the advice of the Prime Minister.
ID_MEJOTG,"On the Thursday evening, Jesus met his closest followers, his disciples, for a Last Supper."
ID_ZBDWQB,"An American couple walk free of a murder charge in St Vincent and at long last, Atta Bolden brings home the gold."
ID_JXEWSW,Not even the reason for implementing the regulation after such a long period of relaxation is known.
ID_JKJMMG,"If there are people in Brixton who didn't want him here, then they were nowhere to be seen this afternoon."
ID_EJIWGK,"Pinson reported to the conference that it lost just over EECD dollars per month during the kills, that Martinique and the United States had stopped importing its fish, and that there was a 60% drop in the activities of fishermen on the island."
ID_VZKQCZ,Where does that leave the massive project to register some four million eligible voters among Haiti's seven point five million people?
ID_QUXEIY,"I have the names of the persons, where they work and how long they work."
ID_DPOABB,A variety of human rights groups have accused the government of forcing Haitian cane cutters to work in conditions of near slavery.
ID_IRQEET,And what most employers do is that they close down for the afternoon.
ID_RSQUEB,President Clinton's conditions for parole mean no association with known felons.
ID_QQYCXH,I asked him why the increased earthquake activity on Dominica.
ID_UVDSZQ,"In Mr. Chrétien's party will be Christine Stewart, the Canadian Secretary of State for Latin American and Caribbean Affairs."
ID_RBGANE,This one needs winding back to just over three years ago.
ID_RFFVER,should not be taken out of context because it is the intention to review with the hope that the United States government would recognize the serious threat to the economic viability of the Caribbean region.
ID_BMXISW,A wide agenda and big challenges for CARICOM leaders about to start their summit in Jamaica.
ID_TOLSHV,Another PNM defector joins Trinidad and Tobago's governing UNC party.
ID_CBZBEP,"And he tried to address these problems because he saw, to some extent,"
ID_EPRHUG,A CLAC advising Caribbean states to seek phased entry into the free trade area.
ID_FYHHQL,"You know, I mean, if you already have an opinion, I don't even know why you're wasting your time contacting us."
ID_JDRQYJ,would be able to govern the country without any effective and functioning parliament by
ID_MXUSET,We have a track record over the last five years that is patent and clear that we have the capacity and the people feel we have the capacity to be able to continue the development of this country.
ID_DHEZTA,it could be the end of the projections for Karani's viability by the year two thousand and two.
ID_LYUHVO,"From London, BBC Caribbean Report."
ID_VFOEFV,The PNC has denounced last Sunday's attacks by bandits in the town of Rosehall.
ID_ETNHAW,"An opinion poll by the daily newspaper France Antilles found that seven out of ten Martinicans are against the port blockade, but that fifty-eight percent of those interviewed are against opening up the port by force."
ID_ZUFGQZ,"The administration in Puerto Rico, which has been a little ambivalent because I think of a statehood question, has got to get its act clearly together and to come up with a good case and all the right reasons why the fund should be retained."
ID_CNRQZE,There was concern in Georgetown overnight as word spread that some sort of Venezuelan military movement was taking place on the Venezuela-Guyana-Ecequibo border.
ID_ZCCXNT,but the economy will not be the sole subject to dominate the conference's agenda.
ID_CTSQAD,More on that Washington protest in a short while.
ID_RFVXJK,And this then can maybe herald a change in the direction of rehabilitation.
ID_WGTNAP,More opposition as Karicum heads prepare to sign up to the Caribbean Supreme Court and Jamaica coming to terms with those weddings in the nude.
ID_GHPWJW,"Demonstrators took to the streets of the Haitian capital Port-au-Prince earlier today, putting up barricades and burning tyres."
ID_RWDCDQ,Parliament is to introduce a bill to reinstate the opposition PNC members who lost their seats.
ID_MHPYCW,"that the information from the forensic auditor could have been sent directly to the DPP, who ultimately will have to deal with it anyhow."
ID_MHXYAV,Antigua and Barbuda report significant progress in reaching an agreement with the OECD on offshore tax matters.
ID_KPWTSE,Gary Allen in Kingston for BBC Caribbean Report.
ID_XHTZGM,"Vincent, the offshore bank which has been named in an opposition motion of no confidence against the government, has responded to a series of questions posed by Caribbean Report."
ID_ZUOPIF,"Earlier, the Cuban government had accused a Spanish foreign minister of acting like a frustrated colonial administrator because of statements he made warning of a wave of political refugees from Cuba."
ID_KGRGDM,I'm Oscar Perez of the Cuban American National Foundation. I spoke a short while ago with our reporter Tom Gibb in Havana.
ID_GNPYSP,"It's not long ago that West Indies batting legends such as Viv Richards, Richie Richardson and Clive Lloyd would mean a long day fielding for the opposition."
ID_SVXKCZ,The West Indies reflect on a glorious opening to Cricket's World Cup and the opposition and the government in the Turks and Caicos spar over the voters' list for upcoming elections.
ID_VFEZVZ,We have car windows broken.
ID_LCQBUU,"CARICOM leaders agree on a new structure for the CET, but private sector leaders say it's too complicated and will cost thousands of jobs."
ID_JUWQIY,"Well, the projects just won't be funded if countries do not put in extra money, particularly the more developed countries where the demand is greatest."
ID_KTYUYD,The band has been playing the Cuban national anthem.
ID_AHPVMD,You also accused the Attorney General of receiving gifts from some lawyers who appeared on behalf of the government in cases involving election petitions and constitutional motions in the wake of the last election.
ID_NPVLHN,"If you were to win election, Mr. Douglas gave them information including a list of his candidates."
ID_PEPYFQ,"Today, we're not really having any significant numbers going off."
ID_CXGBHH,"Mikey Bruni, you're listening to BBC Caribbean Report."
ID_AIQQMC,It is not a problem that can be solved by foreigners.
ID_WKPRIY,"Well, that is about that much in the U.S."
ID_JIMOWK,"From London, BBC Caribbean Report."
ID_HFUGHD,"From London, BBC Caribbean Report."
ID_TAAEBY,The country returns to the polls to elect a new government six months after the previous government was overthrown by the army.
ID_YCJFOT,"The opposition Unity Labour Party claims, among other things, that Mr Campbell requested and received loans amounting to some two million EC dollars from the Owens Bank."
ID_PQFLPL,"From London, BBC Caribbean Report."
ID_AFGZJH,"The only thing that seemed to unite the crowd was the fact that they were all dancing to Bob Marley's tune, Don't Worry, which seemed to unite the crowd, but other than that, I thought it was a little threatening, but... A little threatening, the prospect of physical confrontation."
ID_RKVOZB,"And at that stage, Britain will once more be involved fundamentally as an advisor to the Belize government."
ID_UQMLKL,"Hello, I'm Hugh Crosskill and this is BBC Caribbean Report."
ID_MIOCCI,"The unions had hoped to have assembled a mass demonstration outside the financial complex this morning as they spoke with the ministerial team, but only a handful of hardcore union activists turned up."
ID_FXWBGR,"The two most significant lines read, The Board empowered its representatives to consider all views expressed at that meeting and to exercise the UK vote as appropriate."
ID_WBTABX,"But he believes that he should die as a martyr, and that the people of Iraq will also die as martyrs."
ID_QAFXGR,"The Italian telecommunications company, STET, made a one-off payment to the American phone company, ITT, for using what was ITT property seized by the Cuban government."
ID_YVWXIZ,"At Thursday's signing ceremony, U.S."
ID_RZIQHF,"The British government says it has a workable interim solution to protect Caribbean banana exports if the European market collapses after January 1st, nineteen ninety-three."
ID_LNBXJV,"In the Dominican Republic, there have been renewed accusations of intimidation ahead of tomorrow's presidential elections."
ID_HVTZQV,"is being organized by UNCTAD, the United Nations Conference on Trade and Development."
ID_PTZJFR,The agreement also sets the stage for commencement of a process of reclassification of their status.
ID_LQNYQV,Fidel Castro gave a speech
ID_HWPJWJ,Tony Fraser reports from the conference centre.
ID_YVDUEX,"Although the storm did not cause significant structural damage, the heavy rains and gusty winds did take their toll, with one life being lost and dozens of families being left homeless."
ID_DVSHSP,the exports that the Eastern Caribbean countries are doing of bananas.
ID_CWNKUJ,Talks on the proposal have already taken place between Mr. Manning and the leaders of Guyana and Barbados.
ID_LYDGYW,The WTA ruling has not affected St.
ID_DAGPTZ,"The crisis was precipitated by the decision of nine players, more than half the squad, not to travel to South Africa."
ID_GNOAFV,"I think, you know, the American administration would be much more favorably inclined to pursue policies that would be very much in the interest of both the Caribbean and Africa."
ID_KNQRNL,"Caribbean appeals not to fast-track FTAA, the hemispheric trade bloc, and with a CARICOM pullout pending, Britain examines the future of the Privy Council."
ID_QAEAAU,The suits arose out of the actions of the Speaker to adjourn meetings of the Assembly in August and September of last year when it cited lack of a quorum after an opposition boycott.
ID_DGNQSZ,"However, just over ninety minutes ago, the scientists at the Montserrat Volcano Observatory advised that a new hybrid earthquake storm had started."
ID_DMYRSY,It is also true that not all of our member governments are apparently making a sufficient effort to keep up to date on their contributions.
ID_WPNMKQ,A leading economist in Trinidad and Tobago has warned that the ongoing political stalemate there could have serious economic implications.
ID_CMECQY,"But no way, no way I can see the things that he was saying as racism."
ID_GKKCNQ,I also happen to believe that our futures lie as one political entity.
ID_BOKAAY,"Bajo, which has been active in assessing the problems associated with the recent cyanide spill into the Essequibo, supports the position."
ID_MEAPPE,"It is a challenging task, Mr. Neptune being seen by the opposition convergence and some civic groups as being intolerant of other views."
ID_KLIUYZ,Lucia's commission of inquiry into the alleged misuse of United Nations funds has taken a one-and-a-half-week adjournment to allow key witness Charles Fleming to collect documents in New York.
ID_ETHPMX,Trinidad businessmen sue the Jamaat al-Muslimeen.
ID_BCSGVU,they're going to try to arrive at a common timetable for the implementation of the free trade area of the Americas.
ID_EBAYFJ,"Under the rule, if a country is going to retaliate because it thinks there's a continuing violation, it has to do so within a certain amount of time after the implementation period expires."
ID_VYYBQH,That is all I can say at this point in time.
ID_RERNAE,the administration of Bill Clinton than they had with previous presidents.
ID_CUHXFG,I'm Ken Richards and this is BBC Caribbean Report.
ID_LFIPLX,"Earlier today, the financial secretary in the Caymans, George McCarthy, told me that the sharing of tax information with the U.S."
ID_MBUFHC,Brussels announces new regulations in dealing with imported bananas and Canada to press Cuba on political reform during their foreign minister's visit to Havana.
ID_QTBOBI,"From London, BBC Caribbean Report."
ID_UNJJUS,"Well, our sector, of course, provides privacy, but does that provide a haven where money laundering or other kinds of illicit operations can be tolerated?"
ID_JKSHKF,"But one can, I suppose, assume that persons like the Prime Minister himself, as well as some other officials, would be the persons required to sign."
ID_FUPBQT,Martinique-based company Cobama has defended a joint venture agreement entered into with the St.
ID_FVNIKM,South Africa are quite happy in that arrangement.
ID_AXSRZJ,Jamaica's PJ Patterson urges UN reforms and the Asian wasp heading for Grenada's Militbug.
ID_PFIOJE,There is a lot of logic and sense to the Caribbean trading with itself.
ID_ZUWAPQ,"It's bringing perpetrators to justice, it's questioning them on the issues, but the approach is one of..."
ID_CMEXSN,Swift reaction to the execution of two Bahamian death row prisoners.
ID_MTMGNW,"of that regime to put pressure on Jamaica to improve these conditions, to release these men, and to end death row, to abolish it once and for all."
ID_ZZUMCX,"The hangings have been condemned by the Guyana Human Rights Association, which called them a brutal distraction from the failure of the country's judicial system."
ID_TROUFC,Mr. Brandt has been more openly critical of the British government than his predecessor Bertrand Osborne.
ID_NNSYPA,The CLO President Ronald Whohart was arrested and later released.
ID_NAUYEU,"Well, what I've been hearing on the Cuban side is obviously very different."
ID_LDDHSU,Martin promises open revolt if the French establish a fiscal control centre on the island.
ID_JRKPIX,More from both Chief Minister Hubert Hughes and opposition leader Osborne Fleming in a moment.
ID_NOGKIR,"Recently, you know, Gore went to the UN and they embarked upon a new initiative in terms of providing additional funds for dealing with the AIDS crisis in Africa. On the question of Africa and on the question of race, the Clinton administration has, in fact, understood globalization, and I think he's really trying to get across"
ID_OCDDOI,Mr Hoyt and Dr Jagan spoke last night about a deal to ensure that peace is maintained in the country.
ID_IRUPXR,I'm Oren Gordon and this is BBC Caribbean Report.
ID_MJVVBL,"Mr. Sandiford said he would want to see each country retaining power over major areas of economic and political activity, with specific responsibilities given to a central body to deal with coordination."
ID_OYPQWB,"Foreign Secretary Cook said that Britain has become a multi-faith, multicultural society."
ID_USTKRW,"It's the first time over the last four years that the whole opposition, from the extreme left to the rightist moderate, have been able to put their signature under one piece of paper asking for the same thing."
ID_EBJCZW,Both are fighting for control of the machinery and finances of the UNC.
ID_SGQOMJ,Antigua moving towards tighter control of its offshore banking sector.
ID_KKJIWV,And small states meeting in Castries take their concerns to the World Bank.
ID_IXERMX,And Europe looks ahead to its post-Lomer relationship with the ACP.
ID_UUFCDH,I'm Ken Richards and this is BBC Caribbean Report.
ID_QZOSAX,That leader will be chosen by three hundred and fifty-four delegates.
ID_ZPYCOK,I'm Oren Gordon and this is BBC Caribbean Report.
ID_FKDMOQ,"However, already signals are being sent from Europe that any post-Lomé agreement will be very different from existing accords and that the days of preferential trade could be coming to an end."
ID_NUTZKW,"From London, BBC Caribbean Report."
ID_TKQBIY,"But as Emma Joseph reports, an influential British think tank wants the Commonwealth to go further."
ID_NUEWVU,A memorial service was held today for Jamaican pollster Carl Stone.
ID_PONOVQ,The Jamaican government said to have blundered in the debate on the West Indian Commission's report and fears of a global trade war may prompt a resumption of the GATT talks.
ID_RRYDVM,"However, on the day that the House of Representatives approved compensation totaling some U.S."
ID_QIJLER,At issue is the question of interconnection for Marpin telecoms and broadcasting.
ID_NXMAPA,The foreign ministry today reacted to the announcement from the United States State Department that senior Sheraton officials and their families would be barred from visiting the U.S.
ID_PVCIPW,"Do you feel, though, that cable and wireless, because of the problems you've had in these so-called interconnection agreements, say in Dominica, for example, and clearly you're going to have them in other territories as the market is liberalised, that you risk losing the goodwill you might have built up over the years in the Caribbean?"
ID_RSKTRX,"Well, this is why we have said that this conference must not take place in a hotel on the campus."
ID_HIELZH,The country's director of public prosecution says he was not responsible for instructing the police to lay the charges.
ID_QJIDLF,Cuba intends to press on for an end to the U.S.
ID_QYBONB,It remains unclear if Mr Manley will continue to serve as Member of Parliament for East Kingston and Port Royal.
ID_CVOARJ,Mr. Benchcop has been placed on just over one thousand dollars bail.
ID_JHVDJR,"Well, as you said, Mike, the polls closed just about fifteen minutes ago after one of the most closely fought election campaigns for many years in Britain."
ID_EDOVAW,"Tomorrow, well, today, if necessary, we could immediately house five hundred refugees."
ID_UWRXSY,"If we did not focus on the implementation issues, something that we have been extremely weak at, then the single market and economy will not be in place in a very short period."
ID_FUDQBE,More volcanic activity as a nighttime curfew in parts of Montserrat continued into a second day.
ID_VPXHEB,American Secretary of State to visit Caribbean this weekend.
ID_EDMTSD,I didn't have any real feeling of having been affected too much mentally.
ID_IGIXPG,Aid has started to pour into Montserrat to help in the cleanup of heavy ash which erupted from the Soufriere Hills volcano on Saturday.
ID_APPBSP,and we've set a deadline date for implementation of the legislation by the thirty-first of October this year.
ID_XFECYI,And Sonny Ramadin pays tribute to the late Sir Leonard Hutton.
ID_GBIIDU,But first I asked our own Tony Fraser in part of Spain whether these nine executions mean that hanging is now firmly back on the agenda in Trinidad and Tobago.
ID_BOUYWL,Senate is now awaiting final approval from the U.S.
ID_XMRJXG,"Mr. Carter played a key role in getting Mr. Hoyt to agree to critical electoral reforms, which paved the way for the first free and fair elections here last October."
ID_YOGHRU,We think that there must be some reason in the market that it would stabilize.
ID_QLIAVW,"Where there has been a military takeover, we have a process, and we have been following that process quite carefully."
ID_WQDWDW,It will be several days yet before the future of CaribExpress is known.
ID_KMBQWL,"As one would realize, the nine percent is built into the tariff fare that they apply to the civil aviation body for."
ID_NARMNS,"And I am not satisfied in whatever he said, that there was any justification."
ID_ERUPVD,"However, a lot of the supporters would be extremely disappointed if they don't pull through tonight."
ID_LWYBKZ,The walkout came after MP Dr Francis Alexis refused to withdraw a statement as requested by the Speaker of the House.
ID_WXHKID,"As happens mostly in the Caribbean, we are hot and piping when the thing is upon us, and then we allow the thing to drag."
ID_SPKPGS,I asked her if her anti-Spanish feeling was being stoked up.
ID_DWYHUQ,And he knows already that it is now too late for him to make any opening whatsoever to the opposition.
ID_WBHZDG,"But whatever happens, the reality is such that once elections are free and fair, PAMC will be defeated, whether the parties go collectively or separately."
ID_ETJFSI,"This morning, our Treasury officer came and said that there should be no distinction between tax avoidance and tax evasion."
ID_SQYLJF,"Whitehall will also say to Montserratians, you decide whether to evacuate the island or develop and live in the third not threatened by the volcano."
ID_LHHHGH,"We don't know yet what exactly happened, but it does seem that..."
ID_UUDAPZ,Mr. Yard said if there was no satisfactory explanation by
ID_IPRDWO,France has already criticised the EU decision which formalises this year's import quota for dollar bananas.
ID_RTVIOU,"The acceptance and entry into our schools, whether it be the primary, the secondary, and of course the tertiary sector."
ID_VTRBXS,I'm Ken Richards and this is BBC Caribbean Report.
ID_PNAMQT,"That is going to give some long-term security and optimism, some long-term certainty to the people of Montserrat."
ID_HRMTXK,as it's seeking a temporary injunction against the new European banana regime.
ID_XXRZLK,The deadline for doing so is July twenty-seventh.
ID_CGFRAR,I'm Ken Richards and this is BBC Caribbean Report.
ID_FFJKOR,It was in the first hour of Thursday morning that Prime Minister and Barbados Labour Party leader Owen Arthur handed out the first copies of Agenda for the Twenty-First Century as the nineteen ninety-nine manifesto is styled.
ID_YLPPTZ,They were joined by postal workers who entered the strike this morning.
ID_QKDAIT,"Pete Ninval in Castries reports that although the election returned Mr Joseph to the corporation, his detractors are challenging the outcome of the poll."
ID_AEOXYX,"From London, BBC Caribbean Report."
ID_SLPXKG,The organization can only reflect the will of its member states as set out in the charter of our organization to which we all adhered on joining the organization.
ID_JOZHRG,"Dr. Castro made it clear that Cuba would not abandon communism, despite calls for democratic change from some attending the summit."
ID_AAITQC,"They say that countries such as Trinidad and Tobago, Jamaica, St."
ID_TWPBZL,"No motive was given during the trial, but there was much speculation that he may have been a jealous lover."
ID_JWMMVJ,We are not going to participate in the rest of their sizes.
ID_POYDYW,I'm Mike Jarvis and this is BBC Caribbean Report.
ID_GEITUS,"After seven long years, we have achieved something together, I think, of considerable moment."
ID_GVPOMS,I'm Debbie Ransom and this is BBC Caribbean Report.
ID_WFRVEG,And authorities try to discourage the New York gun salute tradition this New Year's Eve.
ID_EGAQUH,"Well, I think he was a great man, Malcolm."
ID_XKRLML,"Earlier street protests in May led to a vote of no confidence against Mr. Wiedenbosch, but he remains in office."
ID_DJIXOJ,"From London, BBC Caribbean Report."
ID_PKYGUG,"Again, that is absolutely incorrect."
ID_DPXIDG,The legislator was rushed to the State University Hospital where he died.
ID_AWKJIL,"I'm Hugh Crosskill, and this is BBC Caribbean Report."
ID_VXGBOF,I'm Oren Gordon and this is BBC Caribbean Report.
ID_QTRFXP,Guyana's President Chedi Jagan pushes for a quick outcome from an inquiry into the Omai cyanide spill.
ID_OTBPNW,"I believe that they will be happy with the decision because, after all, their livelihood is at stake."
ID_DIVVLB,"However, it remains unclear if the recommendation that Veer Bird Jr."
ID_UVWGOW,No measurements are being done on how these will affect the defense either.
ID_CPZJJV,"After two abortive attempts in the National Assembly to elect a president, the process had been passed on to an assembly of local councillors."
ID_AGBAVG,Mixed reaction on Nevis about how much influence statements by Karicum before Monday's referendum vote on secession from St.
ID_VPJQPD,It was this almost Gandhi-like humility and simplicity which so impressed statesmen.
ID_YEVURX,and also that it will begin to eliminate the need for the U.S.
ID_DGYIJW,"Essentially, each of us will be tested by the exact same standard, and as a consequence, we will then be able to determine which states are or which states are not providing the kind of help which is necessary in order to eliminate the drug problem."
ID_MXOHRC,"Tony Friesen, Port of Spain for BBC Caribbean Report."
ID_OCSSXL,"You are right in that a number, well, large sectors of the Trinidad public would not be in favor of the amnesty."
ID_IXBHJB,"If by the thirty-first of December we have not resolved these problems internally, then I will take an early retirement."
ID_TOOPPX,Many parts of the Lomé Convention were ripe for WTO criticism when it came into being.
ID_YDQTAT,Frank Rampersad served in many senior national and regional posts.
ID_JSBQPI,"Since the vitiated nineteen ninety-seven elections,"
ID_ZOKMQZ,A Haitian doctor says AIDS is spreading into the general population of the Caribbean at a faster rate than anywhere else.
ID_XROVNN,President-elect Clinton and exiled Haitian President Jean-Bertrand Aristide have spoken on Haitian local radio this week to try and persuade potential refugees not to leave.
ID_KBNLED,"From London, BBC Caribbean Report."
ID_SVWWAS,banana policy is devoid of compassion or U.S.
ID_FBQPCU,"From London, BBC Caribbean Report."
ID_YNUEOV,Barbadians have been put on an election footing amid rumours that Prime Minister Erskine Sandiford may announce a polling date when he speaks in Parliament tomorrow.
ID_DMNJOJ,"Most of them, makuts, most of them, the targets of the people's desire for justice or, in some cases, vengeance."
ID_OQXLCA,and Allied forces actions in the Gulf.
ID_BBEAVX,Do you anticipate any problems with London if it decides to impose by an order in council new reforms on the laws relating to capital punishment?
ID_OEHKFX,Prime Minister Lester Bird has blamed government opposition for the incident.
ID_BRVWZW,The British Parliamentary Committee looking into the handling of the Montserrat crisis should place a final report before the Parliament in a matter of days.
ID_VRPUNP,"I am very dissatisfied and the firing of the Attorney General, to my mind, is really a clear signal that the government lacks the will and the commitment."
ID_JSHQHP,"Another Caribbean carrier has dropped out of the sky, citing financial difficulties."
ID_TLOEIJ,"A lot of them, as soon as a place can be formed for them to live, they intend to come back home and probably would be here in time to live on to whatever government is elected."
ID_XWDIXI,it means that could take another four years before you start.
ID_EZLJIZ,I hope that the United States government has at last understood what we are saying since months and months.
ID_PFEVYO,"To support its story, the star published a letter sent to the girl in question"
ID_NCWNMW,I'm Hugh Crosskill and this is BBC Caribbean Report.
ID_PUAMAE,But no one anticipated that he would crack down so brutally.
ID_XSYJNY,The constitution of Trinidad and Tobago is quite clear.
ID_NBZRUG,"From London, BBC Caribbean Report."
ID_XGNVUK,Our policy is designed to promote closer ties between our people and those of Cuba without providing aid and comfort to a repressive and backward-looking regime.
ID_TONJHA,"Last week, they issued an ultimatum for the retraction of government's eight percent pay cut for public service workers and the planned laying off of over nearly two thousand part-time employees."
ID_RXOQTL,So are you coming as a representative of the government or of the opposition or both?
ID_RQWYNS,"The island's chief minister, David Brandt, says some of the people had been attending church when the fire broke out."
ID_EEIUHG,"Over the past two decades, the Americas have been transformed from a hemisphere dense with dictators to one in which every single country except for Cuba has an elected government, if you will look at your maps."
ID_ORDLYY,And so it's highly unlikely that a mistake could have been made.
ID_AIJPGT,"That is a specific decision to ensure that we no longer talk about the single market and economy in CARICOM, but that a unit within the Secretariat will be responsible, working very closely with the person who has been identified to carry that particular program through the Prime Minister of Barbados, working closely with him to realize that specific and cherished goal."
ID_NWJHBW,"I think that would be a fair assessment or a fair conclusion, and I think that the opposition parties themselves recognize that."
ID_SELLJX,"A plan to rescue the windward's banana industry and remembering Bob Marley, twenty years after his death."
ID_BTSJRO,"But a US-based lobby group for tax competition, the Centre for Freedom and Prosperity, says supporters of tax sovereignty shouldn't celebrate just yet."
ID_VBGDNX,"In a communique issued after their recent meeting in Trinidad,"
ID_VHOEJU,I'm Leslie Goff and this is BBC Caribbean Report.
ID_FURGXH,And the Caribbean athletes going for gold in Seville despite the absence of one of their all-time greats.
ID_SYDVOT,"Trinidad and Tobago's air carrier, BWIA, are expressing concern about airport security after the frozen body of a stowaway was found in the wheel carriage of one of their planes."
ID_AGFCZH,The banana protocol ended up at the center of a transatlantic trade war.
ID_AFNVOB,policy is a very short-sighted one.
ID_IMZLSV,"In fact, the Vieques commissioner here says the exercises will be an all-out war scenario involving the most complex and complete and dangerous maneuvers."
ID_QYCTZH,"What I do know is that a legal team, a very high-powered legal team, is working under the Director of Public Prosecutions and the Attorney General to prepare charges."
ID_NMFQXJ,that the disparity in the conclusions will be so very evident that it will embarrass the United States into removing the politically motivated decertification device which it now uses.
ID_EYMILF,"A further consideration is whether a small third world country can have the privilege of this right to protest and to demonstrate, as is sometimes seen in the larger democracies."
ID_WAYUWX,Tony Fraser was in the audience listening.
ID_OOYDGG,"So essentially we are swimming in this global trade tide, but we really don't know where we're going."
ID_DIWSAH,President Aristide promised CARICOM heads last week that he would embark on reform.
ID_DJOBLU,I'm Mike Jarvis and this is BBC Caribbean Report.
ID_GKWWUM,A child was shot in an exchange of gunfire in one incident.
ID_YIPLCV,He said nobody can prevent him from representing his constituents in Parliament.
ID_NWGPTQ,And Jamaica's Catholic Church wants an open debate on proposals to relax laws against homosexuality.
ID_VTCBNX,"They are being investigated because of charges of counter-revolutionary acts, meaning the security of state."
ID_CPAVZQ,The ruling PPP Civic Party chose a rally at the weekend to tell the Guyanese people of their plans for the next five years.
ID_IJQHLE,I'm Oren Gordon and this is BBC Caribbean Report.
ID_PPQWHV,The people who are looking after Lara now must understand that they must...
ID_JPDQLG,The discovery of another sex call operation routed through the Caribbean raises questions.
ID_BIHAZI,Guyana's opposition parties raise their banners of protest for the attention of the Commonwealth planning mission.
ID_HUKKLX,"But he warns if all the other airlines cut, then he will have to follow suit."
ID_RWZVJE,Isn't he likely to try to capitalize on this latest controversy?
ID_THQVZY,"Join us at eleven o'clock, eleven fifteen and twelve ten GMT for our next morning programs."
ID_JHMVGR,"And as more and more Cubans and Haitians attempt to move further north, immigration experts and advocates don't think the difference in treatment will go away anytime soon."
ID_PFHKID,And we said we want elections by July.
ID_OIMSBS,I'm Jessica Robertson and this is BBC Caribbean Report.
ID_XTNKFQ,There is no other word to say or to describe it.
ID_BIOGOU,Mr Bird on Tuesday fired Attorney General Errol Court and former Health Minister Bernard Percival based on an audit report into alleged financial wrongdoing at the state-run medical benefits scheme.
ID_ULZLEG,"Jamaica's two leading political figures urge to bury their differences to save lives, and the Caribbean's ask to accommodate a British Airways drive to improve profits."
ID_SYUGOZ,Lucia's foreign minister set out in stark terms what a change could cost his country.
ID_YDLBVP,Dutch Marines may be sent to bolster security at the Bon Futuro prison in Curacao.
ID_BXUXDQ,"Well, they've certainly been lobbying very hard for this."
ID_HKEUDB,"Earlier, thousands gathered at one of Guyana's national monuments and filed past his coffin, which was draped in the national flag."
ID_WJWHRL,"As we hear in this report from Jonathan Agnew, South Africa's return to the ICC came without the backing of the West Indies Cricket Board."
ID_CNCGOV,I'm Leslie Goff and this is BBC Caribbean Report.
ID_BGCEXX,"have now called off those demonstrations, thinking that that kind of backlash has occurred."
ID_FNMEMZ,We have to go have in Chetara and we have to have plenty of bandage to take them out here still.
ID_OTCLBV,"However, after students were evacuated, a search failed to turn up any devices."
ID_LWZMDC,A CARICOM official said the heads will make the decision on when Haiti formally becomes the grouping's fifteenth member.
ID_QPEAYM,The opposition defies government ban on marches.
ID_PCYJMA,Is cooperation between his party and yours over completely?
ID_LADISR,"Even as recently as two or three years ago, at the end of Manley's time in opposition, Cuba meant something that at least on the left was positive."
ID_ZZLDKS,Reynolds once owned the Burbiss Boxsite Operations.
ID_BYHHNX,I am Keith Stonegraves and this is BBC Caribbean Report.
ID_JJQPEU,Vincent in the Caribbean has a quota and all of the countries must abide by the quota and we believe that that is helping to protect the whales throughout.
ID_IBMSHY,"The ballot papers, which were printed in the United States, do not specify People's Progressive Party Civic, in keeping with the main opposition party's declaration."
ID_QQBRVC,The United States is to pull out its full-time military presence in Haiti.
ID_ANOQBL,A Puerto Rican committee recommends closing the U.S.
ID_BDBVUM,"Meantime, we are taking all possible steps to protect Jamaica and its people from the effects of the crisis."
ID_MECEBQ,A former US administration official blames ousted Haitian President Aristide for his country's political crisis.
ID_VZSPRD,Leroy Trotman alluding to possible industrial action next week.
ID_UNWGSO,because they are offering the best alternative to this socialist government we have now.
ID_PKSMGP,But the developing countries and non-governmental organizations didn't hesitate to make the case there for fair trade.
ID_QHTRDF,"I want to begin by saying no, I don't think it's adequately represented."
ID_UPPUXM,I'm Ken Richards and this is BBC Caribbean Report.
ID_GESIIA,"Prime Minister Charles raised this theme of American crisis management, as she called it, on a number of occasions during her visit."
ID_KSXAMR,And I'm Emma Joseph and this is BBC Caribbean Report.
ID_ARSRZN,"From London, BBC Caribbean Report."
ID_AAXGYA,"Well, in a moment, we'll hear from Tom Gibb in Havana on why the deal has angered Cuba."
ID_RYOJJQ,We must be careful and do not raise expectations too high.
ID_YOKLDO,"And David, given the fact that now we're seeing countries like the Dominican Republic, Suriname, Puerto Rico, and even Cuba seeking some sort of CARICOM status, is the Caribbean or is CARICOM in danger of stretching itself too wide before it has deepened the process among the thirteen English-speaking nations?"
ID_PLGHAP,"In Trinidad and Tobago, Prime Minister Patrick Manning and Leader of the Opposition United National Congress, Basdio Pandey, have been invited to meet leaders of eleven business groups on Tuesday in an attempt to resolve the country's political deadlock."
ID_AYKQAE,The backbench supporters have said that they thought that they were not being well informed by the government.
ID_SRDIQZ,"Discussions today at the Karakum Heads of Government Conference in the Bahamas have centred on the privatisation of Liat, the controversy surrounding the cruise ship industry, and attempts to find a solution to the ongoing crisis in Haiti."
ID_TNOZXV,"And as the nurses' strike continues in Guyana, Trinidad unions salute victory in a battle for payments which date back nine years."
ID_JRVRAY,The Secretary General of the fifteen-member Caribbean community says the region is opposed to any military action in Iraq.
ID_BTWUGL,American federal investigators also criticized the Caymans during the case.
ID_QDALET,A two hundred million dollar drug bust in the Dominican Republic.
ID_FHDGTK,"Securities and Exchange Commission on December twenty-seventh, Consolidated Fruit Corporation, a Panama-based group formed recently with the sole purpose of buying Chiquita stock, has talked with Chiquita and with its main shareholder, the Carl Lindner family."
ID_INWJQA,"It has always been predicted that it's going to be a big turnout today, and it has turned out to be exactly that."
ID_ECSCFT,I'm Ken Richards and this is BBC Caribbean Report.
ID_KANXJC,"In another incident later this morning, the police responded to reports that a hijacked car had been spotted."
ID_YRESMH,"An open verdict doesn't mean anything to me, you know, neither here nor there."
ID_SPSWXO,"is based on a common need, we cooperate or we perish."
ID_VUQMHU,"The sponsorship announcement was made in part of Spain by United Brewers Limited through the company's Vice President for Marketing and Sales, Deepak Chatterjee."
ID_SKKRNH,I spoke to Jim McKee of the Bermuda Broadcasting Corporation and asked him first about education.
ID_MDKKBK,"And when the British officials wanted to implement the evacuation plan, they suspended the work on the hospital."
ID_JMWVEX,The incident occurred as a hundred and fifty or so protesters were dispersed by right police as they marched towards the presidential palace.
ID_CCLZTE,"Lucia, there's already interest in the Bible, there's enthusiasm for Creole, and so we're just putting the two things together."
ID_DYTFHH,"This announcement, I think, contributes to a sense of isolation in Cuba."
ID_RVUWHF,says other Bahamians not of Haitian extraction had also lived in the two severely depressed and low-lying areas which had not been properly serviced by public utilities.
ID_RKAKDA,Tony Frazee in Port of Spain for BBC Caribbean Report.
ID_HYMWHD,Guyana's Finance Minister Carl Greenwich today announced an almost forty percent devaluation of the Guyana dollar and indicated that more devaluations are on the way.
ID_DIHTVB,The Navy has completely ignored the memorandum of understanding that we signed when I was governor back in the day.
ID_VJQASP,"In this process of integration, we are insisting that special account..."
ID_FTMFIP,"But they're singing and, as I said, chanting and encouraging themselves as they wait to hear his words."
ID_UOVAQH,"Malcolm Marshall stood five feet, ten inches in his socks, but in the world of fast bowling, he was a colossus."
ID_QPCSPT,"And that it is against that sort of background, those major kinds of shifts that we are meeting and trying to decide on a way forward for the OECD."
ID_YQVAMQ,We felt it was important to point out to him the risks of not moving toward free and open elections as quickly as possible.
ID_PDOKVM,"Pascal Lamy, the European Union's Trade Commissioner, is pursuing what the Financial Times has called a high-risk strategy which focuses on two crucial areas that block the Seattle Round."
ID_HTTXEP,"And this is what the message everyone delivered, if not in exactly those words, and some did use those words, then certainly in meaning."
ID_PIMPWO,"But at the end of the nineteen ninety-nine crop, the over six thousand farmers collected only four point five million dollars in bonus."
ID_AXTVAX,And why Bermuda wants to become an associate member of CARICOM.
ID_CRINTI,"Grenada's Prime Minister Ben Jones, having announced a March thirteenth election date, says above all else, Sir Eric Gehry must not return to power."
ID_MYFAIX,Anantagin Minister calls for immediate regional help.
ID_ZGJDJX,"And worst of all, the emergence of narco-terrorism and assassination must be..."
ID_UQOFCE,Michael Manley's political career began in nineteen sixty-seven.
ID_QYRPYZ,"The detailed report, which has now been released, seems to have uncovered nothing which was not already known."
ID_ZFDMIH,"there should be formal consultations with small producers, who it says receive at present only a small part of the price now being paid by European consumers."
ID_UUEYDG,"Telephone giant, cable and wireless in a court dispute with the Bermuda government."
ID_IPIZKR,The Caribbean struggle for protection of banana industry continues at WTO meeting in Geneva.
ID_AHDAUJ,financial and including greater popular support which will force a revisiting of the issue of political union.
ID_CVZFTX,"One year later, it's difficult to say what will constitute a settlement for the families in the true sense of the word."
ID_JDCESL,but it's a matter of enforcing the recommendations.
ID_CCKYSO,"There's a tense calm in the southern coastal community of Old Road, Antigua, a day after police fired tear gas and rubber bullets at villagers protesting against a near US dollar hotel expansion project."
ID_VUOSPQ,"Indeed, the clock is winding down for the Caribbean single market and economy."
ID_GXNIIK,Caribbean diplomats are hoping that some of the money would be channeled into the region.
ID_AZQWHY,And I don't think the police are showing as much vigor in investigating these type of crimes as they would if it were a black and white situation.
ID_BOWNQL,But a US congressman places the blame at the feet of the Organization of American States.
ID_VKRDNL,The private sector organization of Jamaica is advocating that the country go its own way if it feels the rest of the region isn't responding satisfactorily to the challenges of trade liberalization.
ID_SXKTML,"From London, BBC Caribbean Report."
ID_GPCYCM,"Allies in the Caribbean, Canada, Mexico and Europe have for months expressed displeasure with the law."
ID_VGLAMT,that is different to the other.
ID_DECQFE,You know the problem with the company
ID_ACYYSJ,"We all need a rules-based trading system that will work for all our members, large and small, rich and poor."
ID_IFGNWN,But Maria Riverola said the news isn't all bad.
ID_MDZYXJ,"And just before the afternoon recess, more questions were posed to this prison superintendent about how Mr. Higgs could have been able to write those last letters."
ID_QXRZAO,"I spoke with Lauren Schilling, a lawyer in the offices of former U.S."
ID_GOVPEU,"With loud hailers, they charted protests and called on President Jagan to go."
ID_WCTDNR,The Venezuelan authorities have insisted that they will continue to negotiate over the disputed territory through the United Nations.
ID_ZVTQKG,Montserrat experiencing a break from volcanic eruptions and one opposition party pushing for international observers threatens to boycott Jamaica's next general election.
ID_HJGGIC,"Following the last poll, the main opposition People's National Congress charged there were voting irregularities."
ID_KQMION,"In Antigua, news of a compromise deal between unions representing striking Liat workers and the Labour Department effectively putting the airline back into the Caribbean skies."
ID_AGFXWV,That's a question I put to Dr. Gonzalez a short time ago.
ID_SPIFRI,"Well, I think that they were being caricatured that when Panamanian Democrats were being beaten by Noriega, the State Department came out with extremely strong language, and people were beginning to ask questions of the State Department."
ID_NABGDF,with the news of the country's worst sugar harvest for half a century.
ID_GDPVGS,"The former Prime Minister, Basdeo Pandey, has said that he will agree to accept the President's decision to appoint Patrick Manning of the People's National Movement as the new leader following a fifty-fifty split in last month's elections."
ID_KBLICE,"Ensure that it is used to not be supine, not be apathetic, not let the initiatives come from Europe, but to take them ourselves."
ID_OCAPGF,"If I have to predict, I would say that he probably would break this record within two years."
ID_XJBLEW,Criticisms of Europe's banana regime.
ID_MLNRWR,"From London, BBC Caribbean Report."
ID_RTMBKG,"Now, into the last two days, day and a half before Election Day, what we are seeing is in fact what is described as the reign of terror."
ID_KZKKNM,"From London, BBC Caribbean Report. St Lucia offers his solution to Haiti's ongoing crisis. I don't see any other way of solving the Haitian problem but by the use of military force."
ID_ACKOGQ,Barbadians engage in a day of prayer as the anti-government protest continues.
ID_LHIGXY,and uncertainty surrounds a scheduled first sitting of the Wynwood Islands Constituent Assembly.
ID_WAVWVU,"You not only have the cost of keeping people on the payroll, but they themselves incur lots of expenses to support them in terms of rent and telecommunications equipment and fancy lunches and things like that."
ID_MBKKMH,"When we contacted British Nuclear Fuels Limited, their spokesman Bill Atherton referred us to a previous statement outlining a long unblemished safety record of nuclear shipments."
ID_YQXWSV,The basic procedure is likely to first lead to consultations on a bilateral level between the European Union and Washington over the regime.
ID_STCHSI,The CARICOM Prime Minister defends the region's call for restraint from the US as it marches towards war with Iraq.
ID_JWGGAH,The US admits that the closure of a base in Panama will hurt its anti-drug operations.
ID_SPYWBJ,"New allegations have been made in the case of Jamaican woman Joy Gardner, who collapsed and died after being restrained by police officers who had gone to her house to deport her."
ID_AYCHFW,Antigua's Prime Minister does a U-turn on holding an inquiry into alleged fraud in the country's medical benefits system.
ID_ZSBUQK,How unusual a practice is this?
ID_YUBPCI,The Human Rights Observer mission is designed as the first stage in a UN plan to restore democracy.
ID_FRXMUK,and a team of former Barbados and West Indies cricketers revive English memories of a golden era.
ID_DXWBYM,"The team will comprise engineers, technocrats and other experts from OAS member countries."
ID_BGNHZS,And Britain is getting tougher on racially motivated violent crime.
ID_UFSSUN,We have some world-class players on our side and we just haven't matched the Pakistanis.
ID_HELBLW,"Oren Davidson, the sports editor of the daily Stabrook News in Guyana, says Hooper is just what this struggling West Indies team needs."
ID_CIPOTB,All that would matter is whether there is sufficient time.
ID_WTIZLM,We are still working towards having elections on March nineteenth.
ID_YWWGJQ,"For many today, the question was how to collect payments sold by the Montserrat Building Society, which was closed for a month."
ID_KUTTPF,"He says the devices contain sulfuric acid, sugar, and some other substances."
ID_YDABIV,Both are locked in advanced discussions.
ID_DZYQLZ,"And as Michael Norton in Port-au-Prince told me, the Prime Minister might end up with more power than the President."
ID_KRBVCT,Yvette Colimo reports that these initiatives have sweeping implications for immigrant Caribbean communities in the US.
ID_YGPPCY,"Carry comes Secretary General Edwin Carrington, who believes the grouping is entering into a period, as he puts it, more of hope than of despair."
ID_DHMNBA,"Instead, they've opted for a three-man committee comprised of the current CARICOM chairman, the past chairman, and the leader next in line to take that position."
ID_UOEHJN,"So yes, they may be winning, but you know, it's still too early to say."
ID_CHDIEM,Is there a conflict of interest in OB's case?
ID_ZPSZHH,It's a meeting with our proposal.
ID_GZJGDN,Lou Smith was there and sent this report on the day's proceedings.
ID_ENOJLT,Georgia's and opposition party is calling for a general election.
ID_UIOGVF,"And, a question that always pops up in Antigua and Barbuda, will all the jobs really go to Antigua and Barbuda?"
ID_LEPWHN,He believes that a low voter turnout would be an indication that large numbers of people are dissatisfied with the incumbents.
ID_KLDTZK,which took in the ACP-EEC Council of Ministers meeting in Brussels and discussions here in London with the British Prime Minister John Major.
ID_UBZGUN,Britain tells Trinidad and Tobago it's free to remove murder appeals from the Privy Council.
ID_BKOSIZ,so that residents are no longer obligated to sell foreign exchange to the banking system.
ID_XURDYQ,"adequate know-your-customer principles in place, and that there is really a seamless web as far as money laundering is concerned, so that if cash gets into the system, it is large amounts of cash coming into the system."
ID_TIKUHZ,"It's my understanding that all the Haitians detained at Crome, at least all the men, are engaged in the hunger strike, and I think that number's close to a hundred and twenty."
ID_YIAUTT,I do not know and I don't understand why he will talk with Brunser at this
ID_GECOIQ,South Africa has been celebrating a landmark in their history.
ID_KQYCTM,but we are looking at other levels of association.
ID_UGAUIL,"From London, BBC Caribbean Report."
ID_UCBBQP,"I'll no longer be in the cabinet, so I won't be taking a ministerial portfolio."
ID_YMVBWD,I'm Ken Richards saying goodbye from London.
ID_UGJAQH,Eight dead in Guyana from a murder-suicide massacre carried out by a security guard.
ID_BQRTNW,"Even though the turnout at the polls was small in the Caribbean departments of France yesterday, those who did vote were heavily in favour of the treaty which seeks to deepen the European integration process."
ID_WAZHHH,"CMC is a merger of the radio and wire services of the Caribbean news agency CARNA and the Caribbean Broadcasting Union, a broadcaster of regional TV programmes."
ID_BAIFGF,"We have seen a recent spate of work stoppages, massive demonstrations, threats to bring the country to a standstill, etc."
ID_DQYZPQ,how we're all going to put our arms together and hug and love and help our neighbors and everything else of that kind.
ID_QNQSUF,Caribbean territories differ on whether the power of governance should be diluted and more given to elected politicians.
ID_LMHDTV,"will continue to assist our many efforts for years and years to come, but most of all perhaps to inspire a wholly new generation to the standards which he set, and of course from which he never faltered."
ID_PPHKOE,We'll hear from Washington and Geneva in a short while.
ID_XWLWFE,A lot of people in the past three or four or five years have in fact shifted their kids from the public sector to the private sector.
ID_WUGDOO,"From London, BBC Caribbean Report."
ID_NKCDWN,"The government on Friday, the eleventh of July, initiated a police investigation."
ID_AKUOBB,"Well, no, I am not lodging a formal complaint at all."
ID_YSKPED,The disclosure that party leader Edward Siaga and party general secretary Ryan Peralta will not stand for leadership on Saturday if the former gang of five members are elected to the executive post...
ID_VYUSZB,Agreement had been delayed because of objections by countries...
ID_ERICJT,They share the optimism of the Working Cubes Alliance that the ice has been broken and they feel that the groundwork has been laid for future consultations and perhaps for a national dialogue.
ID_LUBRBF,"From London, BBC Caribbean Report."
ID_UCLXVL,"As Yvette Rowe reports, this week the Gleaners overseas readers are given a graphic reminder of the grim price of violent crime."
ID_AZXDZO,National security concerns being raised in part of Spain by one of the two governing parties.
ID_AOGTKY,"The Avalokites are situated, the Bahamas..."
ID_VGRSBB,Lucia by Dominican economists opposed to the idea of economic citizenship.
ID_NRMHZG,"On day three into the industrial action, the situation appears to be worsening as workers press for Christmas bonuses they emphasize are due to them."
ID_AKNITB,"As a matter of fact, I don't think they get too much priority in the Caribbean because the silence of our Caribbean leaders and the nations surrounding this poor country has been deafening."
ID_GVSAIQ,And we think this is the real point of view to look under which conditions.
ID_UHGDEA,The people of Haiti will not see hundreds of millions in international aid any time soon.
ID_YLYGFY,"we can work together, given the diverse cultures and political infrastructures, to impact significantly on the flow of drugs from producer countries through the Caribbean."
ID_UWFTZN,Fingers of flame have been pointed in both directions.
ID_TVGBJI,We had this heavy ash fall plume covering Plymouth.
ID_CHUWSJ,"Now, you've already mentioned some of the Caribbean states that still have it on the statute books, but how optimistic are you that they will heed this appeal?"
ID_IVDTFT,"The head of the Caribbean Financial Action Task Force, Kelvin Wilson, has praised the sterling work of three countries whose names are removed from a list of nations said to have lax money-running laws."
ID_KFFSLW,"I don't go so far as to say they should expel them right away, but they have a right to criticize that they're not following the policies which the Commonwealth would want to see among all its members."
ID_AKJJXA,I am Keith Stonegraves and this is BBC Caribbean Report.
ID_VUIOUF,The United States government has expressed its surprise over a decision by Venezuela not to allow further troops into their country.
ID_HQVAUR,"Lucia, is developing a cultural policy, and within that cultural policy they are giving a very great importance to the Creole language, to its development and its use within the state."
ID_QMJNCB,That's not going to wash with Caribbean delegates for one.
ID_FRGSFR,"In Barbados, meanwhile, George Goyer, the head of the European Commission for the Eastern Caribbean, expressed his concern about the ruling."
ID_MOVSZE,The Young Tide Conference in Bangkok did not emerge as a forum for making difficult commitments to open markets to competition from imports.
ID_RLSBFI,There must be a huge sense of relief at the moment.
ID_DEURGC,Mr Brandt told me he's very unhappy with the manner in which that matter is being handled.
ID_DCCNRU,"As I speak, attorneys for Peter Matthews, Gaiman, Juri Singh and Fazal Mohammed are contending before Justice Lionel Jones that the men have been subjected to cruel and brutal treatment."
ID_CNRSMS,"Ghana introduces gay rights laws and the Sintits government says a new tax won't hurt a bit, but businessmen say yes, it will."
ID_IZVKGL,Banana giant Chiquita takes the European Commission to court in a half-billion-dollar lawsuit.
ID_LYHQJW,"Another special CARICOM committee set up, this time to deal with the common approach to international treaties."
ID_TIPIVP,We're talking about elections a month away from now and with something like four million registered voters in a country with very poor communications facilities and very limited facilities overall.
ID_TCUHTM,Caribbean countries have been trying to engage the Clinton administration in the same way on a range of questions from bananas to immigration.
ID_ZQXHEN,How do you interpret Mr. Hoyt's intervention?
ID_WPFWZN,"However, that does not necessarily mean that the offenders were Jamaican nationals, as it may sound."
ID_LRAFPI,"On the financial markets in London today, sterling fell against the dollar to close at one dollar sixty four point eight five."
ID_MRYCJD,"Martin government, cells and profitable airlines."
ID_VRTCIB,"The talks took place at the Military Circle, a Venezuelan armed forces compound where Aristide is staying."
ID_GZNYOU,"From London, BBC Caribbean Report."
ID_PDOGLX,"The Hyatt Hotel, which is on its national chain, is building four hundred new rooms in the north of the country."
ID_FRMJTH,"From London, BBC Caribbean Report."
ID_MXXVWY,"Others see it, however, as just a beginning."
ID_HAGDFX,A Jamaican human rights group blasts the findings of an inquiry into last year's West Kingston unrest and a drugs bust in Antigua valued at millions of dollars.
ID_AVEFJC,Four competing claims on time in the situation where the woman is the primary nurturer in her household.
ID_HIBPND,Canada prepares to take its first Cuban political prisoners and rebuilding businesses in the north of Montserrat.
ID_XIXWXR,"and they have found new sources of energy, which is why the sense of gravity, I think, has shifted towards Asia in terms of cricket culture."
ID_IDNOFQ,"Gregory Rabbis is president of CECC, the Committee for Creole Studies."
ID_EHTXCN,And it is my feeling that Chiquita may not have a long-term interest.
ID_JPVRRB,"And there's criticism of the Manning Plan for economic union between Trinidad and Tobago, Guyana and Barbados."
ID_KFNEUP,I'm Ben Mead and this is BBC Caribbean Report.
ID_VBOWLW,Do you think it's something that at some stage should be discussed at the level of the General Assembly?
ID_VRXETP,"And while it was welcome help, the Honduran finance minister, Gabriela Nunez, told me that its limitations are now becoming apparent."
ID_QOECDV,Trinidad and Tobago has been put on an election alert by Prime Minister Basdeo Pandey.
ID_QWFRZI,"As Gary Allen reports from Kingston, the call comes as the country faces another upsurge in violent crime."
ID_YSESOK,"And we have reports from Suriname, Haiti, the Dominican Republic and Trinidad on the impact of the war in the Gulf."
ID_XUZXTQ,"It was made absolutely clear in that session that not only those countries who are hardest hit, but..."
ID_EFCGIP,I'm Leslie Goff and this is BBC Caribbean Report.
ID_DQDORS,Guyana is not satisfied with the explanation given for the Christmas Eve intrusion of its airspace by two Venezuelan fighter planes.
ID_TDIJLK,Dr. Wendell Samuel is a senior researcher with the bank.
ID_ECZKTQ,"The chairman of the sixteen-member Commonwealth Observer Group, David Peterson, says there are still serious problems with the electoral machinery."
ID_GDCKCQ,So at least people can plan for it.
ID_VHTNUC,That is an undisputable fact.
ID_ZAWDRZ,is for both companies to pool their economic and technical resources for their mutual benefit.
ID_SIJUWC,"It was a sad way for Mr. Hunt to go, but at least two opposition politicians feel his departure leaves the door open for unity among opposition forces here, a move Mr. Hunt opposed recently during the February sixteenth by-election for Kastri Central."
ID_CFCJIJ,The government in the Dutch Antilles is warned that the economy is near collapse and the reggae boys are moving on up.
ID_JKHQLD,Election talk is in the air in Dominica after the Prime Minister's New Year's Day announcement of a snap poll at the end of this month.
ID_WCNADE,And I think we all have enough space for the few boxes of bananas that we are producing.
ID_GKNILJ,Twelve are in support of Deputy Leader Ramesh Murad.
ID_VHDFAJ,Secretary of State Colin Powell told reporters in Nassau today...
ID_XRZUIO,in the form of giving the people of Pakistan the right and the opportunity to choose their government can be restored speedily.
ID_RYRCIB,"Glaud, who is also Trinidadian, said he agreed to do the job in return for cash."
ID_BXDNVP,It was widely expected that the committee would agree to the US dollar deposit.
ID_KGOWBA,"David Marchand, the publisher of the magazine Offshore Alert, speaking during this morning's BBC Caribbean report."
ID_JJGVTP,Jamaica stands out among Commonwealth nations in having a large number of people refused entry upon arrival in Britain.
ID_TNLCCD,A third political party is being formed in the Bahamas yet again to try to break the two-party monopoly on politics.
ID_RMLGNJ,"It wasn't until the fourth of July, ten years later, in nineteen seventy-three,"
ID_FRJGKI,"Bermuda is bracing itself for the arrival of Hurricane Felix, but Chief Minister Swan says the independence vote will go ahead."
ID_DEVPXV,They were edged out by Sri Lanka in a thrilling Pool B game a few minutes ago.
ID_JFVDOB,You said earlier that the ministers who have been appointed are the ones who can bring about change.
ID_SMFEBJ,I'm Ken Richards and this is BBC Caribbean Report.
ID_TLKRMN,"During the first visit by a foreign head of state this year, Mr. Avril has already met with Taiwan's president, Mr. Lee Tung-hui."
ID_NBXYRA,So it's a matter of constituency interest to me and a matter of national interest given the importance of bananas to the economy of society.
ID_HNVNOX,The South African hosts are dismayed.
ID_CHMPEJ,Part two of the programme includes assistance for resettlement in either other parts of the Caribbean or in Britain.
ID_CZKITK,I'm Oren Gordon and this is BBC Caribbean Report.
ID_QXGHDR,I think there are areas there to cooperate.
ID_HSTHBA,Government officials have confirmed that nine people drowned when a tourist boat sank as it was heading for safety.
ID_YKUOCO,The development followed last month's shooting down by Cuba of two planes flown by Cuban exiles based in Miami.
ID_USPJAH,"And as the main opposition parties made known their plans on Sunday, Deborah Ransom reports that the ruling party became embroiled in talk of leadership challenges."
ID_XPHTOC,But there is certainly one condition.
ID_AKMYCE,"Dr. Rupert Rupnerang, leader of the Working People's Alliance and a member of the Select Committee, told BBC Caribbean Report that he was disappointed and concerned."
ID_YBHOXY,Thirty-eight-year-old James Spencer Springett of St.
ID_TQOXLU,Journalist Pascal Fletcher in Havana.
ID_DTQZEV,And the Miami Hurricane Center discounts fears of an early Noel.
ID_ZIABVJ,"I am sorry to hear that within fellow countries of the Caribbean, sometimes, you know, we express opinions that are not within the solidarity context and the cooperation context that we should have."
ID_SJHLQL,"According to reports on NBC television in the United States, Cuban defectors have provided detailed information on faults in the Soviet-designed power plants."
ID_HMGOMI,The British government has agreed to unfreeze six and a half million pounds for an emergency housing fund in Montserrat.
ID_ROJQNG,"on behalf of Latin American banana farmers, and it was only close to the Seattle meeting that the European Commission hammered out a settlement."
ID_BMGIZG,Guyanese and Trinidadian officials are both confident that the two countries are on the right track to resolving this issue.
ID_XKCUSE,Such a court could take over the jurisdiction of the Privy Council as the final court of appeal for persons convicted of murder.
ID_OFFAER,But many residents overseas have said that they will simply have nowhere to live if they were to return.
ID_NKOZXX,"From London, BBC Caribbean Report."
ID_TOUZLO,The state of Florida has an eighty million dollar budget for this current year.
ID_DIYDOR,"The Bahamas is a two-party system, and Bahamians traditionally vote either Free National Movement or Progressive Liberal Party."
ID_CVXWCA,And the Caribbean prepares to mount a major banana lobby in Europe.
ID_XTCLHB,Twice more in nineteen fifty-seven and nineteen sixty-one he was re-elected.
ID_JAHJUD,His opponents accused him of misusing his power during his eight months in office.
ID_UTEARU,The essential thing is to see whether we can develop some kind of a framework for breaking the political impasse that has held this country paralyzed over the past year and more.
ID_IXSJUZ,"Leaving the discussions early to catch a plane, Prime Minister PJ Paterson would only hint at the nature of the discussions."
ID_ZZWFRI,"From London, BBC Caribbean Report."
ID_YCLHIW,and the US administration acknowledges that it met with opponents of Venezuelan President Hugo Chavez in recent months.
ID_HLBTNO,The reaction in Jamaica has been one of relief to the almost forty-five percent reduction in the controversial gas tax which triggered three days of demonstrations last week.
ID_IQFHWH,Tony Frazier reports on an anti-crime plan eagerly awaited by a national community under siege from banditry of every kind.
ID_JCGQMX,"There, he faulted the American leader for failing to stop the bombing exercises on Vieques."
ID_EQGGJQ,"But we are saying that at this time, we believe any withdrawal would be premature."
ID_FNQEPQ,Usually what happens with the IMF is that
ID_NDRHVS,The exporters are the high-profile part of the trade.
ID_QHZVCM,"Another debate is also to be held two days later, on Thursday, March, eighteen."
ID_WVGKLT,"From London, BBC Caribbean Report."
ID_QZGNOS,"The director of the National Office of Disaster Preparedness, Philmore Mullen, noted that there is a shortage of plastic sheeting to place over roofs and windows on the island."
ID_DJGDKC,"Well, within the past hour, the government of Trinidad and Tobago has read death warrants to three condemned prisoners."
ID_QWXEHL,"And one has to think along these lines, particularly since we were given an assurance that the Dominican Republic had no intention..."
ID_FGXWZI,"Lucia's government and media, and seven Afro-Caribbean and Asian workers win compensation for racist recruitment practices by the Ford Motor Company."
ID_PSXXFZ,We have a special report from the UK CARICOM Conference.
ID_GVXBZP,"From London, BBC Caribbean Report."
ID_FKPNNB,I think it would be a sad reflection of a very narrow view.
ID_LKJYVL,All we have are these demands for the removal of that distinguished gentleman.
ID_MJJYCZ,probably a little disappointed that we have not been able to achieve our objective of privatizing both LIAT and BWIA.
ID_BAKKSL,"Today, the main opposition party said it is disappointed at the government's reaction to the debate on a motion brought by the opposition."
ID_SJINTI,"Haiti wants to become a full-fledged member of the Caribbean community, but the developments there could have implications for that aspiration."
ID_DJUDNL,"Of the seventeen official parties and combinations running for the Assembly, three parties are expected to gain the majority of votes."
ID_EQBTAB,"The Grenada Agriculture Minister, who was in St."
ID_KWZOIF,The Caribbean Basin has another female head of state.
ID_MMCWBW,Montserrat tallies the cost of the latest volcanic eruption.
ID_KVXDZE,Europe's executive commissioner this week voiced concerns about new American tariffs to protect its home steel industry.
ID_JUFDAL,because he has performed extremely well.
ID_DEFOZO,"Well, he certainly seems to feel very strongly that the Commonwealth has an image problem, that it doesn't have a high enough profile even within its member states, let alone within the international community."
ID_TDQHET,Charges of bribery and attempted murder entered the election campaign in Trinidad and Tobago today.
ID_AKDYKI,"Guyana's President Cheney Jagan is now in a very bad way, officials in Georgetown have confirmed today."
ID_BFPPMN,and today marks the tenth anniversary of the assassination of Guyana's Dr. Walter Rodney.
ID_ZMRKFB,"From London, BBC Caribbean Report."
ID_UTLPQX,"The Commonwealth, Demi Eugenia, projects itself as a forward-looking organization."
ID_MAWOJE,"Reverend, how big is the crowd and what's it doing at the moment?"
ID_AILCLF,"There were, yes, some one or two issues that were raised, some one or two matters that were discussed, but rather than press the Prime Minister into making a commitment..."
ID_XURQUX,an engagement with a dangerous cult.
ID_NBYYUA,And why the Caribbean is so low down the medals table at the Pan Am Games.
ID_MKOSOP,"And we can do this as grown people with silly, inane foreign policy, but we should not include children and have them suffer as a result of it."
ID_CSAWYR,"out of which the people will speak, and we will gather what they have said and put it into some kind of format."
ID_UXCNFF,And we drop in on Antigua's all-in-one carnival.
ID_GNBEWB,The hardest hit islands of the Bahamas are still cut off from the outside world after Hurricane Floyd.
ID_QONQIJ,"Do you think it's merely a case now of the fact that, well, Grenada has been settled, Cuba has been marginalised, there's no communist threat in the region, so no need to pay the kind of attention that was paid in the past?"
ID_DOJVEO,Three Caribbean Prime Ministers enlist the help of Caribbean nationals in Britain to save the banana industry.
ID_VUOCZN,"The off-duty officer was holding a mask, gloves, and tools they felt could be used for breaking and entering."
ID_HARNRQ,"What happened is that certain Catholics were asking us as to the Church's attitude to the proposed march, which will begin tomorrow."
ID_AYIBHA,bombing range following the death of a civilian who was killed by a stray bomb last year.
ID_KPEJRF,Progress on monetary integration was one of several areas of progress identified by Mr. Manning.
ID_FOUSWZ,Caribbean and UK media deliver their verdict on the pitch at Sabina Park.
ID_TDWYHM,Mr Sandiford chose the party's annual conference to deliver the stinging blows.
ID_LUFDCQ,"From London, BBC Caribbean Report."
ID_HCUNEM,"With the planned strike by American Airlines pilots still on course, hopes that the Caribbean's letter to President Clinton will get results."
ID_PNRCQW,The reunion finally took place after it seemed that it wouldn't.
ID_CEJAAZ,"We might want to keep it for a hope take on the conservative side, which was the day of the nine people."
ID_ZKGDTE,"We have a few damaged roofs, blown off roofs, a lot of water and a few stores, but not major."
ID_MQBHZB,"Next Friday, we are going to have our general membership gathered outside the financial complex."
ID_IXCXTH,"Well, of course, his statistics speak for themselves, where he has three hundred and seventy-six test tickets at an average of under twenty-one, just over twenty apiece."
ID_JNHHUE,"Over the next four days, the region's business and political leaders will come together to confront the new realities that are challenging the fundamental concepts on which past policies have been based."
ID_UZVRRR,I suggested to Ben Jones that it was to be applauded.
ID_XICHPG,"A.N.R. Robinson has been sworn in as the president of Trinidad and Tobago, and a British newspaper names the man it says killed Stephen Lawrence and says, sue us if we're wrong."
ID_DVEQJJ,Al Jazeera for one was highly placed with a high rise view from the roof of Bush House.
ID_UVDNRH,What I would like to see is that the people throughout the Caribbean rally around him and give him the love and support that he deserves to have as a champion that has thrilled so many people around the world.
ID_DVKSHC,"I would expect that if one follows up from the Governor General's statement yesterday, and if they intend to urge other countries to move with haste, that one of the first things that St."
ID_ETBIJP,I think the best security for myself and my family...
ID_SAKUGO,"Increasingly, in the post-Cold War era, there is a growing area of cooperation because no one state, no matter how powerful, can attempt to deal with the problems we now face of international drug trafficking, hazards to the environment, and a wide array of problems that really defy solution by any country."
ID_GJPQMR,"Vincent and the Grenadines, the past month or so may have been among the most hectic periods of his political life."
ID_WMGBCM,"Colin Smith in Georgetown, Guyana for BBC Carbon Report."
ID_LYZSYN,Three other people also died in an ambulance accident.
ID_AFDVVT,"From London, BBC Caribbean Report."
ID_YWGAGO,"In so far as Trinidad and Tobago is concerned, that's absolute nonsense."
ID_OSKSUE,The farmers' ally to the banana salvation committee say they'll not be selling fruit to the banana corporation while Patrick Joseph remains its executive chairman.
ID_LNINFR,"Lucia, clash over election boundaries."
ID_KPWTDP,"They have taken over the radio stations, they have blacked out the news, and they have refused to come and collect Mr. Robinson and the other people."
ID_GIIJNN,"I'm Hugh Crosskill, and this is BBC Caribbean Report."
ID_WAREEM,Montserrat's Governor Tony Longrigg says they're monitoring the health threat from the heavy ash that still hangs in the air from the volcanic eruption of almost a week ago.
ID_TVLPBJ,I'm Mike Jarvis and this is BBC Caribbean Report.
ID_JQXLZY,"It seems to most members of governments that cricket, or Western cricket, seems to be the least intellectually prepared of all the major competitors in terms of their planning, their thinking, their strategic adjustment."
ID_BHEOIS,"part of the Cuban-American community, it's to stick it to Fidel Castro."
ID_MOZIJC,"So they must know, and I take their word for it."
ID_XXPNPP,"CARICOM leaders begin their annual summit in Nassau, the Bahamas."
ID_GWQICR,Homeowners have been warned to stock up foodstuffs and candles.
ID_PUUOOV,"is to equalize that situation between Mexico and Caribbean countries, which had served as a disinvestment."
ID_VRDYZD,Representative to Europe Donald Kirsch argues it's not a case of the Americans taking unilateral action.
ID_NVWZGW,Suggestions of a rift between Guyana's president and her political ear and a surprise setback for the West Indies ahead of the first test against South Africa.
ID_YQUHYE,They had already put in their decision saying that the law must take its course.
ID_UYEWXO,"However, President Aristide is still under pressure from Washington and the UN for apparently taking too long to fulfill one key element of the UN broker deal, the naming of a new prime minister."
ID_ZNYDZE,I'm Hugh Crosskill and this is BBC Caribbean Report.
ID_LRUOJW,"Witnesses say the gone men who opened fire on the consul meeting were seeking to kill consul president Louis Roy, who was inside the building at the time of the attack."
ID_IRUXPZ,But he believes that the agreements putting US-CARICOM cooperation on this in place lacks an important ingredient.
ID_JNYMDJ,The media in Trinidad is blamed for glamorizing suicides and why the Windies are finding it more difficult to win.
ID_KBZOTS,Lucia government's position was simply that it would not be held to ransom.
ID_PRBNVW,"And that's one of the reasons why we are here, in order to share our experience and to give warnings, so to speak, to the global community that even those countries that do not have a problem are almost certain to have one at some stage if they're used as a transit shipment area."
ID_KFRRKL,"Alan Chastanet, Air Jamaica's Vice President of Marketing and Sales, says finding a partner to support jet service from North America was difficult, so EC Express was born."
ID_WXPZBV,I'm Oren Gordon and this is BBC Caribbean Report.
ID_JSBNKL,"From London, BBC Caribbean Report."
ID_TOHYCX,Trade tops the CARICOM agenda at the intersessional meeting in Suriname and it's make or break for Brian Lara in the Port of Spain test match.
ID_DPKFAQ,They resumed exercises on the island yesterday.
ID_FTBJGK,And it does say that it is possible that the Prime Minister could direct his Minister of National Security to contact the commission which...
ID_KHDICG,Prison authorities in the Bahamas today carried out the execution of the convicted murderer David Mitchell.
ID_YLCAEV,"The Department of State, the United States government urges all concerns."
ID_KSLPPH,That brings the death toll there to a hundred and forty-seven.
ID_FUZHJT,Virgin Islands man alleged to have planned Caribbean cocaine drops.
ID_FJSRQC,And Venezuela offers to mediate in the banana dispute between Latin America and the Caribbean.
ID_JPTBGZ,Lawyers for the Florida family of Cuban six-year-old Elian Gonzalez this evening launched a federal lawsuit challenging a ruling from America's Immigration Service.
ID_EJHSCU,Head signed a declaration which commits members to seeing that globalization meets the central challenges of poverty and development.
ID_IKBMNK,American immigration says it's been a record period for illegal Caribbean immigrants and Clive Lloyd talks about the fourth test.
ID_MSLLEF,Caribbean delegates speaking to the BBC's Rob Brumby.
ID_ICWKBL,I'm Mike Jarvis and this is BBC Caribbean Report.
ID_CKTEHV,"From London, BBC Caribbean Report. Implications for the OECS manufacturing sector from Trinidad's decision to float its dollar. We could see a very negative impact on the manufacturing sector locally, people having maybe to go out of business because they are unable to compete. And the Barbados dollar could also be subject to pressure. In sports, Gus Logie says more should be done for West Indies players off the field."
ID_IMSGLC,"The coalition collapsed when the two members of the Aruba Liberal Organisation, the Transportation and Tourism Ministers, resigned."
ID_AGUCPX,There's been a last-minute surge of interest in Sunday's referendum on Puerto Rico's constitutional future.
ID_LAHWCX,The homosexuality and capital punishment were outlined in that document.
ID_QAFWCG,"The Prime Minister of Jamaica, PJ Paterson, signals elections before year-end and taking opposition to the Ghana Island project to New York."
ID_LCAULC,"And I think that that will be emphasized very, very strongly in order to get the European common market to perhaps have some second thoughts or to in some way modify the quota and the tariff protection that has been levied against us."
ID_LOGIZZ,I'm Ken Richards and this is BBC Caribbean Report.
ID_BDPLTQ,"From London, BBC Caribbean Report."
ID_IUOMGZ,"Well, the issue of exclusivity has been tackled by several countries, including some in the Caribbean."
ID_MMQMUS,Have any changes been made at the base since?
ID_UPGOAC,I'm Mike Jarvis and this is BBC Caribbean Report.
ID_ZAAGGK,Mr. Bird has been defending his colleagues against allegations of misbehavior that have been made before an inquiry into the medical benefit scheme.
ID_BDGUVF,"Well, we will see a mistake from what point of view."
ID_DKGQEC,Prime Minister Denzel Douglas says he will use the parliamentary debate to provide the people of St Kitts and Nevis with a full statement on the issue.
ID_YFDZDW,Antigua's Prime Minister Lester Byrd clears the air over why he missed the OECD summit and Trinidadians holding on to US currency being blamed for the slide in the TT dollar.
ID_RWZWBK,"In Suriname, the standoff between the army and the jungle commando is costing the bauxite industry hundreds of thousands of guilders, and their support for David Jessop's views on the absence of an export culture in the Caribbean."
ID_SYGLJZ,"For example, we need conditional arrangements to look after our agriculture, because we can't afford the kinds of massive subsidies that other countries do, and then allow them to flood our markets and even not get us into even agricultural production."
ID_FRBBSP,And are we witnessing an end to small independent operators in the airline business?
ID_MMDIVG,"And sad to say, this particular debate has generated all manner of hysteria in Guyana."
ID_DQGTFN,"Martin, but probably for the entire Caribbean."
ID_ORSFGF,"It's the easiest thing they can do, but it's not good for the Asian people."
ID_ZOTXHM,"Well, I think you're asking the wrong person that question."
ID_CXBRBA,"The plan would ultimately involve the return from exile of Haiti's democratically elected president, Jean-Bertrand Aristide."
ID_RMIEUW,This is organized under the umbrella of the regional security system and will be coordinated by the Barbados Defense Force.
ID_LZLRYI,There's all loving and peaceful and harmonizing we is.
ID_SQLUUR,It's around that time.
ID_NGUGDW,"From the St Lucia capital, Pete Ninval has more."
ID_WPPFEU,"They say the storm's track remains unpredictable, but believe it was still on track to slam Mexico."
ID_IZEPBJ,"I'm Hugh Crosskill, and this is BBC Caribbean Report."
ID_MIPBCQ,"And in that context, the trade unions have been taking action."
ID_RSNZFR,should feel that it would be a good thing for that Guyanese to be president of our country.
ID_LYXFJN,"Hello, Hugh Crosskill here again with another edition of BBC Caribbean Report from London."
ID_UTJSRJ,His background may go some way in explaining his unique lifestyle.
ID_UOAONW,"In the seventies and beyond, Dominican music known as Cadazan, which paved the way for the Zouk of the French Antilles, fed on Creole lyrics and became very popular."
ID_MZVCSK,It is an organization that provides invaluable technical assistance.
ID_OUPOSU,"The group's meeting at the Commonwealth Secretariat in London was chaired by Zimbabwe's Foreign Affairs Minister, Dr. Mudinge."
ID_LQVMCT,The proposal came from CARICOM Secretary-General-designate Edwin Carrington.
ID_ALCIES,"They think that if you die as a martyr, as the Prime Minister Ramadan said to me, there are three things a person should die for."
ID_VDXIXB,Many of which are included in the ACP grouping.
ID_VSANHV,Is the CARICOM audit team in Guyana being cautious?
ID_JUAFZJ,"In the wake of the abandoned Jamaica test at Sabina Park, scores of cricket fans, including England supporters, have been braving the Caribbean sun to get refunds on their tickets."
ID_MKFHOY,"But I think if you ask the average person in the street their viewpoint on this, people almost automatically say that the child belongs with his father."
ID_YKPVLV,"Out of eighteen nominated candidates, eight are running as independents."
ID_EJQWWP,"In Trinidad, a former foreign minister dares the ruling party to expel him."
ID_NQFDNJ,"From London, BBC Caribbean Report."
ID_YEOYXG,"That's taking some time, but it is healing."
ID_YOVGDX,We think that technically it can still be achieved.
ID_OPGOAR,Trinidad and Tobago manufacturers continue to feel discriminated against by trade restrictions in Jamaica and Barbados.
ID_BLZZBF,We talked about the importance and the desirability of continuing to work to strengthen...
ID_RWXJNU,"And American parents wanted them returned, and a foreign country made them a citizen, so they did not return."
ID_EMEGPC,The Caribbean has lost a very great son.
ID_AMLIBJ,The protest began on Tuesday but has since grown in support as the groups involved gather mounting encouragement.
ID_VZXONW,The residence of French Guiana's state prosecutor was attacked last November during a series of riots.
ID_YIYVCZ,"Former CEO of these institutions, Don Crawford,"
ID_FGRMRC,I think we can structure a government which will show the...
ID_ABXQVV,After the OECS court ruling on the St.
ID_DSQWVV,There is evidence here that as many as twenty-five percent of the ballots were invalidated or defaced.
ID_WAVXWH,Some of the crowds then seemed to target two particular stores.
ID_UYXAJE,I'm Ken Richards and this is BBC Caribbean Report.
ID_GJSWHZ,I'm Oren Gordon and this is BBC Caribbean Report.
ID_UALIPC,"Obviously, CARICOM would want Guyana to return to normalcy."
ID_OQDPME,"But first, Oren Gordon reports on the debate in the House."
ID_SREFAT,The motion is based on allegations of financial impropriety made against Attorney General Parnell Campbell.
ID_WGEUIK,"Mr. Hines had to vacate the post for a few days so that Barrett Jagdeo could be appointed first Prime Minister, then President."
ID_SEQNUP,"From London, BBC Caribbean Report."
ID_OPJNMC,So we also were able to develop an operational nexus in terms of sharing information and working with one another with those specific countries in the Caribbean.
ID_EQZXLQ,But do you think that's the right decision?
ID_VWSQOK,"Okay, Mr. Compton, well, these articles published in the Star newspaper on Saturday claiming to represent letters written by you to a young lady."
ID_PEWFCG,"Will the policies of the late Desmond Hoyt still prevail, or are you looking to chart a new direction for the party?"
ID_JTWSKF,Montserrat gets help to eradicate mealybug.
ID_SMPZTN,Caribbean delegates satisfied with outcome of Brussels' banana conference.
ID_NOIZNJ,Homegrown from the point of view of Britain.
ID_CTZOCF,"The CARICOM Secretary has said today that the meeting did take place, but no details on what transpired have been given."
ID_YONLDZ,move towards honoring its obligations.
ID_KCGFAM,"It was Robin Cook who coined the phrase ethical foreign policy, and he used his speech on Friday not just to reiterate his commitment to it, but also to set out the challenges of the twenty-first century."
ID_CQCBGJ,"We're not usually assigned to death row, but we're replacements for that night."
ID_YGJMTC,St Lucia's Prime Minister says buying Gies' banana division was a defensive move to protect the Wynwood banana industry.
ID_PXKLSN,Never expect that any local manufacturer could ever compete.
ID_IZUTYZ,"From London, BBC Caribbean Report."
ID_NJFSDZ,"Of course, the Conservative government trying to secure a fourth term in office after holding power for the past thirteen years."
ID_JGDMUR,"The Cayman Islands Bank, at the center of a U.S. federal investigation, defends its money laundering regulations."
ID_CVRSAA,"While other Caribbean commentators expressed dissatisfaction with Clinton's remarks, the Jamaican clerk suggested that regional leaders take advantage of his advocacy and court Republicans, enlightening them about the region's needs."
ID_VFESTU,I'm Moya Thomas and this is BBC Caribbean Report.
ID_KBXNXR,Fresh attacks on Guyanese police by armed men leave one officer dead and another injured.
ID_PYORAM,Business leaders in Jamaica pleaded with the government and police to do something about rights and violence.
ID_MBMPJT,"A statement issued this morning by Guyana's foreign minister, Clement Roji, exclaimed that the Venezuelan National Guard had been engaged in anti-drug trafficking activity."
ID_HBQICF,"Join us at 11.05, 11.15 and 12.10 GMT for our next morning programs."
ID_ZRDMZX,"Guyana's President Desmond Hoyt has broken the virtual isolation of the military-backed interim government in Suriname, and he says no one can dictate his foreign policy."
ID_VQBMQC,This report from Sharif Khan in Georgetown.
ID_NQGRKT,"If there are going to be fruitful discussions, then certainly we, being reasonable trade unionists, we will continue to discuss."
ID_BMNLZX,And could the West Indies feel their way back into the one-day series against Pakistan?
ID_KKDXNP,"The government's National Emergency Planning Organization, which met today, has set up a task force to formalize contingency plans."
ID_RHPDVC,"Now, most of those are"
ID_WHAFZW,We also do not have the capacity when we come to the stage of implementation of these very protocols.
ID_TREZAU,A question of survival as Amazonian Indian groups talk over their future and the British government poised to introduce the country's first laws against racial harassment and violence.
ID_DPRWYF,Violent disturbances in Jamaica's capital reported to be spreading.
ID_JRIEJP,"That's a notion I ran by the former Prime Minister of Dominica de Muginia-Charles, and one with which she agrees."
ID_DYOFHV,One of the parties in the opposition Convergence Alliance in Haiti has denounced talks held by some leaders of the Convergence with the governing Lavalas family.
ID_QXTKUL,I'm Ken Richards and this is BBC Caribbean Report.
ID_GBKSHG,And some experts are warning that it may be too early to count the chickens just yet.
ID_HWFWJK,I'm Bertram Niles and this is BBC Caribbean Report.
ID_UFOIWC,The CARICOM heads at their seventh special summit in Chagirama's Trinidad have been locked in an all-day session.
ID_QPTMTC,That's a very significant amount of money.
ID_YUYQEZ,The threat of war on the airwaves as the Cubans fight to stop propaganda broadcasts of TV Marti.
ID_EEMCLN,"I don't think that by dropping a large percentage of purchases from our group, you are really solving the problem of the other group."
ID_CDQCXI,"Well, part of the legislation we'll have to deal with, according to the Prime Minister, we'll have to deal with phone tapping, wire tapping, to get information on how these people are operating."
ID_YRTHMW,Lawyer Harold Lovell has been part of the team negotiating on behalf of the Antigua and Barbuda Nurses Association.
ID_PCJVPW,"Well, that's a question I put to Wilbur Prasad, a lecturer in economics at the University of the West Indies at Mona."
ID_IWJIDU,One of the core contentions of the Chief Justice was that Attorney General Ramesh Murad was attempting to dictate how funds passed by the Parliament for the judiciary should be used.
ID_TYRKSK,"The connection between the drug downs and politics in Jamaica is once again the talking point, with the police having information that links the three main political parties with drug dealers."
ID_FCKEDO,Regional travel agents had to boycott American because it unilaterally cut their commissions by a third from nine to six percent.
ID_MSXING,He revealed that he received nomination papers for two candidates.
ID_OJJFKW,"From London, BBC Caribbean Report."
ID_JCOLJC,The traffic was held up.
ID_XUWWYJ,We believe this has been cosmetic in a very real sense.
ID_WAAYLZ,So it's very perplexing and confusing to me when there's an emphasis.
ID_NCJMJL,"From London, BBC Caribbean Report."
ID_QBNVAH,"In Grenada, there is still no official word on the fate of the fourteen people convicted of the nineteen eighty-three murder of former Prime Minister Maurice Bishop."
ID_ZFCKIG,"Well, the fact of the matter is that I was detained at the airport when I did arrive here in Barbados, that they have harassed me, but that they did give me the visa and I've been here legally throughout my entire stay."
ID_BMQVEZ,"Well, the first thing we're doing is giving out information to people because, as I've said before, what happens here is that personal schedules are disrupted."
ID_WIVPXX,I'm Oren Gordon and this is BBC Caribbean Report.
ID_TWKTCI,Lou Smith explains why GBN management isn't too keen on that proposal.
ID_JTZUVF,It seeks to set out new circumstances in which the speaker can vacate the chair.
ID_OXVQHH,Mr. Perry refused to back the island's secession from federation with St Kitts two years ago when a referendum on the issue was held.
ID_TGZMEK,It's one of the issues they are discussing at their first conference taking place in Dominica.
ID_NXQNPT,"From London, BBC Caribbean Report."
ID_TNWOKQ,"In March this year, two of Brunswick's bodyguards were killed by the military police in an arrest on drug-related charges, while a jungle commando delegation was in the capital city to negotiate a peace agreement with the government."
ID_VZRMYF,"An expert analysis of the European banana market after nineteen ninety-two forecasts a massive fall in price for Caribbean producers, and Trinidad and Tobago is placed on a cholera alert."
ID_CJDUXK,is recognizing the importance of the American way.
ID_ENXQFC,over one thousand families with brand new affordable houses for which they are now dignified and proud.
ID_SNRZEJ,A spokesman for the business sector in Trinidad and Tobago today scoffed at allegations by Attorney General Ramesh Maraj that a financial group plans to kill him.
ID_HRNKLB,"Mr. Arthur had previously characterized those relations as being on hold because of such issues as the Hems-Burton bill, the banana controversy, and drugs."
ID_CMYWXN,I'm Leslie Goff and this is BBC Caribbean Report.
ID_QFQBDC,Very often the offshore centers are not credited for developing regulatory standards practices sometime in advance.
ID_SIPRCW,"However, as she said on this program yesterday, she hopes the leaders would agree to the removal of the CARICOM Secretariat from its base in Georgetown."
ID_YHEOYE,There have been more anti-government demonstrations in Suriname.
ID_MYNHCP,And Caribbean athletes continue to stay in the hunt for medals in Seville.
ID_DAVYZC,"I think it's probably to draw attention to how serious the banana issue is for the English-speaking Caribbean, particularly for the Windward Islands."
ID_WHBCYW,And Bahamian leader concerned about Cuba joining regional grouping.
ID_TIDZAQ,"It is unpredictable what he'd be replaced with, what will happen."
ID_UBQMKR,"From London, BBC Caribbean Report."
ID_ETKJGK,"Soon after that, we hear that Vice President Dan Quayle will be visiting Jamaica."
ID_FITDEZ,"From Port of Spain, Tony Fraser has the details."
ID_LYYAEV,"which means, therefore, that implementation might well be put back to IC at best September."
ID_GKLQCG,I'm Oren Gordon and this is BBC Caribbean Report.
ID_VZNMDW,BWIA identifies specific areas for its proposed job cuts.
ID_HKSSZF,"According to the British Foreign Office, the Commonwealth Secretary-General, Emeka Anyoku, has made it clear to Nigerian Foreign Minister Tom Ikimi that the delegation would not be welcome."
ID_CEISSW,"But anyway, it is part of the fight that we, the nationalists of Martinique, Guadeloupe, and French Guyana, it is part of the fight we are waging for political independence."
ID_PWMGJY,I'm Mike Jarvis and this is BBC Caribbean Report.
ID_JNYOAU,"I'm Ben Meaden, this is BBC Caribbean Report."
ID_VWZYXH,"Speaking at the Miami conference, the former governor of Barbados' central bank says devaluation is an option that must now be considered."
ID_YZMEML,Lucia severed diplomatic ties and thousands of Caribbean people marched through New York to protest against alleged police brutality.
ID_UTAJIH,I'm Oren Gordon and this is BBC Caribbean Report.
ID_DJEQSQ,"opportunity to serve you, to serve the men and women of the Armed Forces, and to serve our nation."
ID_ZNZWAS,And Viv Richards is to return to county cricket with Glamorgan.
ID_SPJLLR,Jamaica's Prime Minister Michael Manley leaves Tokyo with the hope of seeing more Japanese money finding its way to the Caribbean.
ID_ZJGEJK,"The UN's Haiti envoy, Dante Caputo, had talks with Haiti's military and political leaders at the weekend."
ID_LKAILP,"In his letter of earlier this week, the Prime Minister had said that the meetings between the two had stopped at the request of the President because of the impact on his health."
ID_UEVDFX,"BBC's Latin America expert, Nick Caster."
ID_MILDWE,That is the reality of the situation.
ID_GTCNOK,"From London, BBC Caribbean Report."
ID_VCNXSH,Then the other implication to look at is the leadership of the PPP.
ID_OQLTQB,The threatened secession of Nevis from its union with St.
ID_GAOKDR,And the Dutch and Netherlands Antilles governments reach agreement on St Martin's future.
ID_TDHPGL,"From London, BBC Caribbean Report."
ID_RNZGXL,That program's manager is Brian Reynolds.
ID_KKYOGO,"All preparations had been made for the hurricane, and the island was ready to meet any eventualities."
ID_KLTPCA,Joining me on the phone now is correspondent Sharif Khan.
ID_JEAGXH,Two hotels close as tourist numbers drop in St Lucia and Barbados again leads the way among the world's developing countries.
ID_JGYVYR,The police and the army came and occupied our land.
ID_MMWEVG,"Joan Freeland, a lawyer with the Florida Immigrant Advocacy Center, thinks it's an enormous advantage for the Cubans, but for Haitians, skin color could be a factor."
ID_PIPTDJ,Now the government and the union have agreed to draw proposals for the containment of the public service wage bill.
ID_ZDLRIY,"It was in this light that the Foreign Secretary admitted that while his government retained deep concerns about human rights in Cuba, that he did take the time to meet with Cuba's foreign minister."
ID_URZISY,"And of course, if he isn't going to do anything at all about the U.S. military,"
ID_MZGPCQ,Montserrat's volcanic nightmare continues with another heightened state of alert.
ID_AMVNFI,A London-based organisation is set to launch a campaign that could lead to the cancellation of Caribbean debt to British commercial banks.
ID_LITKVO,Links between the two parties have existed for several years due to mutual membership of the socialist international group.
ID_XONSZR,"From London, this is BBC Caribbean Report."
ID_PDBKZC,"Dr. Ryan, director of the Institute for Social and Economic Research, has just returned from a visit to Guyana."
ID_DMAUVO,There is an acceptance that there will be a reduction in settlement rates and in the international rates.
ID_SCDARP,The Barbadian Prime Minister Owen Arthur chaired the London meeting.
ID_FALQDW,"As international pressure mounts on the Guyana government to hold free and fair elections, a U.S."
ID_HDJXVA,"And when they reach the offices and they see Montserrat, they call you back and tell you, you are not British."
ID_LRSERX,"One hundred and eighty countries are attending the Global Forum II in Holland, focusing on ways of making governments more transparent."
ID_JAPMFH,"I think that the CARICOM region would benefit simply by the importance that is attached to a national of one of its countries being in an influential position of that nature, and it will help to change people's attitudes towards small states like ours, which frequently have to fight twice as hard to get international recognition when it comes to competence."
ID_TYDLRT,"It was the army's failure to provide security that led to the violent abortion of the November, nineteen eighty-seven election attempt, when dozens of voters were killed while standing in line at polling booths."
ID_QRQCQU,"So how does William Rapier, chairman of Geist Industries West Indies Limited, assess wind bands' performance?"
ID_DAEQLY,"The report, titled Time for Action, is now being hand-delivered to regional leaders."
ID_IPSDAA,"But if we feel that we are only being carried along, then certainly we will refuse to participate in any useless exercise."
ID_BYAVPW,But I think that the critical contrast between Europe's progress over the course of the last forty years towards economic and political union and the Caribbean's lack of progress in that regard simply comes back fundamentally to a lack of political will to get ourselves together and to act together economically and politically.
ID_QZTGLF,It is against this backdrop that British Foreign Secretary Robin Cook lodged a request with the leaders of the overseas territories during their recent London summit to consider repealing their anti-sodomy laws.
ID_FUTPZU,"Earlier today, I put it to the Prime Minister that the twelfth of March was one of the dates being mentioned."
ID_PHUXJV,Postal workers in Washington have died from the effects of the disease.
ID_WAQNDA,Jamaica has this week been held up at an international conference on urban violence and economic development as having a highly unacceptable murder rate.
ID_BHQVUD,"Where Metro's really potent was in dumping rain, lots of it on Honduras and Nicaragua."
ID_RLNPPU,"Commerce Department says... The Caribbean has perceived in Washington as being a group of disparate, argumentative small countries of no real importance to the United States, either politically or commercially."
ID_OYQOSL,"The Guyana government has taken the first major step to deal with its currency, which is seriously losing value against the US dollar, plunging to a record low earlier this week."
ID_GEXGWB,One of these burning cars near a store in the commercial area also set the store alight.
ID_QBNSSR,"Once you elect a government, you should be prepared to live under that government."
ID_EEJGGB,"Two ships laden with equipment and engineers were heading towards the South American country to help with the recovery program following last month's devastating floods, but they are now very unlikely to reach Venezuelan waters."
ID_LECXCE,than HIV AIDS and none promises greater opportunity than the establishment of a single market and economy.
ID_HLRSJL,What's going to make Eastern Caribbean Express any different?
ID_CTJFPN,"And a European Commissioner tells the ACP, wake up to the fact that the days of preferences are over."
ID_NQJSMO,The decision comes after two years of discussions between the two governments.
ID_XJZIKH,Questions surround the release from an American jail of former Haitian paramilitary leader Emmanuel Constant.
ID_KXPMJZ,"We cannot assume that because we are today secure and at peace, we don't need military strength or alliances, or that because we are today prosperous, we are immune from turmoil half a world away."
ID_CLRYBG,"Vincent, just over three thousand banana producers will share one point five million."
ID_KBMNVK,"The organization has been accused of dragging its heels, especially on the creation of a single market and economy."
ID_KIALRO,"Cambio Cubano, whose name means Cuban change in English, has also deplored what it says is the hardline approach of another exile group, the Cuban American National Foundation."
ID_VGVXCC,"It was an aggressive DLP leader who went on to issue some warnings to the private sector, and to Harold Blackmun, the party member who has been a thorn in his side ever since he resigned as Minister of State in the Ministry of Finance last April."
ID_PSTYTW,"The British government is to proceed with the phasing out of its garrison in Belize, but the Belizean Prime Minister George Price says he has been assured by the UK that his country's security will not be compromised."
ID_HRUXDE,Lucia Banana Corporation to sell fruit directly to GIST and bypass Ribdeco.
ID_JQYGHC,"The question is, can the government afford to govern in circumstances where, if a minister is out of the country, it could find it difficult to pass legislation in the House?"
ID_CZERUF,Will the Rainbow Coalition be sort of trying to communicate this message to Caribbean leaders?
ID_YRZYYI,"From London, BBC Caribbean Report."
ID_EGUODR,"And therefore, facing with a new charge,"
ID_NYDGYB,"Guyana's Minister of Trade, Mr. Geoffrey de Silva, told BBC Caribbean Report that he hoped that in this meeting, Guyana and Trinidad would move closer towards settling the issue."
ID_MFQNGL,"If that not being the case, then you would face a rather long-term commitment."
ID_UKHINW,The share of the EU market allotted to suppliers of Latin American dollar bananas is expected to increase in direct contrast to a proposed downward movement of the ACP market share.
ID_ULPDDA,He told me those caught up in that web of unemployment find themselves part of a deteriorating system.
ID_DFJNBS,"This has the Caribbean worried, as many countries are now benefiting from nine three six."
ID_LHIRRW,"Governor Frank Savage told me this evening that they are worried that there is no groomed oath, with fears that this is leading to pressurization which could precipitate an explosive event."
ID_KPPMJV,So does he believe Fidel Castro has been good or bad for Cuba?
ID_WZTGTJ,I would think that the transition from seventy to a maximum of forty-five now and maybe eventually the twenty percent level which the OECS is suggesting is one which could be accepted.
ID_FLFIKU,"No matter what a heinous crime, the nature of prison conditions can operate as a bar."
ID_IMXJLZ,Dawn King ending that report by Debbie Ransom.
ID_MQJIYK,Confirmation from Britain that it's scaling down its military presence in Belize.
ID_CFKGEQ,But not everyone is given the leader's three chairs.
ID_QOKBHP,Vincent and the Grenadines and Grenada have already been affected.
ID_CAPCMI,And what I have been seeking to point out is that the relations between the two islands is a matter of the integrity of the state.
ID_VGWFWI,"From London, BBC Caribbean Report."
ID_QKRVIN,The approximately two hundred Guyanese nationals working at overseas missions have already started voting and a reprint of the ballots would make their votes invalid and would inevitably force a postponement of the election.
ID_YDHPSA,"What we're seeing is not only numbers at a worrying level, but savagery of a kind which knows society."
ID_PVMPGR,How can Barbadians ever think that they are going to get to that standard where they're going to be able to go to the States and get in a basketball team?
ID_EXPVNN,"Today, the bomb squad was also called to a secondary school."
ID_IWHTLG,"And we understand as a result of this faction not wanting to have that meeting on Sunday to take that particular decision, that particular PNM faction decided to press the panic button in an effort to ultimately have a postponement of the meeting that is scheduled for Sunday."
ID_WJSSYK,There is one senator who wants to do away with it altogether.
ID_XHBKGF,"He again attacked the regime, which staged the coup last September, and warned there was no future for those involved."
ID_BQDHTL,"From London, BBC Caribbean Report."
ID_ZDIQVP,"The barge, the Bella Vista, sank last Thursday, fifty-eight miles southeast of St Martin and twelve miles northeast of Nevis."
ID_TAJWNC,"Low-lying countries like those in the Caribbean, which stand to suffer most from global warming, say they are disappointed with the lack of progress."
ID_REMDKK,What have former President Jabotran Arastid himself?
ID_JMSOTG,Haiti's foreign minister rejects accusations that President Preval is on a dictatorship course and several Caribbean nations heading into jump-up carnival style.
ID_QQWDVG,"Miguel Poirier, but what are some of the challenges and obstacles facing the man chosen to form the next government?"
ID_JBSDVI,"We're going to drop anchor, proceed up to the house where Tappy and Bonnie used to live."
ID_RJFZAH,I'm Hugh Crosskill and this is BBC Caribbean Report.
ID_CSYBOV,"The official agenda includes more general issues, but as Colin Smith reports from Guyana's capital, participants plan to seek much more from the session."
ID_GPFPZV,DEA Special Agent Michael V. Hill.
ID_EOIHGU,"Are they happier than they were in Seattle that that is what is happening, their concerns are being addressed?"
ID_QIBWVV,"agriculture on debt, what's happening with the whole intellectual property rights, what's happening to farmers all over."
ID_GZDNJD,a certain amount of uncertainty among the leadership of the Workers' Party.
ID_WCJOLU,There seemed to be no middle ground.
ID_ZAYLYP,"My interest really is not to focus too much on bananas now, though it is still very important, especially to the Eastern Caribbean countries."
ID_NFHWML,That division has been evident in the West Indies team itself.
ID_LBZAHS,"He's not pretending either that there's no possibility of a volcanic eruption, but he says the situation will not change instantly and it is being closely monitored."
ID_BKUDGT,The proportion of high school graduates in the English-speaking Caribbean who go on to university is much lower than the rest of the Americas.
ID_ODLCYD,"In Anguilla, commercial banks and schools are likely to be closed sometime tomorrow."
ID_GPNIIJ,Why are the labour unions and activists so much against the gas price hike?
ID_MYSEUX,This is an exercise that started a year ago.
ID_FXUQWK,The chairman of Suriname's National Assembly doubts whether a hundred days is enough time to prepare for new elections.
ID_KTDVNC,But that Supreme Court ruling could be subjected to further scrutiny from Britain's Privy Council as the debate on capital punishment in the region continues unabated.
ID_WYBSGN,I do not believe that the electorate are looking for this kind of red herring.
ID_JSOJDT,"And as Dominica's bus drivers gathered in the capital, concern continued to rise over volcanic activity in the Soufriere area, seven miles south of Roseau."
ID_PZQQIO,"Anything that have the order go against, no problem."
ID_QBWZIM,"Today was nomination day in Antigua, where the two main political parties have intensified their campaigns for the ninth March general election."
ID_EUUFCS,"I mean, the very fact that we are into a certified farmers program with direct links to supermarkets is a clear indication that we have not only to reduce costs, but to commercialize the operations, and at the same time to make sure that the farmers get far greater returns for what they produce, and this is really what the recovery plan is all about."
ID_OSTLSL,The leaders of several Caribbean and Latin American countries have converged on Santo Domingo in the Dominican Republic for summit.
ID_YCTISF,"The second condition is that they, once returning, will have the necessary protection so that they can participate in elections."
ID_HSYNSN,Thomas and a spectacular batting collapse for the West Indies.
ID_AMWQPP,"There was the awarding of a contract to a supporter of the ruling party and a friend of the Prime Minister to produce electricity, a lost US shipment of rice from India, and towards the end of the first term, a government minister charged with the murder of a local government official."
ID_ERJSNI,At issue were prolonged wage talks between the government and the police federation.
ID_HNYYDY,"At present, Cuba and Indonesia do less than a million dollars worth of trade a year."
ID_DMNVPT,"The leaders reviewed two proposals, one by the University of the Western Days and another from Barbados Prime Minister Owen Arthur."
ID_WDLARQ,The action plan is to go before CARICOM heads of government when they meet in Port of Spain next week.
ID_MPGIAL,We have this report from Sharif Khan in Georgetown.
ID_ILHFRD,"Three, during the existence of the wages freeze, employers shall not pay a remuneration for work..."
ID_XWDEOR,"I've been trying to make contact with the government, but I can't make contact with any member of the government."
ID_MJPDVH,A management change for Biwi after operating losses of US$15 million and the government of Dominica orders whale researchers to pay up.
ID_PFHPIV,"Well, I believe and I hope that the execution of Solomon Vitalis, Vitalis Solomon, would send a clear message to all those who would be criminals."
ID_JUANLR,"and in Holland, a move to have former colony Suriname declared bankrupt."
ID_WBKWEN,I'm Oren Gordon and this is BBC Caribbean Report.
ID_CWSQWO,The second building that we witnessed the airplane...
ID_WRVMYF,And testimony of British policemen close to the Stephen Lawrence murder inquiry enlivens proceedings.
ID_LUTETX,"The demonstration, organized by three opposition parties, was mounted as part of an ongoing campaign to force Prime Minister Visi Bird out of office."
ID_MTGWSJ,More volcanic activity in Montserrat.
ID_SHOCWM,A Canadian firm says it won't pull investments out of Cuba as the US prepares to ban company executives.
ID_FVALAM,make certain demands on the EU for reforming the regime which are completely impractical.
ID_PDIWCB,"But as Jean-Michel Kawa reports, the thorny issue of bananas, which divides the two regions, will also feature during the talks."
ID_VVOYVS,"Its restrictions on free movement go against the spirit of integration, and Cuba's Olympians may have to make a costly detour to get to Atlanta."
ID_FCNOYG,In the year of the volcanic activity was nothing like what it is now.
ID_HWPSRP,and two days of protest demonstrations in the Dominican Republic.
ID_QGDDKZ,"Cabinet infighting, the battle to succeed ageing Prime Minister Virbird Senior, and the much-publicised arms scandal had combined to prompt Mr St."
ID_FQGLAA,"deadlock in Guyana over just who will govern the country come January, seventeen."
ID_VRJEAN,"But before we go, just a reminder that... This and our other programmes can be accessed on our internet website at www.bbc.co.uk forward slash Caribbean."
ID_BFCVFQ,And Atto Bolden pulls out of the World Athletics Championship.
ID_WWIRST,"But for all practical purposes, they are the victims of this situation."
ID_JRSHGD,"From London, BBC Caribbean Report."
ID_ZNFUPR,"In fact, the United States still does not have authority to negotiate such an agreement."
ID_AVYTHM,"From London, BBC Caribbean Report."
ID_RAYPVU,Jamaican concern over another foreign recruitment drive for its teachers and the Dominican Republic is refusing Haitian requests to hand over the alleged mastermind of last December's attempted coup.
ID_QKEXNC,"From Castries, Pete Nidval reports."
ID_BJADVZ,I'm Pat Whitehorn and this is BBC Caribbean Report.
ID_VMBBNS,That's if one source close to the workers has got it right.
ID_PQYLQB,"Are we blaming them, doctor, for what they've done?"
ID_CYTGMH,"So as a result, yes, certainly his candidature, the withdrawal, is not in keeping with the provisions of the..."
ID_WOCMQS,Guyanese authorities say legislation has been drafted and should be put before Parliament soon.
ID_HEJAMD,"The Dominicans were among the two hundred and sixty people killed when the Airbus A300 bound for Santo Domingo crashed into a neighborhood in Queens, New York, minutes after takeoff."
ID_MYVQFT,"The whole question of whether they should continue to ship nuclear waste through the Caribbean, the problems that we would have."
ID_VMQRLO,The Prime Minister announced on national television Monday night that two hundred tenths would be flown into Abaco by the U.S.
ID_YEHJCE,And Bermuda's top-notch high jumper Nick Saunders says a leap into politics is on the cards once his athletic days are over.
ID_YGPRSA,"Some figures have been pointed at the main black Muslim group, the Jamaat al-Muslimeen, which tried to seize power through a violent assault in Parliament ten years ago."
ID_DSDSNY,I'm Ken Richards and this is BBC Caribbean Report.
ID_VRHYQB,The United States has stepped up its threat of a multi-million dollar trade war over bananas.
ID_KSIKYC,"Their coordinator, Shalee Simmons, said in a statement that while Jamaica, Barbados and St."
ID_RYVYXU,The final copy of the WTO report was made available to member governments last night.
ID_DDDKTM,"If Sydney looked like that, then London would be mind-blowingly brilliant, I thought."
ID_EEEHZU,Correspondent Michael Norton was at the funeral service.
ID_LUAPRM,There was no evidence of any wrongdoing of government.
ID_AXPRYA,"They were carnival-like affairs in Woodford Square, in downtown Port of Spain, and mid-center mall in Chaguanas."
ID_UPKOMM,Thirty-five former Duvalierists accused of plundering the Haitian Treasury.
ID_DJMORK,"Sharif Khan, George Chung for BBC Caribbean Report."
ID_ODVKLI,and the release of the movie Malcolm X raises questions about the Caribbean's black consciousness movement.
ID_QQKNIH,And Italian Foreign Minister Lamberto Dini said the EU would effect countermeasures if President Clinton does not suspend implementation of the law.
ID_UHRXZC,One local group has documented twenty-nine of what they call questionable deaths which have taken place at the hands of the police.
ID_VRPQJA,"Therefore, the president had the right and took the right to name his own prime minister, which was then discussed with the presidents of the two-chamber National Assembly, and on Wednesday..."
ID_MROYUN,"From London, BBC Caribbean Report."
ID_FQJWTY,Dominica's Prime Minister Dame Eugenia Charles prepares for a banana blitz on Europe.
ID_TKQICP,Their fares are up to US dollars cheaper on the London to Havana route.
ID_IZGLIU,Former Dominica Prime Minister Dame Eugenia Charles wants governments in the Wynwood Islands to embrace what she says is private sector interest being showed in the banana industry.
ID_GTMHLB,We have no official information to the effect that the European Union would refuse to attend.
ID_PBAKCH,And so it's in the talking shop stage everywhere among the U.N.
ID_AYMAPR,"Yes, I'm an American, but that's secondary to my Caribbean answer."
ID_LJXTSU,"Rampant bribery and corruption involving inmates and staffs, prisoners smoking spliffs, substandard food and living conditions, overcrowding, staff shortages, and a lack of respect for authority by the younger prisoners are just some of the things that have come out of the inquiry."
ID_LAIRKE,"In its annual report on narcotic production and dealing, the U.S."
ID_QEXKAY,High-level talks on the US-EU banana dispute are expected to continue in London over the weekend.
ID_IKCYSW,The changes were announced as former U.S.
ID_NISQVK,for continued aid and support to the regime in Guyana.
ID_VYFNIT,She says many of these residents were gainfully employed before the hurricane.
ID_PZBTQD,Lester Bird pleas with the Antiguan Parliament to change the country's downward spiral.
ID_NODINW,He says the model agreement is one between two Coast Guard units designed to track down drug traders.
ID_NFMCJE,"Professor Norman Girvan, the president of the Association of Caribbean Economists, is urging regional leaders to stand firm on existing common external tariff levels."
ID_FSMVZY,And we do hope that this will not be accepted tomorrow.
ID_AUSOBZ,and the government of Guyana to make sure that the elections that are upcoming are not conducted in the same fraudulent fashion that the ones dating back to the nineteen sixties have been.
ID_DDOLUG,A brief statement from the office of the president said President Janet Jagan was hospitalized at a local medical institution with complaints of ill-defined and persistent body pain.
ID_HVDCGU,I am not going to give no comment on anything anymore.
ID_KSGHBK,"But by all accounts, Mr. Douglas is acting and looking like the Prime Minister already."
ID_AIQBAZ,"Yesterday, a High Court judge, Justice Brian Alleyne, ordered the release of the three men, all of whom were found guilty of being involved in the murder of Grenada's former Prime Minister, Maurice Bishop."
ID_USYMJL,Lucia demanded guarantees from debt-ridden banana farmers.
ID_XUEUHD,Sanctions against European goods is being published in Washington.
ID_HCFSFM,"different ways of trying to treat security matters or governments having to redirect funds in those directions, they come back on the..."
ID_BWBZZO,Lawyers for the opposition parties say the law is clear that the order holds until it's resolved by the court.
ID_ZOTFYF,At least I would think that it has been averted at least up to the thirty-first of the month.
ID_TWMTHW,But Mr. Charles is calling for government support of networking activities to ensure that the impact of the Creole diaspora is felt more in St.
ID_FNFVZE,Karikam leaders coming out of their Shagarama summit believe they have laid the groundwork for taking the regional grouping into the twenty-first century.
ID_DRSQVX,"As Ken Richards reports, these are some of the Caribbean's most pressing issues."
ID_BOYOAL,The pomp and fanfare signaling the start of sitting of Guyana's new parliament since general elections in mid-December.
ID_YIHFSV,"Meryl Smith, executive director of the Haiti Advocacy Group, is a big supporter of the bill."
ID_SJNEQK,He added that the only way for the Dominican Republic to survive is to sign an agreement with the IMF.
ID_DYBCAK,"But at the same time, we in Trinidad and Tobago, we in this government have been put there by Trinidad and Tobago voters."
ID_MSWLYB,"British Airways is to form an alliance with American Airlines, linking two of the world's most powerful passenger carriers."
ID_OGOZPE,MP Frank Mingo is the man proposing the crisis meeting.
ID_NZPGKG,"From London, BBC Caribbean Report."
ID_GRRGFM,"Legal experts are known to be following the case with interest, some even suggesting that it could raise legal precedent."
ID_TLGIWP,broader potential.
ID_HPWBYS,Tony Fraser spoke with the Transport Minister Sadiq Baksh and he got a less than encouraging response.
ID_YLUMWG,A high-level Guyana government delegation today met with former U.S.
ID_XVUWEQ,Orders chain themselves to the banister of the building's main stairway.
ID_TOLNEG,"We are trying to work out a formula to assist the judge with respect to our order, especially the consequential remedies."
ID_GDXGPQ,"From London, BBC Caribbean Report."
ID_DKNKUE,So then there are some inherent shortcomings in the Wynwood Islands banana industry then?
ID_ARTTET,"But Mr. Batiste, you need to be a bit careful."
ID_OKJCQW,The European Union again defends its banana regime against US opposition.
ID_ABUBLQ,"The authorities in Cuba have freed one of the country's best-known jail dissidents, Faiqs Bon."
ID_PYQRNL,and the Reggae Boy Squad being named in Jamaica.
ID_WWLQTB,"I'm Hugh Crosskill, and this is BBC Caribbean Report."
ID_IASNHJ,How America's aid cut to family planning groups abroad could hurt the Caribbean.
ID_UPTUAP,"Meanwhile, Grenada's Prime Minister Keith Mitchell began a visit to Europe today to press the banana case on that front."
ID_ENIYUZ,"Already very strained US-Cuban relations were being subjected to further tensions Wednesday as a small flotilla of Cuban exiles sought to, the organizers say, score points for democracy."
ID_BKSYTR,We are giving what we can within the framework of our budget.
ID_QWFORZ,It follows the recent surge of Cubans and Haitians to Florida shores during a break in the hurricane season.
ID_BXWLCB,"There's been no official word from either the West Indies Cricket Board or the Jamaica Cricket Association on the payouts at Sabina Park, although Association President Jackie Hendricks has said that he will step down if asked."
ID_CQDKVR,"It must do so, and it can, and it will."
ID_JRFNNI,"In Jamaica, close to one point two million persons have the right to cast their ballots in the December eighteen poll."
ID_DEPBHH,Time running out as Guyana's main political parties remain undecided on who governs the country.
ID_XSKQXT,"Meanwhile, the process of people registering to vote in Haiti, which should have started two weeks ago, is yet to begin."
ID_UKGXVB,"Well, that is where the problem came in, because, as I say, if you..."
ID_CBJJGC,Jamaica could be decertified by the U.S.
ID_QHHVDW,Can you say you're looking at the issue purely from a presidential perspective?
ID_EGQSZO,"He says both Jamaica and Barbados have in the last week agreed to sign a comprehensive agreement on narcotics, including maritime interdiction."
ID_PCVMMG,"Titled the Cuban Liberty and Solidarity Act, its main aim, according to Senator Helms, is to force President Fidel Castro out of power and out of the country."
ID_LJOJWS,"The president of the Regional Travel Agents Association, Wayne Rodriguez, describes it as a domino effect."
ID_CXGGQO,"Rather than crying over spilled milk, if you like, at this point, what the Jamaican government should do is rapidly put in place incentives for its manufacturers to invest."
ID_QRTKSZ,"It is a view shared by President of the International Council of Cruise Lines, Michael Craig."
ID_NQWLLU,Other proposals included the appointment of an independent elections commission and a new commission to regulate teaching.
ID_KWCWLP,"From London, this is BBC Caribbean Report."
ID_WOGDNF,And a New York court overturns the conviction of three police officers for the brutal torture of a Haitian immigrant.
ID_ITTFAI,The mortars shouted long live free Cuba as they condemned what they called the cold-blooded murders of the two brothers to the rescue pilots and their passengers.
ID_EZLMHW,ULP deputy political leader Ralph Gonsalves says his party has documentary evidence and credible oral testimony to support the serious allegations made.
ID_KIPEMT,Trinidad and Tobago's Independent Integrity Commission has completed its investigation into the London bank account of former Prime Minister Basdeo Pandey and passed its findings on to the Director of Public Prosecutions.
ID_ADZTPK,There are a couple of factors that are outside of...
ID_UTBKZI,Smith squeaked home by eight ballots in her own constituency.
ID_JCSGVQ,I'm Hugh Crosskill and this is BBC Caribbean Report.
ID_LFINLH,"Twenty billion dollars, that's Cuba's calculation of its revenue losses to date under the US trade embargo."
ID_JWIWWS,The two women met for two hours with Elian on Wednesday amid tight security at a neutral venue.
ID_QGMAHP,"In Grenada, lawyers carried out their threatened boycott of the opening of the October session of the Supreme Court."
ID_DPYLEY,"However, the recent exchange between Guyana's President Barad Jaglio and Trinidad and Tobago's Trade Minister Mervyn Assam has stimulated fresh attempts to resolve this issue."
ID_EVDLXB,ING left the business after Hurricane Lenny last year.
ID_MYGKLS,"From London, BBC Caribbean Report."
ID_ANBEUL,"Political analyst Felix Bethel, a social sciences lecturer at the College of the Bahamas, does not predict a change in this anytime soon."
ID_HSSOQQ,"In Jamaica, Portia Simpson surges ahead in an upcoming poll which could hold serious electoral implications for the ruling PNP."
ID_JTDWAY,"As you're aware, for there to be an arbitration or a juridical solution, both parties would have to agree."
ID_TWNYVK,And they made a suggestion that he be replaced by one of the Supreme Court justices and that a state council be formed composed of representatives of different organized sectors of civil society.
ID_FJHQQI,committed a crime in front of a police officer.
ID_CGMZNN,"Few cricketers have generated as much debate and polarized opinion as much as Carl Hooper, thirty-three years old next month."
ID_LIRKSN,"In at least one case, an election official was attacked."
ID_YWEKQC,"Sir John has acknowledged that his administration did support casino gambling, but did not receive the national support it required, and so dropped the issue."
ID_IBNPDQ,"toilets, their wash basins are not in condition."
ID_UWTIIV,"Many aspects of the panel report are already known, thanks to a jubilant United States which announced its victory last week after seeing the draft."
ID_EUOIRL,I don't know why and whom he's protecting.
ID_XDBANA,"It also wants to sign cooperation agreements with the four Wynwood Islands and Haiti, to cooperate in the fight against HIV AIDS, and to get regional states to participate in a Caribbean conference on maritime demarcation."
ID_UXDNJE,"The United Workers Party and the Labour Party, I believe, are running neck and neck."
ID_QFIMGF,Vincentian agricultural produce are suffering losses at the moment because of a Barbadian ban related to the pink mealybug problem.
ID_UNKXPL,He used to get wickets all over the place.
ID_KDZXBR,"In a telephone interview with Caribbean Report, Dr. Theodore said an important initial step was to allow free convertibility of the different currencies in each CARICOM country."
ID_EEVHZF,A swarm of volcano tectonic earthquakes running almost without a break for ten days now has given scientists on the island further cause for concern.
ID_CGPZOV,"However, with an estimated twenty thousand Haitians on St Martin Island-wide, it's not quite clear where these families will be housed in the meantime."
ID_YUDZNW,"According to Congressman John Spratt, while removal of tariffs on textile imports from CBI countries may be somebody's idea of good foreign policy, it doesn't make sense as trade policy."
ID_ISYSOE,Demonstrators up in arms in the Bahamian capital Nasser today protesting over a range of issues they want addressed by the authorities.
ID_HNOUDH,The BBC's Rob Brumby spoke with some of the Caribbean delegates at the conference.
ID_PJDZWU,"I do not expect that, because frankly we have been working very well with the Central Americans for some time now in promoting what we regard as our common interest."
ID_HWCCDS,Commonwealth leaders are leaving at the end of their four-day summit.
ID_PTZHOM,"We, like other members of the United Nations, are sovereign states, and we subscribe to the UN Charter."
ID_VJGZMP,"From London, BBC Caribbean Report."
ID_PBQKSV,political leaders and union leaders that are also politically engaged are using this
ID_JTYWFY,"Once big airlines like AA decide on that course of action unilaterally, is there anything that travel agents can do?"
ID_TFAVJN,"In London, the public row at the weekend between Mr. Brandt and Secretary of State Claire Short refused to go away."
ID_YWPXAK,"I'm Hugh Crosskill, and this is BBC Caribbean Report."
ID_RXBWNE,"In fact, most members of the party leadership treated questions for comments directed at them with total surprise."
ID_LJYRZW,"It's a concerted effort, international effort."
ID_PMPDDC,What we are doing in the Council for Human Rights is taking steps to make sure that that does not reoccur.
ID_VCWGMP,"Two Caribbean Prime Ministers' plea for bananas in Brussels, and more startling testimony in Toronto from Ben Johnson's coach."
ID_NCTWXW,The US grants a visa to a Cuban official to attend a Caribbean tourism conference in New York for the first time in years.
ID_SBTHIM,So what then are the implications of these results?
ID_ALFTRI,"I mean, it's a break of world records, especially in cricket where there's not much world records."
ID_UQIARF,dollars worth of imports in food and agricultural products alone in the Commonwealth Caribbean.
ID_XYVHII,I'm Hugh Crosskill and this is BBC Caribbean Report.
ID_DQABOX,"Before last weekend, many businesses decided to close their operations on Monday."
ID_VNGIMH,"From London, BBC Caribbean Report."
ID_BEOTAY,He was tortured at the Septiat precinct.
ID_KHIUOL,"He came up to his car and it seems that when he bent over, he was shot in the head, shot and killed."
ID_QAVTOC,"Prime Minister Basdeo Pandey gets to use the UNC name and symbol, but the Ramesh faction threatens court action."
ID_CFPNWT,"After that, we must set up a consultative group to review the fiscal policy in order to prepare the estimated..."
ID_GZOXPX,"Professor Girvan, who's also head of the Consortium Graduate School at the UWI's Mona Campus, spoke at a weekend symposium in Jamaica."
ID_ATAHKT,"We would be concentrating on things like environment, respect and protection of environment, alternative energy sources such as solar energy, wind energy."
ID_OBQDFN,"However, the CITES committee only meets every six months, and it could mean that the million-dollar industry here could remain closed for quite a long time."
ID_CZRAQX,"I discussed it with William Gray, a professor of atmospheric science at Colorado State University at Fort Collins."
ID_YWLBON,Mr. Brush told me that Windjammer's settlement offer is unacceptable.
ID_FEZXXX,Anguillans go into the polls four years ahead of schedule.
ID_OUYYNI,"And as far as we know, there is no suspension or ban on Merlinati at the moment."
ID_CSIELW,"Forecasters at the National Hurricane Center in Miami have given Mitch the highest rating on their scale, a potentially catastrophic five with winds upwards of a hundred and fifty five miles per hour."
ID_VFOFJY,I asked him which Caribbean flights are likely to be affected.
ID_DSSACD,"And Sir Sridhar Ramphal says if the World Environment Summit fails, it will be due to a lack of political commitment."
ID_NCGYYX,"In Trinidad and Tobago, Prime Minister Basdeo Pandey has made it clear that his offer to form a government of national unity does not mean giving up power."
ID_QVZADE,Montserrat Chief Minister accused of overstating population figures.
ID_SISVSH,I'm Oren Gordon saying goodbye from London.
ID_KWSOIU,The outgoing and incoming US administrations issue a joint statement on Haiti and the US revises its travel advisory system.
ID_QDTOMP,How do you see that sort of divisiveness showing up when Caribbean leaders actually go to Washington to lobby?
ID_YYOBWF,The rebels continue to hold more than seventy people hostage at the Japanese embassy in Lima.
ID_OOQRZT,Word that the third test should go ahead in Guyana.
ID_FMQAGM,The other three went to the opposition United Workers Party.
ID_OGIRVD,Some in athletics are describing Otte's participation as a joke.
ID_OWMYUV,The Commonwealth is told to take a harder line against countries with poor human rights records.
ID_SCTFIV,The first being the question of the territorial limits of Belize and...
ID_JLCZLL,I'm Oren Gordon and this is BBC Caribbean Report.
ID_FHXWLT,The occasion is being observed as industrial action plagues at least two Caribbean capitals.
ID_UHJCJM,Hundreds of demonstrators took to the streets and stopped in front of key government institutions clamoring for political change.
ID_IMVYOC,The sugar company is now carrying a debt of six hundred and fifty eight million dollars.
ID_FFCSNJ,Lucia went to the polls today after one of the island's most intense election campaigns ever.
ID_IUQZDE,"Prime Minister Mitchell told the Caribbean report, continuing stability is essential."
ID_USNKLX,"Taking the bill to task was Mark Levinson, a trade unionist representing the Union of Needle Trade, Industrial and Textile Employees."
ID_BWARRZ,I put it to CTO Secretary General Gene Holder that things like the Bali bombing were still impacting on the region.
ID_FMYXKM,"He also disputed testimony given by former UN ambassador, Dr. Charles Fleming."
ID_KOEJJY,I think the military...
ID_WFMOKT,"According to the spokesman, mission personnel repelled an attempt by what he called a group of counter-revolutionaries to force an entry last October."
ID_PTINLF,I've just this minute come back from visiting two of the major supermarket chains in England which are dealing in...
ID_LOTKIU,"It has been agreed that by June thirty, crucial negotiations between states on the dismantling of restrictions will begin."
ID_CTXXTF,"Against the dollar, sterling was down half a cent to close at one dollar sixty one point one zero."
ID_IDSDGC,"of the Montserrat crisis, ministers deny being more interested in abandonment than rescue."
ID_UYMNDK,"He added, however, that during a recent robbery, the late Lyndon London endangered the lives of many people, and this was something the police could not allow."
ID_BMXCEP,The developed countries want to include other things.
ID_RFVQXS,"I'm Hugh Crosskill, and this is BBC Caribbean Report."
ID_ZRNUNW,"President George Bush, a letter which repeated warnings about the use of force to remove Iraq from Kuwait if it failed to meet the January, the deadline for withdrawal."
ID_HXMZUS,But black single parent Pat says a false picture is being painted of Caribbean life in Britain.
ID_GQLLOZ,"It came as a big surprise that Congressman Major Owens, who though he represents a mostly Caribbean electorate in Brooklyn, New York,"
ID_RGBONB,I'm Oren Gordon and this is BBC Caribbean Report.
ID_BOPDFY,"Nevertheless, its long-awaited proposal must be good news for economically vulnerable island territories ranging from..."
ID_AXIWDK,British Labour Party Member of Parliament Bernie Grant today called on Prime Minister John Major to reiterate his commitment to Caribbean banana exports to Europe.
ID_ULZKGE,And they are chanting and singing and dancing.
ID_PUUJCB,"The freer trade means more trade, means richer people."
ID_GIPQST,"Only two years ago, tensions flared up between the two neighboring South American states after the Surinamese marine summoned an oil rig controlled by the Canadian CGX Energy out of its so-called claimed waters."
ID_PCAMGU,"Weather forecasters at the National Hurricane Center in Miami say while Hurricane Mitch continues to move slowly and has weakened slightly, it is still a powerful storm packing winds of a hundred and ninety-five miles per hour."
ID_ZJXYUI,How much extra time or help should be given to the least developed countries among the ACP?
ID_JLBITT,And black Muslim leader Louis Farrakhan holds a Day of Atonement on the anniversary of the Million Man March.
ID_AVJOOF,The Jamaica Labour Party plans to boycott Parliament.
ID_KSILAR,Manigas was brought to power in nineteen eighty-eight through an election controlled by the Haitian army and spent one hundred and thirty-three days in power.
ID_IEGPIM,"As well-respected journalist Pete Ninval puts it, there will be need for Liat to swallow some bitter medicine."
ID_HRNTIN,"Firemen, some of whom had spent the night on Bay Street, were still watching glowing debris, careful not to turn their backs, as several times the night before they were called to extinguish small fires which reignited."
ID_TJVGIS,Guyana's President Desmond Hoyt today lashed out against a U.S.
ID_IQGDWJ,Increasing trade in goods and services with Canada is an important agenda item there as our security matters and the offshore banking problems the region has in relation to an OECD blacklist.
ID_ZKOQBY,And we are trying to invite them inside the room to structure the debate.
ID_JOJGSY,"Ironically, the farmers belonged to an organization which Mr. Joseph formed."
ID_IDCKLW,They have passed out at the scene and you have other people carrying on.
ID_UOYIFB,"As you know, maybe you don't know, the pier, the tourist ship pier in Fredrickstead was damaged."
ID_CCKLPW,Two backbenchers in the British House of Commons have advocated that Caribbean countries which choose to hang murderers should not be able to receive British aid.
ID_TCJOBA,Mike Gatting will lead a squad that includes nine players who took part in the current series on tours of South Africa over the next two winters.
ID_LWYHHI,The Commonwealth Development Corporation denies placing profit ahead of development and why Haiti is a difficult place for democracy to take root.
ID_REAANT,Lisandro Perez is the director of the Cuban Research Institute at Florida International University in Miami.
ID_YMJYJJ,A spokesman for the businessmen said they were appalled at the conditions they saw.
ID_GQSBEG,A new government at Ten Downing Street.
ID_PJLCRI,Hardest hit has been the Dominican Republic.
ID_YWAGFK,I'm Bertram Niles and this is BBC Caribbean Report.
ID_JINDXA,which is why I'm so confident that this is going to go nowhere.
ID_ODIPIZ,"And what he seems to be doing is hanging on to power, merely because he might have a secret agenda as to who ought to be succeeding him."
ID_CTMHUA,"From London, BBC Caribbean Report."
ID_UWMXDJ,A defiant President Arthur Robinson cites preservation of the state for his stand against the decision by Prime Minister Basdeo Pandey and Liat Pilots' Wungon strike after successful mediation talks.
ID_HSUWGT,"So then as far as Curacao and Aruba are concerned now, and also the Dutch officials based in The Hague, between now and June is more of a cooling-off period."
ID_MNRRWT,but the detective who rearrested him less than a month later.
ID_JQDXYO,The huge fire the day before left only rubble and smoldering debris.
ID_MUPXZL,"But I haven't been to the southern part of the island, and I couldn't really verify that."
ID_EKNNPF,"Join us at eleven oh five, eleven fifteen and twelve ten GMT for our next morning programs."
ID_BTHGNQ,"involving the Speaker of the House, very badly indeed."
ID_HXORUF,"Louie, you were in Parliament when the opposition walked out."
ID_FCXQLA,"But in any case, they said Nigeria couldn't participate in Commonwealth meetings while it was suspended."
ID_DQBSHF,He isn't siding with his junior council.
ID_OWJEID,and the World Trade Organization has recognized this.
ID_LTNZAH,"In a special address to Parliament, Mr Manning urged restraint from the Labour movement."
ID_HPQYBD,Questions are being raised about a visit to St.
ID_IGUBAP,"No, I'm afraid that it still is preoccupying them."
ID_BFRHKF,I'm Ken Richards and this is BBC Caribbean Report.
ID_ZDJYSY,"He eventually joined forces with the opposition Angola National Alliance, leaving Hughes' administration with only three of the seven elected seats in the Assembly."
ID_HICYOS,I'm Jessica Robertson saying goodbye from London.
ID_RWAERE,Jamaican Prime Minister Michael Manley with yesterday's announcement of his decision to retire.
ID_PVWDOG,It may not be cheaper to contract at all because we have been meeting with the corporation.
ID_PSQMWS,"The UDP coalition held sixteen of the twenty-nine seats in the last parliament, while the PUP's narrow defeat five years ago was only its second since the party was founded almost half a century ago."
ID_XDYXJP,That's a question I put to Caribbean Reports' Mikey Bruni.
ID_ODUQYQ,I'm Mike Jarvis and this is BBC Caribbean Report.
ID_RVMCRC,"The meeting, which ends tomorrow, is being held in the midst of Dominica's preparations for next Monday's general elections."
ID_RRQWLP,The question being asked now is how does the PNC participate in a parliamentary process to discuss laws which have to be signed by the President who they regard as illegal.
ID_NWSZQA,"From London, BBC Caribbean Report."
ID_CHKOGZ,"When Deputy Superintendent Julian of Fox Hill Prison was recalled to the stand,"
ID_FYCOGV,reducing or eliminating a lot of the benefits enjoyed by civil servants.
ID_GDVJHM,"I'm Hugh Crosskill, and this is BBC Caribbean Report."
ID_OPJOCU,It has been said that the National Front government is only relevant in the times of war.
ID_OEONXG,"United States President-elect Bill Clinton says he plans to change American policy towards Haitian boat people, but he did not immediately specify exactly how he would change the policy which treats most Haitian boat people as economic and not political refugees."
ID_XXCMGP,"The Chief Elections Officer and the Chairman of the Elections Commission are named as respondents, along with the leaders of the five political parties represented in the National Assembly."
ID_UWQKCZ,Hurricane Lily expected to slam into Cuba overnight.
ID_HXKEIQ,"Mike Moore, the new Director General, is very aware of the needs of the least developed countries, and he has insisted very much."
ID_OPRHUY,"In today's program, we focus on the observance of the five hundredth anniversary of Columbus's unplanned arrival in the Caribbean."
ID_YJUJCM,"Martin well, up to this point at least, as protective material placed on several properties were not all removed."
ID_JFRPAD,"The Prime Ministers will be hearing from the smaller parties in Guyana that the agreement, the Herdmanston Accord, excluded them."
ID_LHJXVX,"Attempts have been made to pin the blame on the opposition parties, which have been calling for Mr. Byrd's resignation."
ID_CULGBH,and how prepared is the Caribbean for the global trade negotiations in Seattle later this year.
ID_DVLZKL,"From London, BBC Caribbean Report."
ID_KXJHNY,"You say you're not a banana-producing country, but we heard of the plans to export as much as one hundred and six thousand tons of bananas to Europe by nineteen ninety-two."
ID_VGEQXZ,"State Department defends its decision to ease a trade embargo on Haiti, and the Pan-American Health Organization says an outbreak of cholera in the region is inevitable, but there's no need to panic."
ID_WDSBRS,Thousands of mourners watched as divers searched for the remains of the passengers trapped in the sunken ferry.
ID_RDGHYY,"However, you know, it's two very different cultures."
ID_ATGUKO,The report quoted the group as saying the weapons would be used to bomb American and British interests in Trinidad and Tobago if the U.S.
ID_YLTXQF,"Since his ouster last September, a flurry of diplomatic activity brokered by the Organization of American States has failed to take Haiti out of its political inertia."
ID_WKSDZI,"According to official sources, armed groups located in the interior are planning attacks in the capital Paramaribo in an attempt to destabilize Suriname's political situation."
ID_PNSWOJ,but they wanted to set a pattern of annual reduction.
ID_JEIGZD,I'm Oren Gordon and this is BBC Caribbean Report.
ID_ELCOIS,"But I think that the misconceptions that were formulated overseas as a result of this accident ought now to be removed, and trading relations with Guyana and those countries who unilaterally imposed those bans ought to now correct the situation."
ID_DDNAFD,A sharp reaction from Caribbean ambassadors to a new bill to discourage contact with Cuba.
ID_QJASIL,Tony Fraser has been examining the US Manning courtship.
ID_KFLTQH,in the education system in a number of our countries so as to ensure that our people are better repositioned to meet the challenges of globalization.
ID_RJFGHP,Private sector leaders from across the Caribbean have backed a call for the establishment of an economic and social advisory group as a permanent part of the regional integration structure.
ID_HEEQOE,But Creole does permeate all aspects of life in St.
ID_CEGVMO,"the Secretary of State's explanation that they didn't think that if they were to export bananas paying the twenty percent tariff that that would cause any harm, was this ever your understanding prior to Lome's signing?"
ID_FMJWLP,ever before in the history of this country any tourist being killed.
ID_RYHYJH,"From London, this is BBC Caribbean Report."
ID_RBKMEP,That's a question I put to the DLP leader.
ID_DCXYMH,but the opposition walk-off this afternoon may have effectively put an end to the motion.
ID_INMLBK,A showdown looming between the authorities in Montserrat and residents of the central community of Salem and an unexpected development in Cuba in the trial of American Walter Vandiver.
ID_JRJMNI,The debate on the future of CARICOM continues.
ID_RVTXFR,He also announced that cooperation between the two countries will be expanded to the fields of agriculture and construction.
ID_LHTSDH,"I'm Hugh Crosskill, and this is BBC Caribbean Report."
ID_HMLYLV,"Hours after the Senate voted seven to seven not to approve the legislation, which Senate Post Auditor Campbell Malone termed a very bad idea."
ID_IQKBHF,Cuba steps up its efforts to attract investment from Britain.
ID_SCMHQH,Hello and welcome to this special Good Friday edition of BBC Caribbean Report.
ID_BTDBTV,There's a number of things that we look at when we exempt a country from the visa requirement.
ID_BRSJZM,"Lusian Prime Minister Kenny Anthony's visit to Guyana to jump-start the peace process, and a murder of a well-known Jamaican politician and businesswoman sets off some heated debate."
ID_YJVDWW,"They tend to believe that recognizing the importance of those elections, a lot of people will want to cast their vote."
ID_AXODIJ,"Many have heeded the warning, but some are finding it difficult to wrench themselves away."
ID_RSVJVG,"Few Americans want to travel anywhere, so CARICOM leaders agreed to spend US dollars promoting the Caribbean in their biggest market, the United States, and then Europe."
ID_XDYROI,Former South African President de Klerk wants both sides of the banana issue addressed.
ID_LDTOFD,"According to him, Britain is perfectly poised to deal with the changing nature of foreign policy because of a series of fundamental developments."
ID_SFOWDG,"The latest development has drawn strong condemnation from the opposition Jamaica Labour Party leader Edward Siaga, who in recent days has been expressing concern about the readiness of the electoral machinery to deal with Tuesday's elections."
ID_VMHDME,I'm Ben Mead and this is BBC Caribbean Report.
ID_JEQATI,for a registered nurse from nineteen hundred dollars to approximately
ID_ASGWLF,The IWC has already have a monitorium where every country that is doing whaling has an opportunity to have a specific quota.
ID_ILDAIA,"The FATF last year identified fifteen territories, including five in the Caribbean, as having inadequate legal enforcement."
ID_HXSQOK,talks in Suriname to rebuild the governing coalition now that the government is in a minority.
ID_LKEUWH,The parliamentarians argue that they can't leave without replacements as this would hand more power to President René Préval.
ID_ZXVBZZ,News of the Jonestown massacre unfolded gradually before a shocked world.
ID_KDJHUQ,But have they or haven't they lost market share as a result of a policy that disadvantaged them?
ID_MBNLCY,The Helms-Burton law is aimed at preventing foreign companies operating in Cuba from using the confiscated property of Americans.
ID_OLVMWG,We are interested in having a level playing field in terms of the regulatory environment and so on.
ID_QDKYMC,The committee is made up of all the parties represented in the Guyana Parliament.
ID_SWSICA,Antigua's Home Affairs Minister says the country's drug abuse problem is worse than some people want to admit.
ID_NYPSPM,"When I spoke, there was supposed to have been a meeting, and that meeting didn't come up."
ID_JVZLJR,What I would say is that the Privy Council has certainly cleared the way.
ID_YNHFUB,Ask Mr. Robinson why he did not stick with the constitutional provisions and comply with the wishes of the Prime Minister.
ID_FVMCYQ,The United Workers Party of Edison James is contesting all twenty-one seats at stake.
ID_FVQWUJ,"From London, BBC Caribbean Report."
ID_LPXIMS,And Belize's Prime Minister says he wants a clear picture from Guatemala on its policy towards his country.
ID_NTDKFT,"In addition, they fear that the community's drive to open its market to Eastern European goods..."
ID_GNAJOX,"But Mr. Trotman warns that unless the matter is clarified, the effort could be futile."
ID_QRMQVF,Back now to George Rush in Hamilton.
ID_DNJPBJ,"Amidst opposition allegations that violence is being orchestrated by the governing PNP, Prime Minister PJ Paterson has offered to hold talks on the situation."
ID_FUIGMT,Haiti has not been governed effectively for a year and a half.
ID_RDPNRW,"Some of the areas being mentioned are Salem, St."
ID_DKGIKQ,nominee of the People's Progressive Party ought to be declared the president.
ID_GOFCKF,And the government and people of the Dominican Republic mourn the passing of Francisco Peña Gomez.
ID_RQODRM,Disagreement in Guyana over a new timber-related pact and black voter registration apathy ahead of Britain's general elections now less than a month away.
ID_GCFMIL,I'm Bertram Niles and this is BBC Caribbean Report.
ID_SMBVON,but one group did claim that a high number of people remained unregistered right up to polling day.
ID_IWMQGC,"The BBC's Claire Dool told me that after two days of talks, the trade ministers are as far apart as ever on the agenda for a new round of global trade talks."
ID_ZQCRMY,"I'm Hugh Crosskill, and this is BBC Caribbean Report."
ID_XVQPEG,Many of the certified reports have been incorrectly calculated.
ID_CNDBAE,"Saddam isn't a schoolboy, he isn't naughty, he isn't..."
ID_KQAEWM,"However, it claims that the president insulted a major section of the national community when he claimed that his decision was based on moral and spiritual values."
ID_ZBOXZH,"From London, BBC Caribbean Report."
ID_BZFHPU,"D.K. Duncan, a former PNP General Secretary and field manager for Miss Simpson, told Gary Allen that his group is meeting this evening over the alleged irregularities."
ID_MWAQYH,"Luce, Trade Minister Hugh Marshall, Public Works Minister Eustace Cochrane, Mr Robin Yearwood, the Minister of Public Utilities and Aviation, and Junior Ministers Henderson Simon and Joseph Mayers."
ID_SVORAU,"We are here at election time, and to the extent that Mr. Douglas discussed with them campaign funding to assist him to get in government, which would mean that once he got in government, he would have an obligation to them."
ID_ANOHSL,"The United Nations General Assembly stood in silent tribute today to Julius Nyerere, who led Tanzania to independence."
ID_SMSMIM,"But last night, National Security Minister KD Knight warned demonstrators that looting and blocking the roads were illegal and would not be tolerated."
ID_CQPIYV,"are currently very concerned over the prospect of job losses and hard economic times that the Lieutenant Governor and several of the commissioners have been talking about, came out today, joined the official government cleanup crews, and started cleaning up Front Street."
ID_LWSMKT,"Michael, was there any sign of the trouble that had been feared at this funeral service?"
ID_XLVZPF,"The United States moves the goalposts on conditions for the removal of the thirty-year embargo against Cuba, and Caribbean offshore banks praise for cleaning up the image of a money-launderer's paradise."
ID_XYPBFD,"So we are the ones to take the lead in promoting the closest possible relationship, including associate membership."
ID_SGDKKY,The other thing which I must say before I answer your question directly is that Baghdad is a very closed place.
ID_HCTRVJ,"Their delegates, including Caribbean ambassadors, will have the option of voicing their opinions on the Secretary-General issue."
ID_WEJOSR,"What of the joint venture loan that is being paid back by Wibdeco and the Wynwood Islands, what continued role does the SLBC have as far as that is concerned?"
ID_DSFMLN,"According to several testimonies published in the Dominican press, several babies have been bought before birth."
ID_XEBOQT,That conversation was missing from the official police statement he had dictated and signed.
ID_EVORLP,Advice for the West Indies team after its third test loss?
ID_MJQIJA,"From an economic point of view, the risks are even greater because the private sector thrives on stability and continuity."
ID_QNFRXT,But parliamentary approval is being seen as giving the green light to provide that final approval.
ID_JESXQJ,"But in addition to that, we have been concerned for some time that the human rights violations in Guyana seem to be entered into without too much forethought, and this distresses me."
ID_BVDSGT,"From London, BBC Caribbean Report."
ID_LSJFXL,Barbadians are on the alert for elections this year.
ID_KBCBWF,Reports say at least eight people were killed in the palace assault and resulted in mob violence in the streets of the capital and other cities.
ID_OZGHRE,They immediately sprayed him with bullets and then turned their guns on the policeman who was guarding Bunny Lee.
ID_ZQMMWT,"World Union of Guyanese for Democracy, a fairly grand-sounding title."
ID_DUJGTA,"Some of the scenes were very reminiscent of last January, when widespread rioting and racial attacks took place in Georgetown."
ID_BAWXKH,"The Buftons were sole occupants of Guyana Island, which the government wanted to convert into a tourist resort."
ID_LCXPAN,If they leave me to the Conservatives...
ID_CPARLB,"In Nassau and in London, the government reacted to a story that was splashed across the pages of the British papers."
ID_ZIEUKG,"Guyana prepares to swear in its new president, Chedi Jagan."
ID_BLDASL,She had to withdraw from a meet in Germany at the weekend after a number of athletes threatened to withdraw if she competed.
ID_HPHZOL,The executive of the Trinidad Island-wide Cane Farmers Association will on Thursday meet with the Agriculture Minister in the hope of settling the old debt.
ID_TZHZSX,"With her untimely death and Elian's father being in Cuba, the relatives that Elian lives with have become his voice."
ID_JZXUBW,There is some future for the Windward Islands.
ID_NARZPH,He says Prime Minister Pandey also gave the public the impression that the matter had been settled.
ID_EMYRLI,European ministers have announced possible retaliatory measures to be taken against the United States if it goes ahead with further plans to penalize foreign companies to do business with Cuba.
ID_XHASKF,"Trinbren Lestrade, who officially quits as head of the OECS Secretariat at the end of May,"
ID_BMSNGT,Trinidadian journalists take to the streets to defend press freedom.
ID_YYKRDE,"steps, first steps were taken to declare this movement a political party."
ID_LYNSXM,"The working session of the Association of Caribbean Community Parliamentarians got underway today, but was immediately bogged down early in procedural matters."
ID_DJZSKP,Jamaican-born Johnson was giving evidence at the Canadian inquiry into drug use in sport.
ID_OTPIUR,"Not only is the government not bowing to the pressure, but Cabinet today instructed the Minister of Health to fill all vacancies in the public health system for doctors."
ID_PCMOZB,"In an address to teachers from throughout the region, St."
ID_OCREYN,Latin American leaders warn of a possible global economic crisis and the Caribbean countries cited in growing child prostitution schemes.
ID_OHZDTP,"The presiding judge at the Canadian inquiry adds his comments to the testimony of Ben Johnson's coach, and the spirit of the Caribbean enters Britain's comic relief."
ID_KJDTHT,Let me just say that no decision has been reached.
ID_ETJVKG,"JMS Southampton Commander Keith Winstanley and Britain's Overseas Development Agency, the ODA, met this morning in London to work out plans for a total evacuation if necessary."
ID_ZRXMDA,Opposition leader Edward Siaga also announced that his Jamaica Labour Party will not take part in any poll until electoral reform takes place.
ID_WVRHRR,But then that is why it has come as such a surprise to Caribbean leaders to hear that you're planning to export over a hundred thousand tons to Europe by nineteen ninety-two.
ID_CESQTI,A Vincentian woman denied permission to join her ailing husband in Britain.
ID_EFKDFA,Mr. Siaga claims that the only dissent from within the party are from a few members pursuing their own interests.
ID_CUCQTL,Antigua's election candidates formalize their bid for office.
ID_OBCGPZ,Mr. Balaguer of the Social Christian Reformist Party and Enulo Medina of the governing Dominican Liberation Party have roughly twenty-five percent each.
ID_HOKZLD,"From London, BBC Caribbean Report."
ID_DTPGPE,"The fact is that we have done certain substantial steps that we have taken, but..."
ID_AXPECB,I'm Moya Thomas and this is BBC Caribbean Report.
ID_ZZAYFC,"Also on the extensive agenda is the ongoing crisis in Haiti, the drug trade, and the creation of a Caribbean Court of Justice."
ID_JAEDVQ,This is Geraldine Coughlan for BBC Caribbean Report.
ID_QELVAV,We're just appalled at all the assertion.
ID_PKQMOV,"Given that, do you think that this summit, which has just ended, was a good one for President Castro and the ongoing propaganda battle with the United States?"
ID_OZROKG,Attorney General Errol Court has promised to crack down on illegal guns.
ID_CGLFXY,"in the election yesterday, which represents a very, very small percentage."
ID_XXYEPG,St Lucia's opposition leader battling for his political survival amid allegations about his personal life.
ID_EMUQVQ,"Mexican President Ernesto Zedillo said in Havana that Cubans have the right to give opinions, the freedom to meet to dissent, and the right to choose."
ID_CWCBNB,"From London, BBC Caribbean Report."
ID_USQTMD,Trinidad and Tobago strongly protests shooting incident in the Gulf of Paria.
ID_BHZLVI,"Local council leaders had warned the boxer not to visit Brixton as he was not welcome, but as our correspondent Adam Minot reports, that simply wasn't the case."
ID_TGXFHJ,and the former Antiguan leader of the Abird Senior said to be gravely ill in hospital.
ID_YAZFON,A chorus of joylessness rises up to drown out the very joy.
ID_XXPQZB,"Certainly, and they're anxious to get rid of communism in all its forms."
ID_RLLUOX,The Parliamentary Committee was set up to try to get national consensus on solving the problems facing the vital industry.
ID_DGRUQU,These bomb threats are now taken much more seriously since the fire which destroyed part of the Ministry of Finance yesterday.
ID_BZISNV,"which are administered by various governments in various different ways, not necessarily consistent with any fixed regional policy."
ID_IUIPER,America announces new measures to Cubans while trying to bypass the Cuban government.
ID_DXHRYU,GMC says its operations in what's a fairly minority route for the company are proving not economically workable.
ID_BDLFMU,"provisions to be able to arrive to the different places where people have seeked refuge, but we're trying to establish an air bridge to be able to provide them with the basics. Other damages account for houses, we have lost approximately two hundred and fifty houses, private houses, and the productive sector, which is..."
ID_YXTOVX,But here are seats which normally which would have been sold to passengers or potential passengers.
ID_GDRXRX,"News of an apparent increase in the frequency and intensity of the earthquakes in southern Dominica follow more than three years of volcanic activity on Montserrat, a smaller island further north in the Leeward Islands."
ID_QAQOGB,"The way in which we intend to go about it, first of all, involves the CARICOM countries looking at the idea a little more to flesh it out and to enter into consultation with the potential member states and to see..."
ID_LWIVHO,but it seems that the party's election route last year has unhinged that arrangement.
ID_LSWXQJ,I asked him if the people affected managed to settle their claims before ING withdrew.
ID_PRJZFN,Mr. Fuentes went a step further and publicly criticized the president for granting a pardon to the Puerto Rican nationalists last month.
ID_RQIMWB,"The sixty members of the delegation include businessmen, members of parliament and government observers."
ID_SKCRZT,"Well, the director of the World Development Movement is Barry Coates."
ID_FDYOMU,"In effect, the two TCCB representatives to the ICC have been given the task of judging the temperature of Monday's meeting at Lourdes and voting accordingly so as to cause minimum damage to English cricket."
ID_BNUYNY,"At a special launch at the Royal Antiguan Resort, Prime Minister Lester Burda told ALP supporters that the policy document reflects eighteen months of consultations with several interest groups within the country."
ID_JGLPIL,"He moved to Spain after the nineteen eighty-nine collapse of his business group Quintex, but now faces possible expulsion from the Spanish resort of Mallorca."
ID_EMDDIM,He says that recent reports criticising some aspects of offshore banking need to be taken on board by Caribbean countries whether they like it or not.
ID_FJNMPI,is committed to working towards a WTO-consistent solution which would continue to give Caribbean countries market access to Europe.
ID_BCRKCV,Neil Durkin of Amnesty International.
ID_KMFDHZ,Insurance official Geoffrey Jennings-Clack.
ID_TKHIWW,"Health concerns are becoming more acute on Montserrat, with fears of tuberculosis and dengue fever outbreaks."
ID_GQQAHY,"I mean, what sort of government would you like to see elected?"
ID_NHLXMD,The Dominican Republic don't believe that the protected market will last forever and therefore the future has to build on modern techniques and...
ID_IMQWBS,The opposition Unity Labour Party is demanding fresh elections.
ID_RPCWFM,"Virgin Islands were stunned at the announcement that the person they knew as Jimmy the Juice, who sold fruit drinks at a local scenic overlook..."
ID_SMCKSR,The parties wind down their campaigning for Bermuda's general election.
ID_PXVJYZ,"From London, BBC Caribbean Report."
ID_WJAQLZ,"Well, hopefully he wouldn't be as punt drunk as so many boxers have been and have retained only to embarrass themselves."
ID_THQVXM,I think it's an up to fifteen month period after a panel ruling is made during which the defendant country is supposed to change its policies to come into compliance with the panel ruling.
ID_IXSNEG,There's a vigorous debate over press freedom in Grenada after the arrest of the editor of the weekly newspaper Grenada Today.
ID_XWTISP,"Communist Party leader René Theodore could be Haiti's next president, after all."
ID_EINCQS,"Well, W.E. hasn't used the word a major disaster yet."
ID_VGUCWW,"From London, BBC Caribbean Report."
ID_MYLUGB,The Venezuelan Ministry of Foreign Affairs said the flights were part of a salute to their soldiers posted at their frontiers and were not intended as non-friendly signals.
ID_AMZZFC,"One man who won't be going is Vernon Brush, whose son, also named Vernon, was one of the victims of the Phantom disaster."
ID_QKXBBB,"It is a matter that we had reached agreement in principle on before as an executive, but we had to wait until something was done which suggested that the Prime Minister would in fact attempt to legislate this wages cut."
ID_HXMDWL,"Well, quite frankly, it was taking very much by surprise that I was asking for this of the darling newer bro."
ID_RMHISL,"But as we reported last week, the registration problems could lead to yet more delays in the elections."
ID_UOCZDC,"From London, BBC Caribbean Report."
ID_KPMZAF,All of these have been working on state-run sugarcane plantations.
ID_LGFIWJ,"They are really, it's reported in Haiti, and I was there last week,"
ID_XDAVJD,"Well, joining me now live on the line from Port of Spain is correspondent Tony Fraser."
ID_IGDYTG,"The truth of the matter is, however, that the immigration order was not firm, and they have brought discretion as to when the appropriate time would be to return the boy to his father, and they may want to get a federal court to make that ruling."
ID_XSZTRA,"Well, reaction to Operation Able Manor has been mixed."
ID_ENEIID,"the Prime Minister, has conferred with him and will be conferring with him further tomorrow and has written to him."
ID_OSSMBR,"Having gotten wind of that, then the police commissioner, who has to give permission for any gathering of the police officers, he issued a statement making it clear that he had given no permission for that to happen."
ID_FDJBMJ,What would you like to have seen CARICOM governments do then?
ID_UCXVST,I think that the agreement in principle...
ID_LXHUZC,What capacity is Mr. Jagdeo attending this meeting and what capacity I am attending?
ID_GFZLKU,The European community has voted unanimously for a peacekeeping force to be sent to Haiti to safeguard efforts to restore democracy there.
ID_BFEHEW,"It's about thirty miles off of one of the islands there, and we're just kind of waiting to see what kind of rains we're going to get and if it's going to move off and come toward us more directly."
ID_VCDDRP,Montserrat tallies the cost of the latest volcanic eruption.
ID_QNLSGQ,"Caribbean community leaders are back home from what some of them describe as an historic summit in Georgetown, Guyana."
ID_TKVEWX,Former Barbados Prime Minister Erskine Sandiford today stoutly defended his controversial idea for a CARICOM Assembly of Parliamentarians.
ID_NDTUAW,Calm prevailed in most areas of the country today.
ID_EBQPSZ,I'm Oren Gordon and this is BBC Caribbean Report.
ID_FNKBQG,has evolved in those twenty years by listening maybe to the production of the track.
ID_GGVDMM,"That's a view of the Chairman of the West Indies Selectors, Mike Finlay."
ID_QVFOCN,A party disciplinary committee appointed by Mr. Hoyt...
ID_YMNJXB,Trinidad's health crisis worsens as doctors stay of the job and the England cricket team's heading for Zimbabwe over the objections of the British government.
ID_NQKHGU,and a sentry from Richie Richardson boost the West Indies spirits in the last game before the first test.
ID_UYUCDT,"Those who believe, it's a gesture that's come too late."
ID_AMVGZQ,"So the last two or three days of this election are extremely critical, have to be done well, in order to build faith among the average Guyanese that it is their election."
ID_ZXPRBS,"Several Central American countries bordering the Caribbean coast, including Belize, are on high alert as one of the worst hurricanes on record in the Atlantic Basin takes aim."
ID_UREOHB,"In the Bahamas, lawyers for one of the two men scheduled to hang next Tuesday, John Higgs, are trying to get a stay of execution."
ID_IYFRTI,"Political observers in Belize say the main campaign issues have been the economy, private investment and education."
ID_SPPBUY,St Vincent and the Grenadines has now joined Antigua and Barbuda in writing the OECD to ask for a meeting to consider the future of the OECD crackdown.
ID_BHCMBO,"Mr. Wilson, a thirty-six-year-old first-time MP, was chosen to lead the UWP in the House of Assembly after it gained just three seats in the last election."
ID_YMRGBM,The announcement was made in Strasbourg from where David Eads reports.
ID_HTDRBT,"By virtue of the powers conferred upon me as Prime Minister of Jamaica, Election Day..."
ID_ABAAAN,"Many will be going about their businesses as usual, but this anniversary, the second, will be remembered for many a year."
ID_KOBKIJ,"As we hear from Gary Allen in Kingston, the strike by the nurses which has virtually crippled Jamaica's health service is the culmination of a long-running dispute dating back some thirteen months."
ID_YOTGSN,Our source said it's likely that the ladies will try to squeeze in a meeting with officials of the Clinton administration around the time they'll be in New York.
ID_PIOQLV,Do these flexibility mechanisms offer anything that will help?
ID_PLIUYB,"Kitsunevis had been one of amelioration, one of..."
ID_EDLIHO,I'm Oren Gordon and this is BBC Caribbean Report.
ID_KQKQJP,"Bishop Gomez says the war is not a just one, and he maintains that sanctions should have been given a longer time to work."
ID_IDTYKI,"You know, there are severe rumors that there is some..."
ID_FMGFMO,"Well, we put in a bid and the due diligence process has been carried out."
ID_JGKAZV,"Mr. Salver contested the general election while head of that organization, having been appointed to his post by the corporation subject to the minister's approval."
ID_QNORIT,The authorities show little to no reaction to criticism of their failing laissez-faire policies.
ID_IGFQQJ,"The uproar over the election of a gay Anglican bishop continues with more reaction from Caribbean, Anglican and other religious communities."
ID_VASMIL,"They're saying all the honest question of support for farmers, that has to be identified clearly because farmers don't have..."
ID_CQSNOQ,"When you have protesters confronting police, two policemen were sprayed with mace."
ID_NKKQOZ,"No, I'm sure there's nothing we can do."
ID_DXEIHH,But Caribbean report understands that the religious leaders will write to the president.
ID_SVPSTT,the twelfth and on july the thirtieth which is only three weeks after the alleged positive test makes it very questionable to to her and to the people around her that know her well that this is something that certainly has to be investigated and the truth has to be found and she will she will fight for that
ID_YLMXWX,"On one side of the fence, Mrs. Clark's supporters argue she should not be denied the right to run."
ID_DPRYZA,Pakistan won Group B with eight points.
ID_PQLTON,"Lucian Prime Minister Kenny Anthony, who this week spilled the bins on how much some individual countries owe, has reiterated he won't resume payments to the Castries-based secretariat unless other leaders wipe out their arrears."
ID_VBUFCZ,So I think he's looking for cosmetic changes rather than any serious ones.
ID_UOZZPE,The judge ruled in favor of the men's arguments that it was unconstitutional for them to serve multiple fifteen-year sentences for manslaughter consecutively.
ID_LMKYBE,"Over the last seven to two hours, former Prime Minister A.N.R."
ID_PPJQAG,"Mr. Kiwi Tang and a former National Security Minister, Russell Huggings, and head of the construction firm Ish Galbaran Singh, plus three other business associates, have been charged with corruption in the construction of the one-point..."
ID_DRONXR,It's a very dangerous and slippery slope for a dictator to go down.
ID_XTHONE,"with the popular revindications, that is to say, justice, security, and I will also add the judgment of the criminals that are accused of crimes against the state."
ID_QMXBSD,"There is no real opposition, then, to the decrees of a..."
ID_LBBKVR,"And for some unknown reason, we keep playing them all the time."
ID_RLTOKY,"Based on this recommendation, CARICOM Chairman Patrick Manning yesterday appointed Mr Manley to the new post."
ID_VMUHVY,Chelston Lee reports on the ruling by Justice Euphraim judges and Dr. Court's reaction.
ID_OQNUGZ,"On Monday, at a press conference, Aristide said he was more confident than ever of victory next Sunday."
ID_DDKCTP,they have twenty-one days within which to challenge that classification.
ID_YLKCNO,Antigua in a fog over the leadership crisis.
ID_JFUMHZ,"The ACP is a rather diverse region, if you can call it that, diverse grouping of countries."
ID_ASMATR,"He helped establish Guyana's first political party, the People's Progressive Party, in nineteen fifty."
ID_XOEVEN,The economic summit here next month is being billed as one that will focus exclusively on reversing the economic decline among CARICOM member states.
ID_AZEIVB,Ethnics Surinamese living in the Netherlands are reportedly taking large sums of cash in suitcases to invest back home.
ID_WAAKIW,I'm Jessica Robertson and you're listening to BBC Caribbean Report.
ID_EGBHZD,"From London, BBC Caribbean Report."
ID_XKQFLU,A six-year-old child cannot on his own...
ID_OKJCBC,"Since the crashes, Club Med won't automatically book the clients on Cabana."
ID_WVASCL,And this state of siege will help clean up.
ID_ZLKJBD,Hurricane Floyd batters the Bahamas.
ID_ELKGXE,"Washington has retaliated by expelling a Cuban diplomat of equal rank, Jose Ponce, from Cuba's interest section there."
ID_IGCZFF,"Well, I agree, but I also hope that the leaders would, as leaders, give serious thought to what they're asking of their people and give leadership at the end of the day."
ID_PDCJRA,"Because as you know, Mr. Lafontaine was one of the values..."
ID_JLIFXQ,"From London, BBC Caribbean Report."
ID_ISVDJB,I'm Bertram Niles and this is BBC Caribbean Report.
ID_WOYSKA,Honduras' Finance Minister Gabriel Nunes has called on the country's creditors to declare permanent debt moratorium on the first anniversary of Hurricane Mitch.
ID_JMGEDT,"I'm Hugh Crosskill, and this is BBC Caribbean Report."
ID_EFIWXP,"And the Caribbean has had a head start and, quite frankly, hasn't made use of it."
ID_CSAFMC,I'm Debbie Ransom and this is BBC Caribbean Report.
ID_ULFWGV,"However, Mr. Lunchen says they shouldn't have to wait until Friday to know the final outcome."
ID_ZKVMSJ,"Individuals have been disappointed, and I can understand that."
ID_LBBFTC,Kitts Nevis has reacted angrily to the government's decision to hold an inquiry into alleged fraud and corruption during the PAM's term of office.
ID_UVCOFD,Mr. Merville warned on local radio that plans to replace the existing CEP was a case of Mr. Aristide playing with fire.
ID_CVWULN,There were probably about eight to ten people lying on the beach.
ID_RIHSCB,The report charged the British fruit distribution company Geest with an unwillingness to provide documentation on new shipping arrangements and led to Wynwood Ammon's leaders accusing the company of overcharging for shipping arrangements.
ID_UJWKEB,That means it points to further violence down the road.
ID_JOKYZU,Opposition leader Hoyt claims that the government's land policy is reducing Afro-Guyanese to trespassers.
ID_NPHOGM,their meeting even now.
ID_NOKRJQ,The unrest ended after the party signed a CARICOM-brokered peace accord last month.
ID_IOHLNS,Public hearings into the medical benefits scheme have so far revealed the government did not pay in more than US dollars on behalf of US government workers.
ID_QBIFIM,"The company has started legal proceedings on the grounds that by giving a license to a competitor, TeleBermuda International, it was curtailing the revenue."
ID_XAWTKJ,"He is or could be a kingmaker in all this, yet his own position in his constituency is somewhat weakened by the fact that he was run so close."
ID_WIKZGW,And we are the laughing stock of the Caribbean.
ID_KENNQZ,There are new concerns among Caribbean immigrants in New York about the focus on illegal immigration in the wake of the attacks on America.
ID_CXCBRS,The shiprider maritime drug interdiction agreement the United States is seeking with individual CARICOM member states has prompted renewed calls for the grouping to act as a unit when dealing with major powers like the U.S.
ID_KJBZOL,it would have been extremely difficult for United Nations forces to have been assembled to deal with that kind of situation.
ID_FJLKTO,One of the main tasks of that meeting is to prepare an estimate of the capital and recurrent expenditure for the building and running of the court.
ID_EXCTQF,We are supportive of the United States' announced intentions with respect to seeking out the persons responsible for the terrorist attack and also...
ID_ZXIGUT,The controversial Labor Relations Act was passed last Thursday.
ID_FDSZXT,Of course I'm swayed emotionally.
ID_NKSZDW,Members of the crowd recognized the Tonto Makut and handed him over to the police.
ID_ZTAGYC,"Focusing on the non-banana crops, how is that going to work?"
ID_IACUAQ,"The idea was to force the military to give it up, and instead the embargo is hurting the poor."
ID_KVRSUZ,"But first, this report by Neil Nunes."
ID_JJTXOR,I don't think that any of us have put that into effect yet.
ID_FYVUCR,The European Union today made it clear that it means business and will retaliate if European trade is affected by the tightening of the American embargo on Cuba.
ID_LDMRCB,They attended a conference in Barbados where they went out of their way to explain their agricultural diversification and to demonstrate what they were doing.
ID_JIPZNQ,"From London, BBC Caribbean Report."
ID_PIBVVF,Perhaps Mr. Avril does not understand the diplomatical language.
ID_DEDRAS,Chief of Police Camilo Antonio Nazir has warned protesters that he won't tolerate their actions.
ID_QLQNUI,Only one death has been confirmed and the clearing up process is already underway.
ID_AYIYPT,we will not have an opportunity to use our propaganda.
ID_VPGCCH,And is Dwight York getting special treatment?
ID_BFHIRP,"But our first indications, and also the indications from the Elections and Boundaries Commission, are that the voter turnout so far has been pretty low."
ID_AANKIK,"One of his main aims is to unite British Caribbean dependencies in their approach to regional matters, particularly membership of the Organization of East Caribbean States."
ID_SXHBLO,"From London, BBC Caribbean Report."
ID_LHUMEQ,Cayman Island prison authorities negotiate as two prison officers are taken hostage.
ID_YUHHSJ,"Crosskill, and this is BBC Caribbean Report."
ID_KHUSMI,I'm Oren Gordon and this is BBC Caribbean Report.
ID_XBMIDC,I don't know if Bowen out ungracefully at this time are two things that will go together.
ID_EWLNDB,"I'm not saying he wouldn't, but we already have the Queen and we want to keep him."
ID_ZGFMSI,"Nursing students face the steepest increases, two hundred and nineteen percent, which takes their annual tuition fee to over seventy thousand Jamaican dollars."
ID_QSFFHA,No injuries or damage at this point.
ID_KHQNML,The Caribbean share of cocaine transshipment to Europe increased nearly four-fold between the nineteen nineties and two thousand and one.
ID_NDFDTA,"Now, how will this new development affect regional commuter carrier Liat?"
ID_MAUFTZ,Outstanding issues to be resolved in the final leg of the talks include immigration and improved market access.
ID_ABBYCL,I'm Oren Gordon and this is BBC Caribbean Report.
ID_RHFURZ,But no one anticipated that he would crack down so brutally on the opposition as he's done in the last several days.
ID_UKCFDJ,I am Keith Stonegraves and this is BBC Caribbean Report.
ID_UICTWJ,"Hey, aren't Haitian Democrats as worthy of consideration and the interest of the State Department as their Panamanian counterparts?"
ID_MXGUIE,And there are calls for a former Haitian paramilitary leader to be extradited from the US.
ID_LIXONX,Another reason why the Caribbean has been taken off their agenda is the fact that the regional integration movement continues to be bogged down by what many observers believe is a lack of political will.
ID_ZHBRXT,"Well, the questions on Cuba which are up for consideration really have to do with, not directly with Cuba, but with the composition of the Association of Caribbean States and its membership, and Cuba being one of the Caribbean states that's within the geographical area."
ID_SWRFML,The Guyanese-born Mr. Grant has taken exception to comparisons made in the advert between Mauritius and the Caribbean.
ID_YTILZS,"with the chief, Gramang Songo Aboikoni."
ID_DKUOYD,and on Friday toured major industrial complexes and a defense academy in southern Taiwan.
ID_EWKFDO,"From London, BBC Caribbean Report."
ID_EMGKUI,The Japanese government also promised to donate a modest twenty thousand dollars towards the island's flood relief efforts.
ID_ZYJNUE,He just seems to be like one of those clockwork toys.
ID_JABWAC,"And in this connection, recent industrial unrest and marches in both Trinidad and Tobago on pay and severance issues are understandable."
ID_VDDLBY,"In addition to these groups that are being trained, which are supposed to be the totals of the..."
ID_OBOKAC,He added that Germany was legally wrong when it said that the common regime violated the terms of the special German banana protocol negotiated in nineteen fifty-seven.
ID_BSKSQX,"I'm Hugh Crosskill, and this is BBC Caribbean Report."
ID_BZVXHS,in the context of the current ongoing accommodation between the Dominica Freedom Party and the Dominica Labour Party.
ID_BYGFYO,"From London, BBC Caribbean Report."
ID_VIOXET,The Honourable Prime Minister summoned me to Whitehall today and I met with him and he indicated to me that he informed His Excellency the President.
ID_XECNEB,He is very well respected and liked in Iraq and Jordan and in Arab countries.
ID_YTGOEA,"If it goes to forty and forty-five, believe you me, unless we would have had so much accommodation from..."
ID_EVEXJF,"We are certainly concerned about the reports that we are receiving, and it's very difficult from this distance to determine the truth of the information that we are getting."
ID_KJQNLY,"And with the votes being counted, the three parties in the election race are keeping close tabs on that process as they weigh up their chances of victory at the polls."
ID_SCHDUD,"Both men were convicted in February of nineteen ninety-six for killing four people, two Americans and two Britons, who were holidaying at the time."
ID_AHRFWF,"They may be small islands, but they have a vote in the United Nations."
ID_RGCMCS,And all-inclusive hotels are being called on to adopt ethical tourism measures.
ID_DLFYPS,How healthy a state is the airline in?
ID_EKBNIK,The Caribbean appears isolated on the whaling issue and the West Indies make wee work of Scotland.
ID_KFDCCP,Congress decision to withhold six hundred thousand dollars in economic assistance in an effort to press the Guyana government into holding free and fair elections.
ID_MXXLYU,"And this is the point that the Dutch are insisting on, that the financial situation of the Netherlands and Syriza is chaotic, that government is not proper, and government is not effective."
ID_JDMTAP,The JLP leadership issue is to be decided at the Jamaica Liberal Party conference at the end of this week.
ID_FTLVDT,"From London, BBC Caribbean Report."
ID_FCBZSG,This was the guiding philosophy behind his leadership as president of Tanzania.
ID_JOXXTW,"And the final broad objective of the meeting is we really feel that it is time to re-establish the geographical, the cultural and..."
ID_XGFUTD,An OECS split from the rest of Karakum over the CET is ruled out.
ID_DEVZCX,Another policeman was murdered by gunmen on Mountain View Avenue this morning.
ID_AFXJFF,We have always indicated an independent approach and one which we consider in the interest not only of Trinidad and Tobago but of the region and of the world community.
ID_IYHKVQ,Overwhelming support in Guyana's Parliament for the Constitutional Reform Committee and the debate over television replaced in umpiring heats up once again.
ID_SCBCKJ,Sabah's island government leader concerned about the latest volcanic study.
ID_KFMJCZ,"From London, BBC Caribbean Report."
ID_DPVLAF,Lucia's main insurers says a totally regional reinsurance company might not be easily achieved.
ID_XETSYE,Caribbean report understands that the summit will be postponed because a number of leaders will be unable to attend on that date.
ID_BUCQJZ,"But there was a strange development this week when Puerto Rico's Attorney General, Jose Fuentes, without his government's backing, launched a scathing attack on Mr. Clinton."
ID_WNFHWJ,Barclays and CIBC in merger talks that could lead to the region's biggest bank.
ID_JLYQTC,The government is going to have to deal with increasing momentum of the opposition party.
ID_BQSDRZ,was the only Security Council member to vote against him in a closed session of the Council.
ID_HNYVSR,Tenell McIntosh has pleaded not guilty to the murder of British tourist Joanne Clark.
ID_MPTIEZ,"Haiti's finance minister, who had been at the centre of a row between the country's interim president and its consul of state, has resigned."
ID_CHPWWB,"And that was a little preview there from Gerry Timmons, who's in St George's sorting out the situation, which in fact has been sorted out now, as Grenada definitely has a new Prime Minister."
ID_ZUQJNG,This is BBC Caribbean Report from London.
ID_MCPUDB,Ronnie Brunswick's readiness to resume the peace talks signifies a major breakthrough in the deadlock the peace negotiations reached six months ago.
ID_XUEXBW,Cuban President Fidel Castro called Wednesday's elections for the five hundred eighty-nine members of the island's National Assembly of People's Power a vote of confidence or no confidence in the revolution.
ID_JTWSMI,"As I said, the Prime Minister of Barbados, Owen Arthur, has been identified as the person responsible for the implementation, the complete implementation of our programs to realize the single market and economy."
ID_BKBXRQ,Unknown individuals told him he had a flat tire.
ID_EZZILA,So any failure to reach an agreement on the GATT or require round discussions will severely affect the Caribbean region.
ID_VRKKCX,"But now, it seems as if the institution is in trouble."
ID_SWSFGX,"From London, BBC Caribbean Report."
ID_XYWNEZ,"But Marilyn is raising big fears in islands like Dominica, St."
ID_XLQDVZ,"But we believe that there may be signs that this attitude can change, and we are hopeful that somehow some kind of rapprochement will develop."
ID_YBPSMY,may serve as an inducement to others to facilitate freedom of movement among journalists.
ID_YZSQGZ,"Vincent and the Grenadines, Carlisle Dugan, says he's trying to clarify the issue of his name being linked to an allegedly questionable financial transaction."
ID_HOJELC,He's denying that the practice of repatriating these immigrants is inhumane.
ID_YADQXI,And it's often not the poorest people and often not the majority of the population who end up benefiting.
ID_UZKDPT,"Word just in, the brother of Prime Minister Lester Bird of Antigua has reportedly been shot by his client, one of the residents of the controversial Ghana island."
ID_CBRTAY,BBC Caribbean Report understands that they're wary of the image of bemaddled generals getting up to address their meetings.
ID_ZHOAVT,I am Mike Jarvis and this is BBC Caribbean Report.
ID_RBTKDG,It follows the recent collapse of the central government with a public sector debt of some US dollars.
ID_KSTLRM,Education officials are finally acknowledging that they are worried by the development.
ID_SVKSYA,i think there's several problems but one that the u.s.
ID_KPDBZO,OAS Secretary General Clemente Buenos Suarez told a meeting of the organization's permanent council last night that Wednesday's agreement on Communist Party leader René Theodore as Haiti's Prime Minister was just the first step in the search for a solution.
ID_KTZLOE,"From London, BBC Caribbean Report."
ID_IQMOFD,"The committee investigating the handling of the Montserrat crisis rules out the appointment of a Supremo and from the United States, the tragic end of an unlikely bad boy."
ID_GDHDIA,The Foundation is among Mr Castro's harshest critics and one of the most highly visible exile groups.
ID_HEITNE,"In his speech, he referred to the fact that the Commonwealth ministerial mission chaired by Prime Minister Owen Arthur of Barbados"
ID_YTKBEJ,Virgin Islands Governor Roy Schneider told the population on local radio today that the authorities plan tighter security.
ID_UWEURO,And I would expect that the Jamaican government...
ID_LYKZNW,"If Haiti's new president, Father Jean-Bertrand Aristide, has his way, the new prime minister will be a man cast very much in his own political mould."
ID_SACEBP,The operation comes a day after Mr. Clinton reversed an election campaign pledge to allow Haitian boat people into the US to request political asylum.
ID_QMVWUE,We expected a lot of fan fear because there was so much leading up to this.
ID_YIWXFV,The session today was a very frank one.
ID_QNHPWQ,He's described them as inaccurate and offensive.
ID_UETDEU,"And to test the West Indies' must-win, we look at their attempt at one of the greatest comebacks in cricket history."
ID_DMKQAC,"Yes, it does concern me because I felt that they should have been a little bit more diplomatic and they should have put a greater emphasis on functions."
ID_LFVTCK,took up working class politics as part of their political culture.
ID_ITDOTY,And he was guaranteed that he would not have any trouble here.
ID_BXMLJN,But will they be more than merely cosmetic?
ID_CXQFRQ,The United Nations High Commission for Refugees has expressed disappointment over the United States' decision to deport the ten thousand Haitians being held at the US naval base in Guantanamo Bay.
ID_WMJOCM,Congress instructed the Voice of America to avoid interfering with regular Cuban television transmission.
ID_SFBJNM,"Afterwards, a rally was held at which those concerns were raised."
ID_AGTJGC,"The body of twenty-four-year-old Joanne Clark was discovered Saturday, a day after she'd gone missing."
ID_VSNFGF,"But beyond that, we are very anxious to do everything that we can to encourage the consumption of Caribbean bananas here in the United Kingdom."
ID_KFFXUI,"Even if they're not, this is something infectious which spreads and spreads rapidly."
ID_BRKYJF,I think any objective assessment of the Dominica situation will tell you that this government has failed.
ID_KNRZSF,The word from the south of the island is that they were...
ID_IPJADS,He told me that there are good historical reasons why Grenada could lose out.
ID_VSIBYI,"Well, correspondent Michael Norton told me that an announcement could be made soon."
ID_UQAXIT,How far have member states reached in implementing that decision?
ID_MXPFJQ,The top aide of President Praval himself is a founding member of this new political party.
ID_PQFFKI,details of which were made available to the press by State Department staffer Mark Morrie.
ID_OMWZRZ,"But both he and Rudy Pfeiffer insisted that the EEC must make sure that small, independent banana exporters in the region also receive guaranteed access to the EEC market."
ID_EJZWDG,"In Antigua, Taffy Bufton seeks compensation after trial and eviction."
ID_OHIIDX,"The UWP's closest rival, the Dominica Liberal Party, opted to make its presence felt in the Wesley constituency."
ID_CMPJVD,George Worm is to answer a charge of criminal libel brought by the Prime Minister Keith Mitchell.
ID_ETCZKA,"Prime Minister Byrd is yet to publicly react to the Group of Seven's letter calling for his retirement by Thursday, but the streets and telephones of the island have been buzzing with speculation."
ID_QZVVDU,The region's private sector told it has a role to play in battling the illegal drugs trade and confirmation that the CIA kept quiet about frappe plans to kill a Haitian government minister.
ID_BAQLEV,Patients at Trinidad's main hospitals are turned away as doctors stay off the job.
ID_INVCNC,"In Jamaica, hundreds of residents of Western Kingston converge on the island's gun court today in support of community leader Donald Phipps."
ID_OTJUPF,"From London, BBC Caribbean Report."
ID_RLLMTP,"All the CARICOM states should have shown their solidarity with the Greenwood Islands and told President Clinton, look, we will agree with nothing that you want."
ID_JXALQL,"The last time in nineteen sixty-six, Montserrat lived with a long period of rumblings."
ID_DKGXGH,"More than half of that aid was in the form of cheap loans, hardly helpful to a country already struggling with more than four billion dollars in debts."
ID_UOHSAG,"From London, BBC Caribbean Report."
ID_VHYFYX,Day three of the coroner's inquest into the circumstances surrounding last week's apparent suicide of condemned inmate John Higgs while on death watch has unearthed additional contradictions.
ID_YCMDVU,"The ruling party cites in its favor the strides made in tourism and other sectors, claiming that..."
ID_MNHKLP,"From London, BBC Caribbean Report."
ID_SILDFM,I'm Ken Richards and this is BBC Caribbean Report.
ID_YFBMLV,Work resumed in Haiti today to try and recover the bodies of Haitians believed to have drowned after a ferry capsized close to the show at dawn on Monday.
ID_GWVCLM,I'm Ken Richards and this is BBC Caribbean Report.
ID_VVZZBV,I'm Oren Gordon and this is BBC Caribbean Report.
ID_BBDWFA,and a suggestion that Trinidad and Tobago be graduated from third to first world status.
ID_VIQKIG,No one has yet been able to establish with any certainty the volume of the drug trade passing through the region and what percentage of the funds remains behind for the local agents of the South American dealers.
ID_QHSQPL,Dominica's new president being sworn into office and Bahamian government to help in missing plane mystery.
ID_AVUMGR,Ben Johnson's former doctor defends Merlin Otte against charges that she took illegal drugs.
ID_KBBJNU,The ACP preferred ten years.
ID_GMYXIV,But there is mounting consensus that these resources could have an even greater impact on the social and economic condition of the lives of people living in the Caribbean.
ID_YLJPYF,We have agreed to express to them our concern that the approval process is taking too long.
ID_RZXOLA,Haiti's justice minister orders the arrest of Roger Lafontaine and Caribbean environment ministers issue a moral challenge to developed countries.
ID_EPOJJQ,Do you think that it is possible at all that the Caribbean could perhaps formulate some initiative which would perhaps erase the perception held by some that it is just...
ID_XJSHYF,"The treatment involves the use of an anti-AIDS drug, which the ministry says will be administered to pregnant mothers."
ID_SGEOAX,"The harsh prison sentences that have been given out, even to some of Castro's former revolutionary partners, people who've turned democratic on him."
ID_CCYKVT,"Where there was human life, there were derelict buildings and a few rusting abandoned vehicles belonging to its previous sole occupants, the British couple Taffy and Bonnie Bufton, after an incident in which Mr. Bufton is alleged to have shot his lawyer."
ID_BDDJGI,"Seen from the Caribbean perspective, the problem has implications for countries with struggling economies and limited alternatives."
ID_QDRDKD,"What the ACS wants to do is to create a mechanism whereby member states can assist not only in emergency aid in the event of a disaster, but also in economic recovery and infrastructure needs."
ID_OUPXMG,Two death row prisoners in Guyana takes the country's top judge to court.
ID_EYWTXA,We're feeling the discomfort of an enclosed area and a strong sense of foreboding.
ID_FAGJUD,"The Premier of Nevis, Vance Emery, says he is not bothered by CARICOM's lack of support for the vote for secession."
ID_EQFLZP,"Lucia, lawyers for two former prime ministers are claiming victory in what may prove to be a landmark case against the island's commission of inquiry."
ID_TXWAJU,Agricultural companies became the first American firms in four decades to sign trade agreements with Cuba.
ID_UNNEDG,"Invitations were issued to twenty-two parties in CARICOM, but by opening session, only eleven representatives from six countries had turned up."
ID_RGTTLD,The teachers have rejected outright the government's three and three quarter percent pay increase.
ID_PVLJSK,Heads of state have been considering the contents of a report from the Commonwealth Ministerial Action Group which visited Pakistan shortly after the coup.
ID_XVSTJZ,"What the EC Express will do, it will serve as..."
ID_UBPHXU,There had already been much vacillation over the tariff.
ID_JINVUD,"The measures were announced after bus, taxi and truck drivers blocked roads in protest against an increase in motor vehicle license fees."
ID_TWFTUB,"Hanif Hillier, who was due to be executed tomorrow, has won a reprieve from the hangman's rope until at least Tuesday of next week."
ID_YTOFKW,"The NDP was one of the parties concerned about a possible low voter turnout, but former Prime Minister Bernard St-Germain..."
ID_GPHQWZ,I am willing to meet.
ID_PWSLKS,"From London, BBC Caribbean Report."
ID_ZSVGEV,"In an address to the nation, Governor Frank Savage explained that Montserrat was once again in a heightened state of alert."
ID_OTONLD,We cannot fool ourselves that we're ministering to people if we minister to one part which we like to call the soul and forget people in their daily living.
ID_GMIBAJ,She did what she cared about and she loved everyone.
ID_IMTVJQ,At least sixty people have been treated in hospital following the outbreak of food poisoning.
ID_GFFUBO,"three other overseas scientists and seven local staff members, all of whom are fully briefed on the emergency procedures."
ID_QHGDYG,The issue has strained trade relations between the two countries.
ID_OOPDIF,"She did admit that some amount of fraud did take place, or irregularities took place."
ID_AHFNNB,And there was frustration expressed by senior U.S.
ID_FSZCXT,It's a fundamental conflict between the ceremonial and executive arms of the government.
ID_DOWFHK,"Cuban President Fidel Castro was today claiming victory from his one-party elections, but while many of his critics have pointed to the absence of opposition candidates..."
ID_CGPRRE,Nothing is handed on from one election to the other.
ID_TEITMY,"It's being taken to a regulatory board in the United States, the Federal Communications Commission."
ID_BGJUHN,"A peen could have been heard drop as the judge uttered his final words, may the good Lord have mercy on your soul."
ID_TIBQCE,"There was one guy, I don't know if he was a doctor or an EMT, but he was helping one of the sandals crew guys who had some burns on him, was helping him to breathe."
ID_FCJQWR,Many people will be faced with that situation because essentially one of the most overpowering outcome and result of a large-scale natural disaster is that the poor get poorer.
ID_CAXOMZ,Ninety percent of its foreign exchange earnings come from the sector.
ID_UHQJCQ,And the implications of that suspension are detailed out.
ID_ITYKUA,President Desmond White has offered to hold talks with the PCD on condition they appoint a spokesman.
ID_JRLFBN,Jeremy Collymore at Sedera in Barbados and Wycliffe Richardson in Anguilla.
ID_DLQSVN,"Today, the EBC declared that it was listening to the voice of the political leader of the party."
ID_TSAMOH,"In the years since then, anecdotal evidence suggests that crime may have got worse in the region, though no one can say for sure because concrete figures across the region are lacking."
ID_ZXJPFW,Everything about the Elian case has not gone to plan.
ID_PWGVSW,"In Montserrat, a miserable Christmas, but optimism for the New Year following a drop in the level of activity at the Soufriere volcano."
ID_MHDWFN,Haiti's former interim president is no longer under house arrest following US and Venezuelan pressure.
ID_WIPVDI,"Parts of the Central American nation were hit by Hurricane Iris, which packed one hundred and forty mile an hour winds."
ID_YFVJUV,You could hear the sound of glass breaking.
ID_TGYFVQ,And Sri Lanka has got some important questions to answer on press freedom.
ID_BKDVTU,and Amnesty International criticizes Guyana following five state executions last month.
ID_BTMFIK,The first phase of monetary integration will involve the coordination of monetary policies and the movement towards intra-regional currency convertibility.
ID_LRYPJC,I'm Debbie Ransom and this is BBC Caribbean Report.
ID_CTYCKE,Let me say that they were not antagonistic to our call for separation of Nevis from St Kitts.
ID_DKASJX,I would say primarily in places like Barbados this has happened.
ID_IPJJCA,"From London, BBC Caribbean Report."
ID_JYWLNS,So you're saying that the Americans and the Westerners are misreading the situation in Baghdad?
ID_NFDFCU,The government and the IMF team have at least another week before they complete negotiations on the new conditions.
ID_RBHEHM,"Antigua and Barbuda's High Commissioner to London, Ron Sanders, who's leading their team here."
ID_SEEQXO,"The only thing under the human rights issues that Bermuda still maintained was capital punishment, and we've already indicated that we will be sending legislation to abolish that."
ID_YAJHKF,"With Depeau's military dictator, Prosper Avril, now exiled in the United States, the way is cleared for the appointment of an interim president."
ID_CPUBVA,"The rescue plan is an apparent alternative to the Speedwing report, which recommends drastic downsizing of LIAT."
ID_XIPJVW,"As Hugh Crossgill reports, the congressmen are of the view that Caribbean countries are already enjoying more than their fair share of US textile imports."
ID_VYYLHQ,"Professor Larry Burns, head of the Washington-based Council on Western Hemispheric Affairs, sees Operation Able Manor and the Clinton position on Haitian refugees as a public relations disaster."
ID_JEKITE,He thinks the answer to the Caribbean's development lies elsewhere.
ID_RFUQZK,But we should not rule out a very hard-fought campaign over the next two weeks.
ID_ZVUKCB,Congress passed the Cuban Adjustment Act.
ID_UZDRON,Thousands may have died and Caribbean leaders joined the international condemnation of the attack.
ID_ERUQJG,Queen Beatrix has visited the area.
ID_CLNXKH,Organization of Eastern Caribbean states OECS prime ministers remain preoccupied with the problems affecting the region's banana industry.
ID_OLYUVU,Enzo has been engaged and will continue to be in a round of discussions with first the leader of the opposition in the country and then with other representatives.
ID_WPCCFF,Part of her legal weaponry was a report that linked heart abnormalities in Vieques' children.
ID_KHGILW,and lessons for CARICOM from a serious hitch in the European community's integration process.
ID_ZCSOHE,"At the center of the controversy is a proposed development of an Asian village, a resort catering to what has been described as the affluent and previously untapped Asian tourist market."
ID_SKJSKD,"René Préval, a forty-eight-year-old human rights activist, bakery owner and close ally of President Aristide, is expected to be ratified by the Haitian Parliament as the country's new Prime Minister on Thursday."
ID_QOYSWM,What we have in mind is to really get them in actual business activity so that they will want to stay and want to keep their investments.
ID_CUVJVB,The people voted for change.
ID_YOFTTW,"This, they say, is the last thing the island needs."
ID_SWMVZC,"However, in Yahuma, the Trinidad-based Jamaat member said he had nothing to do with the guns."
ID_OSNUOY,"From London, BBC Caribbean Report."
ID_ZOWYIZ,Complete devastation at this point.
ID_ZJPYNO,And Barbados wants an apology for slavery.
ID_CBISON,There was a steady flow to the island's two hundred and fifty polling stations as Matt Peltier reports.
ID_XMNXHR,The principle of minimum force must prevail at all times.
ID_IIEHVC,I'm Ken Richards and this is BBC Caribbean Report.
ID_ZVSBEB,"We can exercise our sovereign right to get out, but you don't have to belong to the WTO for the WTO to find you."
ID_BEKTHZ,"From London, BBC Caribbean Report."
ID_WXGEUL,Demonstrators marched and were arrested outside the New York offices of the U.S.
ID_XYPUTL,Bermuda's ruling party take note of by-election result and calypso controversy in St.
ID_UKFFHI,Amnesty spokeswoman Olivia Streata.
ID_MAEQPK,"And as you said earlier on, the attempts of the government to have that motion debated previously under the Speaker have been deemed unconstitutional and they have been thrown out."
ID_VDXQVB,A new government is set to take charge in the Turks and Caicos Islands.
ID_LYHLWH,"One of the changes they're considering in Brussels is a so-called tariff-only change, the British MEP Glenys Kinnock."
ID_RUAJUI,"Tomorrow, the thorny issue of trade and bananas will be discussed at a meeting between Europe's Trade Commission and the U.S."
ID_VYBEGR,"From London, BBC Caribbean Report."
ID_IOJEJK,Protesting public workers in Guyana take to the streets and Nigeria about to be reinstated into the Commonwealth grouping.
ID_ZQZIQO,This hurricane has been coming out of quite a lot of the Eastern Caribbean now for three or four days.
ID_BSPMZP,"And as the crisis continues in Antigua, a scheduled cabinet meeting called by Prime Minister Byrd failed to come off today."
ID_UHSPBR,It's Mr. Robinson's refusal to do so that has brought the country to the verge of what commentators are describing as a constitutional crisis.
ID_LKSZPN,We felt it and we said it.
ID_BVTPXM,America imposes certain visa restrictions on Guyana.
ID_CVINTT,And I think this point must be affirmed.
ID_DUDRQZ,"The Barbados Manufacturers Association has revealed that a number of local companies are poised to pull out of the country, while others may go out of business altogether."
ID_JUGMAQ,I'm Oren Gordon and this is BBC Caribbean Report.
ID_DSMZCP,The former opposition parties are about to initiate what Mr. Douglas is calling a government of national unity.
ID_GOGEQS,Lucia's government accused of trying to prevent international attention from being focused on a controversial development project.
ID_RSIFBB,"Cuba won't be participating in an April summit of the Americas and Canada, despite CARICOM's disapproval of that exclusion."
ID_VVCJMD,And we are saying a plain no to the government.
ID_BKGAQJ,We think that the Caribbean countries ought to provide some leadership in a peace initiative.
ID_GYFAVL,It's a link the St Lucia Liberal Party candidates have taken to heart.
ID_XPNEKF,I think it's important to point out that the investigation concluded that the tragic accident was a result of two critical errors.
ID_JAWLCD,Because the negotiations that you're entering into...
ID_VUNCLN,"The big, vocal protest against the election officials comes, however, from fellow travelers of Aristide's party, not Aristide's party itself."
ID_HMMPVD,"With a quarter of the votes counted, Guyana's ruling PPP is claiming victory."
ID_RNTHBQ,They can't strangle us anymore under strangling us.
ID_YJAAOK,Vincent Banana Growers Association and the Wynwood Islands Farmers Association are among banana organizations monitoring the relationship between Wibdeco and the St.
ID_WLSKTA,They've been piling up there for over a month.
ID_ZSGPSE,I believe they're putting forward an alternative proposal for leading the country into the elections.
ID_QUEYTL,CARICOM brokered a peace agreement known as the Hermanston Accord.
ID_IFGLDH,Dominican voters are with the results of today's three-way general election race.
ID_IIVDOE,Dole Chady's gang escapes the hangman's noose in Port of Spain for a few more days.
ID_YPJHAJ,I don't like to think in terms of any particular area benefiting because of somebody from that area being the Director General of UNESCO.
ID_SWEVXO,"If the vote is divided, the consequences could be very negative."
ID_HUKLVD,The Dominican Republic gets high marks for its offensive against drugs.
ID_WOIILR,I'm Moira Thomas and this is BBC Caribbean Report.
ID_CZJTKB,"Mr Mead, chief minister until last November's elections, was part of a coalition comprising four elected members of the legislature."
ID_CITFKR,It's not just a diplomatic organization to acquire diplomatic empathy.
ID_PTYIWL,"Well, not at the General Assembly level, for sure."
ID_ENETOZ,"Yesterday, the largest and most violent group of demonstrators took to the streets."
ID_ITOJGI,"According to TUC President Mr. Lincoln Lewis,"
ID_KVWZEK,"Well, earlier this afternoon, we managed to get through to journalist Pascal Fletcher in Havana."
ID_NGFMXB,It comes at a time when some Caribbean governments are under pressure from the international community to reconsider their stand on capital punishment.
ID_EFQYPI,"And I would imagine it was quite an experience, Mr Prime Minister."
ID_BCIFOR,Dominica's Prime Minister vows to stay on the campaign trail despite a stone-throwing incident.
ID_RYRZZC,said it will give a stimulus to the business communities in both countries to develop bilateral trade and investment.
ID_EMGPFH,but he said that his country will not serve what he said are sometimes defined as narrow national interest.
ID_DZWYWM,"After he stepped down as Prime Minister in late October, Sir James Mitchell of St Vincent and the Grenadines agreed to an interview with BBC Caribbean Report."
ID_NNDLTB,"That is, that they're satisfied that the people were able to exercise their franchise freely and that the cooperation between the opposing politicians was demonstrative."
ID_PRQMGJ,"Cell BC being able to sell its bananas directly to geese, whilst at the same time maintaining the unity of the windward islands in terms of the banana industry."
ID_QZVXWX,A drug bust in Guadeloupe following a joint operation with Dominica and Saint Vincent.
ID_JDIXTF,"Beyond the Australia series, Lloyd and Marshall's long-term mission to secure the future of West Indian cricket, are the days of the Pace Quartet numbered?"
ID_SCVXPH,I know that West Indies cricket is going to be very successful in the near future.
ID_HRYSIH,Customs report on cocaine seizures involving airlines operating out of the region.
ID_OZSTVY,"I mean, it's a frightfully high figure."
ID_UCUGMA,and Professor Anthony Bryan of Trinidad is unhappy with the pace of progress towards full regional integration.
ID_GZNKKV,"Port of Spain also has in its sights the London-based Privy Council, which it feels is another stumbling block to the swift administration of justice, i.e."
ID_ZMJEWJ,"Second, women are usually given constituencies where they're unlikely to be successful."
ID_MQKOKX,Some Caribbean leaders back the US raids on Afghanistan.
ID_DYWLRG,I'm Oren Gordon and this is BBC Caribbean Report.
ID_OQQHGL,"the options being offered to half of Montserrat's teachers, and why American politics could shape the leaner, slimmed-down United Nations."
ID_YRBHXO,"His popularity ratings plunged after the death of his more popular wife, Princess Diana, and his role as a future king has been questioned."
ID_WGOCGA,Demonstrations by the opposition People's National Congress PNC against the reappointment of Dr. Roger Lunchen as head of the presidential secretariat continued this morning.
ID_QVAVKB,"In a moment, we'll get the latest on today's voting, but first, this report from Karen Way on Suriname's political history."
ID_FTSMAP,I am Keith Stonegraves and this is BBC Caribbean Report.
ID_XGDVTC,"What did Mrs. Thatcher say in reply? Well, she was grateful that she was..."
ID_RXDTVT,"What for critics may be bureaucratic, technical matters, smacking of foot dragging on the part of the region's decision makers, are in fact what CARICOM Secretary General Edwin Carrington sees as necessary step-by-step progress towards a more integrated Caribbean community."
ID_NCKTTP,"are satisfied that when reasonable persons hear the totality of the evidence, they will go away with the feeling and the conviction that the resolution is stuffed with merit."
ID_CBALLY,emergency managers out there which is doing a preliminary damage assessment.
ID_KFWZEW,"One year ago today, news broke of another coup in Haiti, this time ousting the country's first democratically elected president, Jean-Bertrand Aristide."
ID_RHOKHI,"Well, it's strange for me because up to the weekend..."
ID_CDEVVK,Their bananas grown on small independent plantations in Ghana and Costa Rica.
ID_ADXLCN,"The audit was commissioned by the government of Antigua and Barbuda late last year to provide Cabinet an evaluation and analysis of the country's medical benefit scheme, a scheme that was put in place in the nineteen seventies to provide financial support for medical services in the country."
ID_BEUMTJ,"I just took over, I think, when we were at Old Trafford, when we got beaten by Australia on..."
ID_YMFSUF,"After one of the most bitter election campaigns ever witnessed on the island, the people will decide whether to return Prime Minister John Compton and his United Workers Party for an unprecedented third consecutive term, or to give Julian Hunt, the Labour Party leader, his first hold on power."
ID_DHXHHQ,and the Jamaat has indicated their intention to react.
ID_SVUMYB,"In St Lucia last night, government and the business sector got together in a public forum to discuss the CET."
ID_XHASYB,The crowd had defied a police order to disperse.
ID_RAEOKK,"Delegates will be voting for two men, both of them lawyers, Ralph Gonzalez and Stanley John."
ID_UXMLLE,to drop its objections to the preferential treatment given by the European Union to imports of Caribbean bananas.
ID_UCCJXO,"It's really a meeting where we not only culturally change, but also from education and sports."
ID_ONBJAG,"AA and BA were the first, and Air Jamaica and United Airlines have followed."
ID_HJOUAF,"The white community, the black community, and the Latino community that is not Cuban, they send this kid back to his father."
ID_FLLXQA,They're holding a two-day forum on the future of relations between CARICOM and the UK.
ID_IZRWXH,So yesterday there was total frenzy about the hangings.
ID_QRQAHK,"All along his political career, Peña Gomez has been a target of racist attacks."
ID_NNZXNA,Colin Smith and George Nangayana for BBC Caribbean Report.
ID_DGYWTT,"Well, a short while ago, I spoke with Mike Jarvis, our correspondent in Dutch St."
ID_WVSFTM,Jamaica's Prime Minister PJ Paterson says the country stands on the brink of a catastrophe created by the rising tide of violent crime.
ID_RCKBZG,"We had, for instance, in the PIO, in the PPP leadership, if you look at them now, Faroaj Mohammed, who was one time the head of the youth organization."
ID_VZFUAL,"Even before this, travel agents and agencies were being undercut by internet bookings."
ID_KFDYHR,"Well, either they're misreading it, listening to President Bush, or they're deliberately being dishonest about it."
ID_QQKMLT,"Okay, Mr. Collymore, stay with us because we've also got live from Anguilla, our reporter Wycliffe Richardson, who's been surveying the damage by helicopter and in fact has just got back."
ID_HTUIPO,The ANC president and his wife are due to arrive at the Norman Manley International Airport at one a.m.
ID_QTAXNP,"Barbados could join the OECS, that proposal before a high-level meeting in St."
ID_NSKROK,Dominica's government says it will not revoke the business passport of Australian businessman Christopher Scase.
ID_DIFWYP,It's the second time Jamaica will be serving on the prestigious body.
ID_TBWWOC,I have said that I prefer the conversations between the president and the prime minister.
ID_OIYQNW,Today's eruption follows one yesterday which destroyed several unoccupied villages in the area before ending in a big cloud of steam in the Caribbean Sea.
ID_RAFXVL,I don't think people in the United States would be very happy about it.
ID_NGHDDN,"Although they've passed on, Montserratians thought it appropriate to remember their loved ones and friends in a very special way."
ID_YCBCOY,They looked at several of the issues that were outlined in the White Paper presented earlier this year by Foreign Office Minister Robin Cook.
ID_CJENRB,"However, prior to the explanation, BBC Caribbean Report understands that many in Georgetown had linked the National Guard activity to last weekend's reiteration of Venezuela's one hundred year old claim to the Asequibo region."
ID_XOAYMN,Recommendations on power sharing were outlined by a constitutional commission chaired by Sir Fred Phillips.
ID_LFNQZY,The Trinity Cathedral in downtown Port-au-Prince was packed with kitcheners' people.
ID_JPEBJM,"President Jagan, speaking at a news conference, called to update the media on his recent trip to Colombia."
ID_PNWSUD,Preparation of a strategy to fight drug trafficking is one of the priority objectives there.
ID_PPSYBX,"And as a Calypsonian, I usually take part in the Calypso competition."
ID_UGWWBO,They bowed and batted well to put us under pressure.
ID_HLVJKC,There was a marginal decline in the quantity of cocaine transshipped through the Caribbean from two hundred and nineteen metric tons in two thousand to two hundred and sixteen metric tons in two thousand and one.
ID_XUMDCN,"But your opponent, Dr. Simmons, also says that you've accumulated a public debt of nearly five hundred million dollars."
ID_WGKNBO,"From London, BBC Caribbean Report."
ID_IUTAAX,"The idea was presented by Jamaica's Prime Minister, PJ Paterson."
ID_SDTUAH,But perhaps the words that rang through the loudest were those of Kitchener's teenage daughter talking about the love she shared with her father.
ID_UVNOYI,Vincent's banana industry loses general manager with no replacement in sight.
ID_QHCUVT,The second thing is they are talking about having seats for the opposition and their government.
ID_QISATQ,"And according to the government, it was forced into this position."
ID_WKKWFK,There are a couple of reasons that one can attribute to the breaking out that we've been having.
ID_XQHJWY,They've been focusing on a diversification strategy for other agricultural produce at their two-day conference.
ID_TUHHPM,"As Sandra Baptiste reports, it's just one of the recommendations coming out of the annual private sector meeting organized by the Caribbean Association of Industry and Commerce."
ID_PCOHWR,"The three political parties in Dominica's close election race are trying to gain last-minute support, and Trinidad's presidential prime ministerial impasse remains unresolved."
ID_ILBBFB,"From London, BBC Caribbean Report."
ID_QQXPPQ,"After days of speculation, Trinidad and Tobago's Prime Minister fires Attorney General Ramesh Mirage."
ID_WSTAKV,The move is causing widespread concern that Britain is officially endorsing St Lucia's main opposition party.
ID_IMMYHP,does not want to run the risk of putting something forward which the Americans are likely to challenge.
ID_CEVWMJ,"This time, the motions were not filed by Chedi and his lawyers, but by the two men who are due to be executed at dawn on Friday with Dole Chedi."
ID_RCXKYC,"Meanwhile, the local observer group Citizens Action for Free and Fair Elections feels in light of the problems voters will need to take on more responsibility."
ID_HAMOTT,And is Aristide prepared to talk with Bazin about anything?
ID_GUZZUA,Anyone who has a government post uses it to live well.
ID_AFRWFK,"This morning, a special look was taken at the Caribbean Basin Initiative, the CBI, and its recently expanded benefits under CBI-II."
ID_MYSIBW,"The Jambi Bay Hotel is an expensive resort attracting club members from Britain, America and Canada based on Long Island just off Antigua's northeast coast."
ID_UYFWHR,I asked GIST's Chief Executive Officer David Sugden how much of the company's profits this year came from their dealings with the Wynwood Islands.
ID_PWKRIR,free or partially free trade or partial reciprocity.
ID_XYLEOR,"Mr Ashcroft broke his silence late Wednesday, hitting back at those he said were out to damage his reputation."
ID_KAUSAZ,"But he says, America is an open and diverse society and can be influenced by such matters."
ID_MBAJZJ,"From London, BBC Caribbean Report."
ID_PPMFMH,"From London, BBC Caribbean Report."
ID_YDUFOH,where there is substantial damage now that threatens buildings or hotels.
ID_EYZQUU,I'm Hugh Crosskill and this is BBC Caribbean Report.
ID_QNUDYQ,"Top of their list of concerns is how unrestricted free trade could wreck the economies of the Caribbean countries, which are dependent on bananas."
ID_WQBTBI,The Caribbean community team that went to Haiti to assess the state of readiness for elections is to submit its findings to the CARICOM Secretariat.
ID_LIBDLV,"And certainly today, I do not think that there was a sentiment, a feeling of acrimony."
ID_IUOWBE,What sort of change were the unions looking for?
ID_DPXRES,"the killing of the school child, but in the western port town of Gonaive, the town of independence, the town where the overthrow movement against Jean-Claude Duvalier in nineteen eighty-five began, there it was another story."
ID_PZENQL,It was the assistant superintendent himself who would give permission for a pen to be given to the prisoner and then return.
ID_GUCUIJ,I would say he would have made his point and acted properly.
ID_UIQFDC,I'm Hugh Crosskill and this is BBC Caribbean Report.
ID_QQTGVA,"And if, for instance, you were to win power, your coalition, or indeed if Mark Bazan's coalition was to win, or any of the other parties, would you want to see the disbanding of the military altogether?"
ID_SEONYL,Guyana owes Trinidad and Tobago US dollars.
ID_ARGWZB,Tom Gibb reports on Cuban objections to that initiative.
ID_ZNQSUC,British Airline Policy Association.
ID_ZZWUZI,Castries accuses cable and wireless of trying to isolate it from the rest of the OECS.
ID_WFJFNA,"Yes, I think the government could seek expeditious ruling from the district court."
ID_LNQPKL,But the unions say they'll continue to insist on a thirty-five percent pay increase and for a return to free collective bargaining.
ID_BJENEH,The Karakum single market and economy heads the list of issues going before regional heads at the Suriname Intercessional and the United Nations thrust to distance Caribbean youths from the AIDS epidemic.
ID_JFQFCZ,"And before that, he was given his religious rights by Pastor Cadogan of the Seventh-day Adventist Church and sang, Pass me not, O blessed Savior, hear my humble cry."
ID_OTRAMI,"in Dominica, that was also the finding of the Supreme Court there."
ID_PSBXIG,"kidney problems, anemia, and a broken finger."
ID_RGTJWH,"Parties which join the network are formally affiliated to each other, sharing projects and information."
ID_SGJZVA,So the report cannot be taken in isolation.
ID_RSNVVX,"As we move up the judicial ladder in the United States, one would hope that the respective courts would act more quickly in rebuffing invalid efforts."
ID_ACGPSL,The warning comes as stepped-up volcanic activity threatens towns along the Bellum River Valley.
ID_TMDTAI,Flights belonging to island-hopping airline Liat resumed today.
ID_TDMOGW,"Jamaica's Michael Manley moves to build on his pre-election lead, and mixed marriages are on the increase in Britain."
ID_NIFOJY,A United Nations General Assembly resolution authorizing a new mission for Haiti is scheduled to be presented in New York on Wednesday.
ID_GVKZNT,"basically in the northern part of Honduras, has been hardly hit."
ID_QHZXLK,Party officials claim that a bus driver tried to endanger the lives of some passengers.
ID_GXHHMP,the consultation process will be broadened and certain other countries will be brought in.
ID_LYJEPA,Some of the companies have been asking for risk assessors to be able to survey the damage in the unsafe zone.
ID_KNWLOF,"British charter airline GMC today confirmed that it is stopping its flights only service from London into Trinidad and Tobago, Grenada and St."
ID_MCZAIS,Several Caribbean countries are observing Labor Day today with trade unions and their members holding a range of activities.
ID_RLPWER,"Now, if you consider where they're coming from, from areas of..."
ID_OKIOTE,Is there a criminal element in the Bahamas police force and trying to get world trade talks moving again after failure in Seattle?
ID_CFDKNO,He admitted that the government was particularly worried by the murder of a foreigner on the island.
ID_PRMMPX,"Indicators are that it should still pass north of most of the islands, but very close to maybe Barbuda."
ID_VMIXSE,"obviously is in line for consideration as a possible member, a potential member of the ACS. But if Cuba was to be allowed into the Association of Caribbean States, wouldn't that be flying in the face of Washington? The Association of Caribbean States is a new institution, the form of which and even the purpose of which is not yet resolved, and we have to decide among ourselves."
ID_PKEYOJ,And that has led to a considerable amount of dispute in the newspapers and so on.
ID_AHORCM,"In an address, Justice Lennox de Alcine questioned, among other things, the right to dissent and the functioning of the judiciary."
ID_YNKVPM,"The British have certainly done quite a lot, and I must compliment the Minister of Agriculture, Dr Cunningham."
ID_KKSAFQ,"Yesterday it was the International Olympic Committee, today the International Cricket Council."
ID_FSGIMT,Don't forget the context in which he made that statement.
ID_DOBTWD,"Martin, Caribbean Report asked our correspondents to describe the scene in the affected areas, beginning with Keith Stone Graves in Montserrat."
ID_HWEILL,A member of a black Muslim group in Trinidad has denied trying to ship arms from Miami to Port of Spain.
ID_RDXXBO,Is this the favored option of the Grenada government?
ID_POOCPW,"Carol Law reports that while many people support the idea of military patrols, others question if Prime Minister PJ Paterson has a legal right to place a lead policing role in the hands of the military."
ID_DCYYJR,The Trinidadian President relents he'll be appointing seven defeated UNC election candidates and the Dominican Republic doctors call a general strike after police injure four of their colleagues.
ID_WWCWLV,"The Barbados Labour Party has also complained about this problem, and in addition, the National Democratic Party voiced concern that some of the polling stations were not clearly marked."
ID_BNECGS,"that this could be the forerunner to an organization, they do not want to call it a political party as yet, but an organization outside of the traditional opposition parties, which will press for electoral and other reforms."
ID_CIIUJE,The Dominica Freedom Party is obviously the weaker party in that race.
ID_JPWMQF,The talks also took place against the background of attempts by the U.S.
ID_TYNIMS,"As a matter of fact, as I speak to you, the first outer rain bands of..."
ID_SEKVTP,I am Keith Stonegraves and this is BBC Caribbean Report.
ID_MIHVKF,We got some cars about some homes on the western side that lost their roof.
ID_UHFNFG,It smells bad and people here in the Cuban exile community who always tend to see conspiracies everywhere feel that this is a done deal even before the decision was made and they resent that.
ID_ZVCOIG,A decision by the American Secretary of State to postpone a meeting with CARICOM foreign ministers this week has caused some murmurings in the region.
ID_YRHGIY,"Some of us, as in Trinidad and Tobago, do have a floating exchange rate."
ID_BTQKDH,The incident has led Bahamians to question the integrity of the force.
ID_ECENTN,R. Robinson recalls the trauma of being held hostage and a jubilee celebration for a Caribbean church in England.
ID_WNBOIC,"And they said he was very happy to take part in the summit of the Caribbean leaders, which will open tomorrow."
ID_XZRXUD,"Robert Rotberg, a professor at Lafayette University in the United States, is a specialist on Haiti affairs."
ID_SZXKCE,Mr. Ruddock feels that the links between migrating Jamaicans and increasing crime in Britain are tenuous.
ID_VBPJKW,"Grenada's Agriculture Minister, Clarice Charles."
ID_SVVKZB,We are going to explore with the U.S.
ID_WGWEPV,One was Senior Queen's Counsel Derek Knight.
ID_MGDQMS,It would come up for discussion when the negotiations with Booker's resume.
ID_PZKBVI,"From Kingstown, Colin Williams reports."
ID_LWZWZB,A lot of European countries are building hotels in Cuba.
ID_QAPEWU,The Dutch Foreign Ministry warned this week that the pyramid schemes threaten Suriname with economic catastrophe.
ID_JWLJJK,I'm Ken Richards and this is BBC Caribbean Report.
ID_ITURPE,"We have absolutely no right, no moral jurisdiction to go on the national radio station, to utilize a radio station."
ID_KVMEAB,I would say a continuation of the peaceful process that has been evident since nineteen ninety-two when her party returned to power.
ID_SBKTQK,"Those carriers such as Air Jamaica, United Airline and Continental does not affect the entire Caribbean."
ID_VNNLFI,the WTO as an institution has been very harmed by the battle which has gone on.
ID_CKHLGN,I'm Ken Richards and this is BBC Caribbean Report.
ID_AIQHLF,"But this report, I believe, was based on..."
ID_EHEFDF,Malaysians facing the prospect of severe flooding.
ID_PHORMR,EU Minister's modification of the banana protocol draws swift criticism.
ID_PNNZED,And Bahamian authorities deport more Cubans.
ID_FNVLYQ,Viv Richards leads the field as the world's cricketing greats pay tribute to Malcolm Marshall.
ID_FTCKRK,We are not really suffering greatly from shortages of goods.
ID_OEUTFN,UC Kwaiana's call for the old political guard to step down is rejected by Dr. Chedi Jagan.
ID_QAYBJC,I think it's up to the Prime Minister and the Attorney General to make a statement on the matter now.
ID_ZABCBU,a choice between Fidel Castro and total revolution.
ID_XANBRY,We don't have the money to carry out the entire program.
ID_BTAUGE,The US Navy says it could restart military bombing exercises as soon as next week.
ID_FGANIK,"This is very, very important, not only in and of itself, but because of the moment."
ID_CVVIRN,"South African Airways and Thomas Cook Airlines, the charter flight arm of Europe's second biggest travel firm, are saying a strong no to the proposal for sky marshals aboard their planes."
ID_DURYTF,"In the case of my own country, we were very meticulous in the legislation that we put in place."
ID_MUZKPD,"Not an ex-Zanvaldez affair, as officials here stress, but serious enough to be called a regional disaster."
ID_MILOSR,The European Commission spends about US two hundred million dollars on small island development every year.
ID_OZKQIZ,"So far, though, the committee has not made its decision public."
ID_SCCSOZ,"CARICOM leaders make out a strong case for Cuba's inclusion at America's summit, Guyana to enact new laws to combat drug trafficking, and Caribbean banana farmers get some welcome news from Europe."
ID_KFNWKH,Barbados Prime Minister Erskine Sandiford again pleads for public support for his government's economic recovery programme.
ID_ADAWHM,The Wynwood Islands warned about poor quality bananas weakening their case in Europe and Greenpeace keeping up its Caribbean campaign against nuclear waste shipments.
ID_VKMHDL,Most political parties have said they will participate.
ID_PXIKGW,"The Latin Americans are also challenging the EC's new banana regime, which takes effect on July first."
ID_SYWVXU,I'm unready anytime.
ID_NGAQZR,"briefing summaries coming out of Washington subsequent to the conference, one really can't see that there is much ground for a compromise on bananas between the European Union and the United States."
ID_SGRXZM,An advertisement in the last edition of the Sunday Times magazine placed by the Mauritius government tourist office in London has attracted the anger of Labour Party MP Bernie Grant.
ID_UGMJAB,"And in a statement issued in London today, the association said it was astonished that the WTO had sided with the United States in deciding against full rights of participation for the region and other ACP states."
ID_GHJSMK,"The Dominica Labour Party led by Rosie Douglas and the Dominica Freedom Party under the leadership of Charles Savre have cooperated with each other throughout the campaign, charging the ruling United Workers Party with corruption in the conduct of government business."
ID_ZCTHBQ,I'm Ken Richards saying goodbye from London.
ID_HGQQNO,"I've come from an electoral bureau, rather a registration bureau."
ID_PORUZJ,"We had not, in fact, cared of the death threat since the nineteen seventies, and in fact every death sentence that has been given since which has been commuted by the governor, and we in actual fact have stated on the floor of the House of Assembly that we'll be bringing an amendment to Parliament to abolish the death penalty."
ID_RLJQZO,Forecasters say the storm could become a hurricane in a day or two.
ID_TJZJSW,"And a lot of these estates, there is hardly any social amenities which will normally keep youngsters busy."
ID_WTWEGP,A decision on women priests in the Anglican Church in the Caribbean could be made by this evening.
ID_UTJFZV,landmines and those people with AIDS.
ID_RKCHXF,Tony Fraser sent this report from Port of Spain.
ID_JFJXKD,So then how serious is the problem?
ID_EBWYPH,"What we have to do is to find new modalities to add value to our raw materials, our raw crops."
ID_DYEMXU,"Taiwan reassures Haiti of the benefits of a close relationship, and people of mixed race in the US want mixed race classification to be made official."
ID_MTSUCO,"The last executions were of two men who were hanged at Fox Hill Prison on the same day in October, nineteen ninety-eight."
ID_SMDMID,"Schools, banks and government offices are due to reopen Friday, and the power company in Anguilla says there's no need for outside help in restoring the service."
ID_ZJTONC,The Caribbean could stand to lose if the G-Seven nations go through with a proposal to pump massive amounts of aid into the Soviet Union.
ID_AKAAQS,I am Keith Stonegraves and this is BBC Caribbean Report.
ID_GYDZWU,"We are sure that all the citizens of goodwill, of good faith, and our friends also who are willing to accompany us on that road will be more open, will be more understanding, and will take the position to provide us with not only the financial assistance necessary, but also the technical know-how."
ID_FBUWCU,I'm Carol Orr and this is BBC Caribbean Report.
ID_BYCUHC,"The Taiwan assistance to Haiti, involving mostly agricultural technology and expertise, will further strengthen ties between the two nations, the Taipei government hopes."
ID_VNBDTT,And the US suspends the transfer of Afghan prisoners to Cuba.
ID_GOGSRY,"I'm Carol Orwood, this is BBC Caribbean Report."
ID_JZFVHR,And American Airlines has also taken the precaution of cancelling flights in and out of Antigua.
ID_PTDHFJ,Jamaican Prime Minister Michael Manley will not be well enough in time to host the CARICOM Summit.
ID_YPAMPA,I am afraid that I see in the crystal ball each Caribbean island getting into President Bush's initiative on its own.
ID_DDGVTC,"Yes, as head of the army and having such a tremendous amount of power on basis of the constitution, because in the constitution the military leadership has been given a tremendous amount of power in the country, in the governing of the country, in fact."
ID_SOPTIW,And there is no way of having a clear picture on that.
ID_LZPTWN,"But at the same time, those dunes also protect the buildings just beyond the dune ridge."
ID_QXYMTL,He says countries need help monitoring but are capable of introducing their own guidelines to keep out money laundering.
ID_PFYBEU,Another major volcanic eruption in Montserrat today turns Faye into anger.
ID_IMSVRV,The OAS detects some movement in clearing Haiti's political logjam and have Jamaica's police lost control of gang-dominated West Kingston.
ID_EQJMGP,"to sort out their difficulties with the people of Old Road, failing which..."
ID_HNMSAT,Some are now asking if this is an indication of what will happen on election day.
ID_GGIIAD,"In Guyana, protests as Parliament debate the Omai cyanide spill."
ID_HLJIJH,"However, he has not ruled out the possibility of a contest at a later stage."
ID_XXRJWY,Those developments became clear with the subsequent arrest and charging of Rodriguez.
ID_ZUFZYF,And there is a growing incidence among babies and children infected by their mothers.
ID_MHGYAK,"Despite delays in Haiti's electoral system, CARICOM officials are upbeat about local and legislative elections being held in March and April."
ID_AYBFUA,The Europeans have been asking for condemnation of the United States for acting before the WTO was due to make a ruling on the dispute next month.
ID_ROUMKA,"There are many, many mistakes, many irregularities, but those things do seem to be able to be corrected, for there are doubles the number of the voters can be checked against the certified reports."
ID_CAPHPW,"While the EU again criticises the trade ruling against windward's bananas, China emerges as a likely market and developing countries sceptical about US motives in supporting UN reforms."
ID_SOFCUM,"Both sides have not agreed on the date for the holding of fresh elections in ten senatorial seats, and there is increasing concern about the country's ongoing economic and political crisis."
ID_SRRWRI,The United States and the European Union have been defending their positions as their banana trade dispute escalated into what's being described as a trade war.
ID_OOUVWF,The United States confirmed today that it intends to house some twenty thousand refugees from the conflict in Kosovo at its naval base in Guantanamo in Cuba.
ID_HOMUMS,I'm Bertram Niles and this is BBC Caribbean Report.
ID_YEYHCH,National Security Minister Katie Knight expressed the government's sorrow at the incident.
ID_TIBCCI,"From London, BBC Caribbean Report."
ID_LIMDRI,Thus began the final stages of this delayed cremation ceremony.
ID_ODDEEB,"The sitting continued after the PNC walkout with the chairman, Ripu Dhaman Persad, ruling that all decision made will be provisional."
ID_HWUBPZ,When he went to a polling station in northwestern St.
ID_EONZPI,"But I must emphasize that once the issues are identified, the burden will be on the St."
ID_MQUFRX,"And finally, jury selection has begun in the trial of four New York policemen accused of killing a West African immigrant last February, a case which has led to renewed racial tension surrounding police treatment of ethnic minorities."
ID_VBMPBT,"Well, this is my fourth operation."
ID_GPZIFA,"Mr. Douglas Vars, a former trade and industry minister who was sacked by Mr. Siaga when the JLP was in power, is one of the five disgruntled MPs."
ID_YHXLFA,They're rejecting Venezuelan accounts of the incident.
ID_XEPWCE,"Meanwhile, human rights groups have condemned the hanging."
ID_QEYUIV,"Commercial banks as well as government departments reopened and so did the airport, accommodating flights from Antigua, which itself was affected by Hurricane Jose."
ID_SNLUYU,"However, some strengthening is expected to occur within the next twenty-four hours."
ID_OXOGUL,"Otherwise, and I will make this prediction now, that they will destroy him."
ID_XDVYRF,Huge crowds of militants and friends came to see the corpse of this man who never achieved his dreams of becoming president.
ID_FSBEOG,"And one thousand, two thousand, three thousand, perhaps up to six thousand young people joined in by adults, went through the streets shouting, Averill is an assassin."
ID_TYKRSL,The State Department today made an announcement on the countries at risk of losing aid if they fail to support the American position.
ID_DBYGKV,"Well, the latest information that came about half an hour ago indicates that there is an agreement of some sort, but that there has been some kind of delay in the implementation of it, and that the delay is related to the fact that the relevant signatures have not yet been put in place, so that there has been a delay in the implementation of the release of the hostages."
ID_DVKGDA,And they were able to survive and to ride out their problems without going to the IMF.
ID_PKDZLA,and enhanced structural adjustment facilities.
ID_BZVALT,But doesn't it smack of a level of colonialism that Europe is trying to dictate to sovereign nations how to approach this issue of capital punishment?
ID_FYJTAL,"Lucia and Dominica, raised objections to their presence."
ID_BCOZFP,Jamaica's Prime Minister Michael Manley speaks his mind in Washington on the diversion of aid for the Caribbean to Eastern Europe.
ID_XVDXZF,We do not believe that Britain should impose it either.
ID_JZYQTX,Former Jamaican political and trade union activist Richard Hart has criticised CARICOM governments for backing the US-led military action in the Gulf.
ID_ACQCDU,"The adjournment was taken in the light of an impending ruling on Thursday on a writ of prohibition, seeking to block the Commission from carrying out its mandate on the grounds that its chairman, Sir Fred Phillips, has been described as a close colleague of Prime Minister John Compton."
ID_MYQFNV,"The price of fuel, the price of food..."
ID_YOZCDH,"From London, BBC Caribbean Report."
ID_EGYRAX,"From London, BBC Caribbean Report."
ID_XZYCWN,"From London, this is BBC Caribbean Report."
ID_DHMUIH,"so that this agreement is supposed to come into effect on or about the sixth of January at the expiration of the present sales and purchase agreement between Wibdeco and the St Lucia Banana Corporation. So unless we're sort of playing with words, let me make it clear that there is an agreement in principle, and all that is required are the formalities in terms of finalizing this. Ambassador Julian Hunt, you're listening to BBC Caribbean Report."
ID_EULOUJ,The calls by the Federation last night for an all-night vigil brought things to a head.
ID_FZFGBU,The charge also says they were present and were encouraging others by words and conduct to unlawfully overtake and storm the office of the president.
ID_WEIEZL,and the need for all of us to get together and indicate whether we have sugar that could be supplied to the European Union to fill that shortfall.
ID_GHNNDR,The Jamaican government has declared war on criminals.
ID_WGMBKU,"Once a grouping of Britain and its former colonies, Commonwealth countries these days account for one-fifth of the world's trade."
ID_UDBVIJ,Louis Farrakhan made the announcement of his Fifth Nation tour at a meeting of one of the organization's New York mosques last night.
ID_TCMFPS,"So to say that it's a U-turn, it's really not true."
ID_MPNDST,"If the Canadian authorities have a problem, we would expect them to complain to us and we would get involved in whatever negotiations there are."
ID_BCUEPD,I'm Mike Jarvis and this is BBC Caribbean Report.
ID_RGQQGA,We were talking about sixty constituencies and numerous polling stations and polling divisions.
ID_EFZYTN,The opposition explains its change of mind.
ID_AOSYBR,but the public show of good working relationships between the two had many Jamaicans saddened that there was a good team spirit in the government.
ID_AOCDJJ,"It allows them, notes the Trinidad National Security Minister, to finance crime, including the purchase of sophisticated weaponry, to secure acquittals and trials, or to completely frustrate the judicial process."
ID_NTHSQI,"And in Dominica, demonstrators take to the streets to protest the sale of citizenship to Taiwanese investors."
ID_RCKKKG,Trinidad and Tobago's Prime Minister Basdeo Pandey was back at the doctors for a check-up today.
ID_CQFFCA,"Trinidad and Tobago government officials were meeting today with commercial banks to work out the operations of the new floated currency, which begins on Tuesday."
ID_ZGINYT,"Ms. Duncan vowed to carry on in politics, representing her St John constituency."
ID_VHZAYM,which Dominican products could be sold there and what type of market could be obtained for Dominican exports.
ID_RXTAUP,The issue is that several of the heads of state and heads of government are not represented.
ID_NWMFCX,"From London, BBC Caribbean Report."
ID_ZVWDCA,Migration has taken the Creole to other parts of the Caribbean and further afield.
ID_PMIORO,George Rush reports on the battle over their long-distance telecommunications market.
ID_CPIKHK,A wrap on the knuckles for Jamaican judges as the Privy Council sets free another five men on their throw.
ID_STDKEQ,Trade unions in part of Spain respond to major staff cuts by BWIA with threats of legal action.
ID_BEKJUE,"So obviously we recognize that there are particular matters such as Sierra Leone, such as Nigeria, which speaks to the very principles of Harare and the criteria that is required to remain in the organization."
ID_BGKGSZ,"to freeze it, then that's the course we'll take."
ID_DPYCCV,and simply say that I had nothing to do with this.
ID_PURNSF,They are traveling to Georgetown to lend their support to a peace accord that CARICOM helped to broker after disputed general elections last December.
ID_CSJAAP,"As Lou Smith reports, the case has generated a lot of publicity throughout the country."
ID_UNCZDS,"Personally, I think that is one of the cons of the century."
ID_GFTEMR,"And, you know, I don't just think of Malcolm as a fast bowler and as a man who got so many wickets."
ID_OWQXBI,Political wrangling from Britain to Dominica over a Saudi dissident and the independence of the judiciary in the region called into question.
ID_MYDIZP,It has been reported that Barbados will now impose a stamp duty on competing inputs from other CARICOM countries which grant duty concessions to their own manufacturers on imported inputs.
ID_WPKWBU,"They have the right to do it, and it is up to them to do it."
ID_EUMSEF,"But as far as the hotel sector is concerned, I believe that if we see any increase, it is going to be very, very moderate, probably one percent."
ID_AZIZGK,"Colin Smith in Georgetown, Guyana for BBC Caribbean Report."
ID_ULAVEE,"In Antigua, five convicted killers are scheduled to be hanged next week."
ID_DCXTHX,The three political parties in Dominica's tight election race trying to gain last-minute support.
ID_QZBFHG,"On Sunday, the bill came up for debate at a panel discussion in New York."
ID_IYVFVP,"Of the one thousand nine hundred eighty-four Jamaicans that we removed, one thousand three hundred and forty-two of those were criminals."
ID_DUVWJV,dollars to help Windward Island's countries offset the effects of new global trading rules that would see them lose revenue from their vital banana exports.
ID_TSZMSM,"Having lost the rugby, the cricket, the netball, and the many other sports this year, hopefully this is seen as one small victory for our country."
ID_UXVCFN,"The fog swirling around Antigua's political landscape grows thicker by the hour, with the rumour factories working overtime to further cloud the issues."
ID_IMYWKG,Only Monday they started selling bananas under the Fairtrade label.
ID_UYKTFQ,And I don't think that progress in any one country can be conditioned by an action by all.
ID_OLNJUE,I'm Oren Gordon and this is BBC Caribbean Report.
ID_SMLKKA,"markets like France, which is the traditional market for Cameroon, and Côte d'Ivoire, Madagascar."
ID_GIYCML,They do not reflect a change in policy towards the Cuban government.
ID_DCGSIE,"But even that has raised a further question in relation to the casino gambling issue, as to whether he who pays the piper..."
ID_ZXZCWV,"From London, BBC Caribbean Report."
ID_XOJYIJ,I would be very surprised if any of them actually run their full course in their current form.
ID_YAPWSF,"I don't think that Australia has any right, because it's Chairman West in the Commission, to chide us for the way we do our business. He will be disappointed."
ID_FGPDLT,A judge in Antigua has dismissed weapons charges against a seven-to-one-year-old British man accused of the attempted murder of the Prime Minister's brother.
ID_OKSGLM,Won't that intensify as the embargo bites even deeper and the refugees continue to flood out of the country?
ID_JJBZPM,"Beaches, booze and casinos, Havana had it all."
ID_TKNHSF,I'm Hugh Crosskill and this is BBC Caribbean Report.
ID_UWVFLL,"Michael, a high death toll in the wake of the coup attempt?"
ID_BRQDVC,"No, no, we never went to America, not to say."
ID_UUWAAU,"As pressure grows in Haiti for the arrest of La Fontante and Regala, the President of the Council of State issues a clear message."
ID_DTZXEP,and May coffee was up twenty-five at six hundred and seventy-four point five pounds a ton.
ID_LNIJPL,I'm Oren Gordon and this is BBC Caribbean Report.
ID_JDIDKR,And will he stop giving visitors the opportunity to make them publicly?
ID_VJQPHC,"The government of Montserrat has bought the most powerful radio station in the Caribbean, Radio Antilles."
ID_JIDCNI,The second point to make is that the misunderstanding has been that after three years you would have to provide total reciprocity.
ID_NNARRQ,"Lucian Olbuske, says the organization hopes that when CARICOM heads of government hold their annual summit this year,"
ID_SLXGDU,"But first, opposition leader Kennedy Simmons told us why he welcomed the decision to go to the polls."
ID_ADTLET,"In Trinidad and Tobago, accusations have been made against the government minister for allegedly influencing police charges against two senior trade union leaders."
ID_VGFJKG,"From London, this is BBC Caribbean Report."
ID_FOJULX,There was no evidence to support it.
ID_THVYJR,Is our university geared to the future of society and where the society is now or is it still too traditional or is it still looking backwards?
ID_JSTFEE,But he has chosen to make me a campaign issue because the fact of the matter is that the Prime Minister called the election more than a year earlier than he had to.
ID_DLKKIE,"Therefore, it seemed that the only practical step, recourse at this time, was through the Allied forces."
ID_FQSLOF,"In the Bahamas, the radio talk show host and opposition politician Obi Wilsham has been sentenced to four days in prison for refusing to tell a court how he came to get the suicide note from John Higgs, the death row prisoner who killed himself last month."
ID_GZFSKK,The ceremony was a first for Governor Frank Savage and lasted just ten minutes.
ID_GJATPH,I'm Hugh Crosskill and this is BBC Caribbean Report.
ID_GSIYAT,And Guyana could have a new prime minister in place as early as next week.
ID_XUKSXF,"We are satisfied that having been overseas for one hundred and forty-one days in nineteen ninety-nine, there was ample time for Mr. Ruse Douglas to meet his Mooney contacts and finalize campaign financing arrangements in exchange for whatever assistance the Moonies would need from a Labour Party government."
ID_FFVTLH,Jamaica is set to resume hanging on January twenty-six.
ID_BMEUDV,Scientists are urging people living in the Salem area in west central Montserrat to move out by the weekend.
ID_GYSPLJ,Up to seven houses were set on fire and other properties were damaged by falling rocks.
ID_EXCPJM,"From London, BBC Caribbean Report."
ID_BERVKC,"The banana panel was requested by the United States and the Latin American countries of Ecuador, Honduras, Guatemala and Mexico."
ID_OGFJFC,"So if the Prime Minister seems to think that the unions are taking an aggressive stance to his government, where do you go from here?"
ID_SHMPCZ,I'm Mike Jarvis and this is BBC Caribbean Report.
ID_UWXPCR,"EC and ACP officials have drawn up an ambitious six-point agenda of trade, aid and political issues that they want to tackle at both the parliamentary meeting in Papua New Guinea next week and the ministerial council in Fiji later in the month."
ID_HXWDWS,I think it's the question of a near future.
ID_ENNSFA,Grenada's nutmeg agreement with Indonesia is back on the rails.
ID_RJVKWO,"The new PNM government in Port of Spain has committed itself, come what may, says Prime Minister Manning,"
ID_ECLRCB,"An appeal against the death sentences began in May, nineteen eighty-eight."
ID_XCVTRW,The police were trying to prevent the funeral procession from passing through certain streets of the capital to maintain order.
ID_LOAZJL,Most of the shops stayed closed.
ID_YQHCDD,They are representing the government and they came here with the policemen and they are happy with that.
ID_AIUVGL,A GATT disputes panel has ruled that the European community's current banana import system unfairly limits Latin American exports.
ID_YGHGHK,Lawyers had hoped that the hearing into the evidence first heard in the original trial would have led to a fresh court case.
ID_ZBFWEZ,And I think that the statistics from the police can easily show the correct picture.
ID_VZZVJV,"And of course a great deal of hard work in fitting companies, particularly small and medium-sized companies, to get their production efficiencies up, their productivity up, to get their packaging and costs right."
ID_DRFIKZ,One local TV station reported today that three of those detained this week have been taken by boat to Martinique.
ID_TJTCHX,"For the most part, the streets are passable."
ID_QLZGQF,ambitions and that's reflected in the allowances and the salary scales that were paid to the...
ID_UEBMPW,The impression that I formed was that they were quite heated.
ID_KTIZIA,They say some of them will now be no longer in existence.
ID_IUNULL,"barred from public office for life will be implemented by his father, the Prime Minister."
ID_PLZTLZ,I'm Emma Joseph and this is BBC Caribbean Reports.
ID_GJJQCU,And since this is a problem which affects a number of countries...
ID_SOAFRZ,The government of the Dominican Republic has again advised exiled Haitian President Jean-Bertrand Aristide not to visit Santo Domingo next week.
ID_SKBUJX,"President Jagan told reporters Saturday his Colombia trip was planned since last year, when Colombian Foreign Minister Noemi Sanin visited Georgetown."
ID_WVECBA,Elections in Haiti are a touch and go and a fair.
ID_KTBNFV,"Well, the liberalization of foreign exchange mechanism would require legislative action."
ID_UARPWE,Colin Smith reports on the uneasiness in the countdown to Monday's poll.
ID_TTLHNJ,"Tony, just a very quick reminder of what sparked off the conflict between the government and the Speaker in the first place."
ID_TSKCZE,"From London, BBC Caribbean Report."
ID_FBUNMA,But the problems and potential benefits of free trade for the developing world are also being addressed by delegates.
ID_ESAOYI,Two policemen and a civilian died in that incident.
ID_KHTTEN,"From London, BBC Caribbean Report."
ID_KGZALK,"The ACP states want a thirty-year agreement, but the EU prefers a fifteen-year long commitment."
ID_SPWQXJ,"What it looks like with the three other countries still opposing and the Dutch now refusing to give in, that the deadlock may continue tonight."
ID_PWAKNB,"The bill's sponsor, the Republican William Roth, said it should dispel that notion."
ID_XITEJK,because my struggle against his government was very hard.
ID_VVYGWQ,"As a result of its late arrival, he said Cabinet needed time to discuss the matter before it could arrange a meeting tomorrow."
ID_BGJSLN,The business community and government of St Kitts were today busy counting the cost of extensive weekend flooding.
ID_BVLNIQ,Trinidad and Tobago's Attorney General Ramesh Maraj continues to press the case for the resumption of hangings without appeals access to the Inter-American Convention on Human Rights.
ID_GQZCUS,State Department tells the OAS to cool it over opposition to Helms-Burton.
ID_KFXEXQ,"Founder of the right-wing paramilitary group known as FRAP, Mr. Constant is wanted in Haiti in connection with the deaths of hundreds of people while the country was under military rule."
ID_QFVFYE,Why some British MPs want to link Caribbean aid to the abolition of the death penalty.
ID_ZKWNML,the cost and we hope that they negotiated freight rates and costs of transportation.
ID_LYNITG,Our correspondent Colin Smith says the police were again prompted into action to help keep the peace.
ID_RSONZN,"Some analysts feel that poor pay, training, and resources have brought the efficiency of the police force and its prosecuting arm to a very low ebb."
ID_FQZCWO,"which at this time resembles a lake, resembles a lake with over fourteen inches of rain."
ID_LTTVRW,Guyanese British MP Bernie Grant says Britain is robbing Caribbean pensioners.
ID_OAGAOR,"From Port of Spain, Tony Fraser for BBC Caribbean Report."
ID_QBPRTW,"The Chief Minister, forced on Wednesday into calling a general election four years ahead of schedule, says his Anguilla United Party will contest all seven seats in the March ten elections."
ID_GTUEOL,Police sources would only say to Caribbean Report that they received a complaint from Minister Ganga and acted on it.
ID_EYGWKI,"But even before that reached a near settlement, the workers were called out in strike, with the union accusing a company foreman of slapping a Grenadian worker."
ID_AFEJUK,"I would think that Nigeria could have sent a gesture of good faith to the Commonwealth by releasing the political prisoners, but no such gesture was forthcoming, and therefore I am not entirely sanguine that."
ID_TLIUBO,The island's hotels stood up very well to Hurricane Jose.
ID_WTSAOS,Montserrat's volcanic crisis sparks heated debate in UK Parliament.
ID_MAMUJX,General Musharraf told the visiting delegation that it couldn't give them a timetable for Pakistan's return to democracy.
ID_IOGNNO,More from Michael Bascom in a moment on today's demonstration and accompanying police action.
ID_IJKIAA,"The leadership crisis in the opposition People's National Congress party in Guyana has worsened, with party leader Mr. Desmond Hoyt moving to discipline his arch-rival, Mr. Hamilton Green."
ID_IJIDLC,There's criticism that the banana regime hasn't helped the Caribbean.
ID_MRXJQO,"From London, BBC Caribbean Report."
ID_VICGJN,"of opinion as to how this matter should be dealt with, and it is reflected in the vote in the United Nations and the OAS."
ID_BUZLEZ,The legendary cricketer Sir Garfield Sobers is in London to help promote Barbadian tourism at the travel market.
ID_VYBHAW,"Why did you go public with this issue, Mr. Prime Minister?"
ID_KHMWVQ,"Aristide has been invited to address the ECACP General Assembly, but the Dominican government says it fears for his safety and wants him to stay away."
ID_YELIEC,Our understanding is that the United States trade representatives that we've been speaking to are sympathetic to our position.
ID_NDCMMU,He confirmed that under no circumstances are prison officers to go into a prison cell if it is a suspected crime scene.
ID_PMPSNR,"From London, BBC Caribbean Report."
ID_GVAIXD,"The reading that we have up to now is that they may not appear, and I would consider that rather irresponsible, because whether or not they may be defeated in terms of not being able to get the Prime Minister to retire as of the fourteenth of March, they have a responsibility to this nation, even to let their position be known publicly, and using the halls of Parliament to do that."
ID_EWXYAM,"From London, BBC Caribbean Report."
ID_LURZPY,are the mutterings of people who find the pill of defeat a little too bitter to swallow.
ID_UITARP,Europe's banana compromise ends up pleasing no one.
ID_TMTIQC,A public debate in Trinidad to extend the time for appeals for convicted murderers and British Airways forced to pay compensation to a black family.
ID_UTWZMM,What are the numbers to support your contention that they're doing very well?
ID_ZQBELD,"I mean, if it gets that bad there, then what we'd have to do is fix the problem."
ID_EICSSK,And an uneasy calm in Cayenne as protesting students are with the intervention of two French ministers.
ID_XNDFLY,But there is no guarantee from them that if they...
ID_WHOXEN,and accusations of negative campaigning in the run-up to elections in Belize.
ID_IXQUKS,Striking nurses in Jamaica meet to discuss legal action being threatened by the government.
ID_UFAGNG,"What essentially Washington is looking for, though, is to recover tax monies held in secret accounts in the Caymans."
ID_LIMLXX,It was hoped that the outcome would have been known by now.
ID_TOHNQH,And we are saying that we ought not to be shut out by the courts by saying that these matters...
ID_PDZKQM,The alternative could be more painful.
ID_XRRWQF,"He called the failure of five member states to implement the common external tariff a scandal in its own right, and he chastised the leaders for failing to implement the six measures agreed upon at the last CARICOM summit in St."
ID_CUVNXI,"He did not send a message, the State of the Union message that he promised in a late night communique, a Sunday night."
ID_NESUVF,is seeking to run for the Senate seat for New York State.
ID_EKXSFC,Not all police officers in the Trinidad and Tobago Police Service are corrupt.
ID_DQJOMF,The occasion was marked by the opening of a small museum in his home village in the Eastern Cape.
ID_KBFXAI,"Six to nine years later today, Pakistan beat them by ten wickets in Karachi, a clean sweep of their series."
ID_KNNSII,"He said the delinquent states are unfairly enjoying the benefits of the CET on their exports to countries which have implemented it, while the exports of those who have go unprotected where there is no CET in place."
ID_GESPIY,He told me the region was under-prepared for new international trade talks.
ID_NNFTSZ,"And I can assure this Honorable House, I will do all in my power to preserve the integrity of this Parliament, this Government, and the people of St."
ID_SIDUHA,Munifreze in Port of Spain for BBC Caribbean Report.
ID_PYLVUK,"The report said agriculture, the country's main source of income, had been damaged by a mixture of floods and drought."
ID_HZCXAT,I'm Oren Gordon and this is BBC Caribbean Report.
ID_SLZMAS,The opposition Angola National Alliance and the Angola Democratic Party have joined forces to contest the upcoming election.
ID_GCYXRU,"The outgoing Chief Caribbean Trade Negotiator, Sosredaf Ramphal, says the forthcoming world trade talks seem destined to end in failure."
ID_IWUPIA,My feeling that Chiquita would come in early because they're 40% control on the European market now being challenged by production coming out of the windwards.
ID_WIAMTW,"The aviation expert David Learmount says Cubana is generally safe, but it's less safe than the other bigger airlines."
ID_LAGDFR,"And we'll get more on this in a moment when we speak to our correspondent there, James White Jr."
ID_NRUZDP,Trinidad and Tobago have made it into the quarter-final of the CONCACAF Gold Cup in the United States.
ID_ZSRGGH,"Today, Prime Minister Pandey declined to give details on the discussions between himself and the President on the matters."
ID_DCTYNV,"And consequently, we then permitted the Dominican Republic to come in on specific conditions and specific assurances."
ID_QAOZSM,"In Trinidad and Tobago, another member of the opposition People's National Movement has defected to the government."
ID_CGVMSL,Britain's House of Lords is this evening debating Caribbean affairs.
ID_JUOWMB,"The security workers took their time as they checked passengers' travel documents and baggage, which caused long queues, leaving travelers standing for more than an hour."
ID_SLYNXI,Lusian authorities consider what to do with more than two dozen Asians on the island with improper travel documents.
ID_VIPNEZ,"But we've been talking to the EU about what that position is, how those discussions have been going."
ID_BVSOHK,I'm Bertram Niles and this is BBC Caribbean Report.
ID_LGEDXR,"Packing winds of more than a hundred miles an hour, George is reported to have caused the most damage on St Kitts and on Antigua."
ID_XTOGEF,Department of Statistics in the Ministry of Finance.
ID_EJIVPL,"Not only that, in government every cousin, sister, aunt is in line for employment."
ID_RQGGRB,"We had a debate, and in that debate I asked the Prime Minister that if he can prove that I got one cent, one black cent from the Moonies, I would resign."
ID_ZSFVYU,The university proposals recommend the establishment of the CARICOM single market and economy in one year.
ID_NCRPMU,Montserrat's dismissed agriculture minister not satisfied with the reasons given for his removal.
ID_QHZTLG,"Guyana's President Desmond Hoyt and the Chairman of the country's Elections Commission, Rudy Collins, are standing firm against recommendations by the Carter Centre to correct the badly flawed voters' list."
ID_WCMEXY,"From London, BBC Caribbean Report."
ID_AYDBCZ,"Colin Smith in Georgetown, Guyana, for BBC Caribbean Report."
ID_HWANSX,"From London, BBC Caribbean Report."
ID_VIOZBO,"We are quietly optimistic, but at the same time we are in touch with reality and feel that they might not take us off the blacklist, though we fully expect them not to institute any countermeasures."
ID_HDRXAT,Prime Minister Pandey says he will propose to opposition leader Manning that they work out an appropriate formula for sharing power in a government of national unity.
ID_PBTCWU,The workers' unions are demanding pay increases of forty percent.
ID_ADVHKR,I think they emptied about a case of drinks.
ID_TZDPLB,"You pass another couple of houses, the first family are white family."
ID_HNVFFV,His speech was made amidst a climate of increased hostility and national protests against the government's harsh economic measures.
ID_EJIEZQ,"I think the Commonwealth wouldn't exist if we didn't have the Queen, quite frankly."
ID_YEKDKI,and we also had some heavy and high storm surge on the waterfront of Frederickstead.
ID_JJOIOC,"From London, BBC Caribbean Report."
ID_WTEUSC,I'm Mike Jarvis and this is BBC Caribbean Report.
ID_DSZODW,"We have the computers, the hardware, the software."
ID_JAFKXK,The statement says the combined effect of the Pratt & Morgan and the Thomas & Hillier decisions of the Privy Council...
ID_IGDZZY,He's made at least two or three declarations.
ID_UIHLDJ,"Trinidad and Tobago has been put in election mode, with Prime Minister Basdeo Pandey promising to call general elections within the next twelve months."
ID_YVTJZW,I'm Oren Gordon and this is BBC Caribbean Report.
ID_AQIEGN,"John, who lost his seat in the nineteen eighty-six elections, is not worried about this."
ID_ZTKOPP,"After the budget presentation, many were left wondering what the budget was all about."
ID_IRGBET,Guyana's public service union threatens retaliation after a police raid on its headquarters.
ID_WMSFVO,Democratic Party leader Victor Banks has had to play second fiddle to the chief minister in the coalition government.
ID_KIBGKK,"So far, seven demonstrators have managed to break into the bombing zone and are thought to be in hiding."
ID_EENJLO,"We have a DEA office down there, and we maintain liaison through that office."
ID_DAVUZF,"Lucia's Agriculture Minister, Ferdinand Henry."
ID_XTEVYQ,And Trinidad and Tobago's footballers say they won't play ball for nothing.
ID_EJXHFL,"We have other measures that we, of course, would implement based upon the response of American Airlines."
ID_LCHZQJ,"The formation of the committee, to be headed by Professor Rex Nettleford, was announced last night during Mr. Manley's nationwide radio and television broadcast."
ID_AGSKUJ,"For BBC Caribbean Report, this is Leslie Garth in New York."
ID_LTOLKO,Canadian James convinced Dominicans that they never had it so good under his government.
ID_IWYNSK,"and Eustachius are bracing themselves for the full fury of Hurricane Lois, now ominously poised to slam into the islands of the northeastern Caribbean between tonight and tomorrow, with winds in excess of one hundred and forty miles an hour."
ID_UWCMCA,We can expand that capability as required up to the full twenty thousand that the United States said they would provide shelter for.
ID_CHMIBT,"Parents hurried to withdraw their children from schools in the zone, and the incident set off a wave of panic downtown."
ID_KWNNJT,has the background on the CBI in particular.
ID_MNBPJO,for both opposition and government candidates in St.
ID_QPGGUQ,"The students protesting sharp increases in their tuition fees blocked the main entrance to the campus, allowing entry to only a few students and workers from the university hospital."
ID_MHVIOA,"Thank you, Crosskill, and this is BBC Caribbean Report."
ID_BEJQKM,and most of all that they must have integrity.
ID_FDYHPM,"Well, this is obviously geared and controlled by the negotiations that are going on on a regular basis, year to year, between Winban and Geist, have done for many, many years."
ID_HVUCBF,and equipped with the institutional assistance and arrangements which will enable it to take the maximum advantages of the opportunity.
ID_MPUQMU,"In a sharp turnaround, the American labor movement is calling for a blanket amnesty for illegal immigrants that previously accused of forcing down wages and breaking strikes."
ID_JGTBPX,"The city's mayor, Michael Bloomberg, said the incident appeared not to be terrorism but a random act."
ID_JTFSFZ,"Barbados' Attorney General Maurice King says while regional states are making valiant efforts, there are serious limitations on what can be done to restrict drugs trafficking."
ID_LLXBUT,Montserrat's health minister sets the record straight on hospital equipment.
ID_OBYGYW,The UN has plans to strengthen its mission in Haiti.
ID_ITEJAR,"The judge says once the commission failed to keep within the time frame set down by the government, the state was free to proceed."
ID_PNJFIC,"Well, there are rules and there are conventions, and the convention is that an athlete would withdraw him or herself from competition until the question of his or her innocence or guilt is firmly established."
ID_GTMMTO,A former Attorney General of Guyana launches a bitter attack on the country's ruling party.
ID_XTMSDM,"And I think that we'll start with feeder one first, which will be putting some of the most important facilities and departments back in function, like the hospital and the police, and maybe the prison area."
ID_JZGFXK,And Barbadian businessmen say Prime Minister Sandiford must go.
ID_UFDFTP,We are disappointed with the outcome of the vote that we did not have the referendum carried.
ID_WBTQOK,He said in nineteen ninety five he also offered to share power and now he's once again making the offer.
ID_PEPVEY,testatious over the weekend to assess the damage.
ID_JHVKOA,"But a lot of the critics say that, you know, the Caribbean went along not so much because it believed genuinely in the need for the use of force to push them out, but the critics say that it is because the Caribbean is pandering to its relationship with the United States, a fear of a loss of investment, of a loss of attention by the Americans, and as a result went along wholeheartedly, perhaps not considering the full implications of what could lie at the end of the road."
ID_VUWFZT,"And the CARICOM Summit continues in Georgetown, Guyana."
ID_MYOXKQ,"concerns, as do those in the Caribbean."
ID_YRXLFI,Nineteen twenty-eight was the last time the West Indies suffered a series whitewash.
ID_CRAKGW,Whether Mr. Castro leaves Cuba in a vertical position or a horizontal position doesn't matter to me.
ID_VEWSMP,"But if it is politically convenient for you to do so, would you not do it as a politician?"
ID_MQGKEE,"At this afternoon's coroner's inquest, a four-man, three-woman jury listened intently, as did a room filled with police officers and relatives of the deceased, to understand how a man on death watch could have accessed an instrument."
ID_XWCVYH,Applicants to join the convention continue to grow.
ID_UMHQUG,and we remain committed to abiding by WTO procedures.
ID_NWPFIV,Suriname coming to terms with the election of a new government and Grenada police investigating a daring bank robbery.
ID_UGJJWP,"I put those concerns to the Chief Executive Officer of BWI, Gilles Filliatreau."
ID_TZOJBK,The Bush administration lifts the financial advisory on Antigua and Barbuda.
ID_OWRCMA,The demonstrators called for the resignation of the general manager.
ID_YPWQRN,I'm Ken Richards and this is BBC Caribbean Report.
ID_MCADMU,Guyana's President Desmond Hoyt appears to have halted moves by his ruling party to set the stage for challenging the results of coming presidential elections should the party lose power.
ID_KEZLMY,Puerto Rican authorities have recaptured four escaped convicts after they staged a dramatic prison break in a helicopter.
ID_HDJAKU,"There, the PSU Secretary-General, Thomas Letain, called on the government to dialogue with the Union, which is protesting a range of taxes introduced in the national budget last week."
ID_APIEOI,"What's your understanding, sir, of the time frame involved in the work of this commission?"
ID_EAKLFU,that it understood the dilemma of parents appear quite predictable.
ID_HCQOBF,"This morning around nine a.m., American Airlines Flight 587 from John F. Kennedy Airport to Santo Domingo crashed a few minutes after takeoff."
ID_TJQYUY,"From London, BBC Caribbean Report."
ID_UEIWSU,"If you compare Haiti to a neighboring country, such as Cuba or Jamaica, the comparison figures are sobering indeed."
ID_XGALVV,There is now a clearer picture emerging in Guyana following opposition charges of government interference in the preparation for elections.
ID_CXDQOJ,"Afterwards, he thanked Venezuelan President Carlos Andres Perez."
ID_PUVOWT,"July eighteenth, nineteen ninety-seven."
ID_HREKVO,"The question, however, is that we'll face the PNM after Mr. Maraj is inevitably expelled, will the Prime Minister have Mr. Maraj's seat declared vacant as he no longer is a member of the party?"
ID_GMDJMQ,"I mean, I sympathize with that because there are a lot of good people in it."
ID_NBWTMQ,"The third issue being labor and the extent to which the government has succeeded in having their industrial problems solved are the three, I think, major issues in the campaign today."
ID_IPXQUG,"The BWU General Secretary says he plans to break his silence in a few days, and it's widely expected that he will speak with the press before the end of this week."
ID_QOCJGK,"Paul's area, forty-two persons have been left homeless."
ID_HXDAJM,Kitson Nevis estimated the cost of damage as about a billion EC dollars.
ID_UIHOLG,I'm Emma Joseph and this is BBC Caribbean Report.
ID_OJRTPH,I would like to go further than just a boycott.
ID_OLPNTD,A Trinidad and Tobago parliament opened today amidst a flurry of controversy.
ID_AISQGD,"Warnings from Africa and the Caribbean about the impact of the WTO ruling on bananas, ethnic Albanian refugees weigh their chances of being sent to Cuba, and a TV controversy involving the Lawrence murder case in Britain."
ID_FHEISR,"And from Marlene to Mitch, how do hurricanes get their names?"
ID_JEDOIW,The decision to delay implementation was not completely unexpected.
ID_DXDOYO,And West Indies cricket coach Andy Roberts speaks of problems to be ironed out.
ID_LMPOES,"Lucia, it has to go through Paris, through the Ministry of External Affairs in Paris."
ID_DMYIYS,"To begin with, Wood Deco is a regional organization put together in the windward for the purposes of taking care of our banana business, both here and in the UK."
ID_ZTMDVX,"I asked them pointedly, can you give us a bankable assurance that you would not interfere with the banana market of the Wynwood Islands in Europe?"
ID_BQHLKZ,I spoke to Mrs. Kinnock in Brussels earlier this afternoon and began by asking her how optimistic she was that a deal can be worked out suitable to all the parties.
ID_FIQDTY,I personally think that was a very sensible approach.
ID_JZEVOQ,This latest disturbance erupted at mid-morning Tuesday.
ID_GYXWNB,"Well, what we're saying now is that the decision clearly is going to be thoroughly examined by legal counsel."
ID_NHLATL,"Mr Hoyt is the first head of state to meet with Suriname's interim president, Johan Krag, who was installed after the Christmas Eve coup."
ID_KVADWJ,"From London, this is BBC Caribbean Report."
ID_GYGKUI,in order to indicate what can be done.
ID_MLBPUX,OECS agriculture ministers agree on the way forward for the banana industry.
ID_WRAICX,We are now confronting the WTO over its recent decision.
ID_AUZWZS,"From London, BBC Caribbean Report."
ID_HTYTJY,"When the dust settled, the Caribbean would be seen as certainly an area of peace and recreation, relaxation and tranquility and so on."
ID_GPQABH,"Today, Caribbean Reports spoke with Robert Duval and Jane Regan of the recently established Haitian Information Bureau."
ID_ENNYHW,"And I think the Caribbean has to aggressively look at dismantling some of its own barriers and be more successful, perhaps, in regional integration as a first, and then..."
ID_KEOFGH,He says Montserratians are leaving in droves because the Bertrand Osborne government is providing neither information nor hope.
ID_OMOTCX,Delays in attempts to get Trinidad's constitutional crisis resolved in the courts.
ID_XQZBOS,"to the Caribbean, I think really the challenge is to reshape."
ID_FMMXDY,Exiled political leaders should be allowed to return immediately.
ID_VNBAAH,UNICEF warns of the effects of structural adjustment on the region's children.
ID_OLUXPY,"I suppose if that was indeed the assessment, then yes, one would be concerned."
ID_QVWDZM,The Prime Minister has stated that I told him to suspend the meetings between us.
ID_EXFLHR,"I'm Hugh Crosskill, and this is BBC Caribbean Report."
ID_WJDSPD,America eases humanitarian sanctions on Cubans but vows to keep up the pressure on President Castro.
ID_PIVBRW,The CARICOM Bureau also looks at enhanced CBI and CARIB-CAN arrangements.
ID_RGXHIZ,"I'm Hugh Crosskill, and this is BBC Caribbean Report."
ID_XQHHHD,"Interim Prime Minister Jean-Jacques Honorat, appointed by the coup leaders, told Caribbean Report that President Aristide was guilty of establishing a popular dictatorship."
ID_FUUPEO,"Now top stories, the EU goes to the UN to get Caribbean states and others to abolish the death penalty."
ID_RBADWE,"As far as I know, I can't say anything more."
ID_XOFQPE,"Tough talk from Deputy Superintendent of Jamaica's Constabulary Communications Network, James Forbes."
ID_XPGHAD,I'm Oren Gordon and this is BBC Caribbean Report.
ID_SDWMWO,"From London, BBC Caribbean Report."
ID_GYNOCY,"The United States defends its policy on so-called tax havens, and Guyana grappling with economic and political difficulties."
ID_EAQNXA,"From London, BBC Caribbean Report."
ID_CFOVUT,"First of all, we are going to deal with the urgent needs."
ID_YVRQSV,Caribbean countries are doing better with their year two thousand compliancy preparations than was originally thought.
ID_YSYSJZ,Jamaica's law and order minister is taking home more promises of British aid in tackling the island's high crime rate.
ID_CERRAN,Jamaican-born Professor Basil Wilson of the John Jay College in New York is a longtime observer of U.S.-Caribbean relations.
ID_FSQYSB,President Clinton and President Aristide meet to talk about the imminent return of democracy to Haiti.
ID_NMZCRR,Depositors of a failed bank in Jamaica vowed to have their savings returned.
ID_PZEHTL,"From London, BBC Caribbean Report."
ID_PUMJKI,and its social mandate is to express the creativity of West Indian people.
ID_RJCCVF,They were part of a group of more than one hundred immigrants who tried to land in Nassau illegally early Thursday morning.
ID_DECDZQ,Montserrat's volcano showing signs of life and Grenadians vent their anger after a darkened Christmas.
ID_KCKIQB,I'm Ken Richards and this is BBC Caribbean Report.
ID_VJYZMH,We'll be getting to Clifford in just a second.
ID_TFQAFR,The ban on whaling stays despite Caribbean attempts to lift it.
ID_WBHUWV,"From London, BBC Caribbean Report."
ID_PBIQTH,"Many others, such as Jamaica's Michael Manley, Chile's Salvador Allende, and other leaders in the newly independent post-colonial world, were to gain great inspiration from Nyerere's lead right up to his retirement from office in nineteen eighty-five."
ID_WGLMOG,"Sir Neville is in London, where today he gave a lecture on economic prospects for the Caribbean at Regency University."
ID_CVBWAE,I'm Ken Richards and this is BBC Caribbean Report.
ID_TWXCDM,"From London, BBC Caribbean Report."
ID_RSGDRW,"Of course, the society still has many elements which have to be dealt with."
ID_DEEQGH,"From London, BBC Caribbean Report."
ID_TZZOAE,Chief Elections Officer Rita Serafin says her office is trying to verify the residential status of these voters.
ID_NQGHEY,Cuba's President Fidel Castro expresses his anger at EU-US agreement on Helms-Burton law.
ID_YKOBYU,"There is a very strong feeling, even internationally, that the FCC does not have the authority to stipulate the rate at which those prices have come down."
ID_OEJLCF,"It's not a measure which has the endorsement of the company's employees bent on safeguarding their own jobs, and their counter-proposal does not appear to be either making concessions along those lines or presenting alternatives to that aspect of the plan."
ID_XHOKLS,Daisy Bautista is no longer just a wanted man in The Hague.
ID_KAMWQC,Ghana's public workers are into week eight of a pay dispute which last week led to clashes between the police and demonstrators.
ID_LUHNQR,"From Castries, here's Pete Ninval."
ID_APJSBO,"He charged us that people were trying to bring down his government, were being racist against the Indochina."
ID_XTYICP,"In today's programme we speak with Ronnie Brunswick, leader of Suriname's Jungle Commando."
ID_GOSAWU,"From London, BBC Caribbean Report."
ID_QWEWXU,"From London, BBC Caribbean Report."
ID_ADRFTE,"They charge various violations of our Controlled Substances Act, that is, conspiracy to distribute cocaine and possession with intent to distribute cocaine."
ID_ZPEMAP,"No details have been given as to how she became a member of the group, which is believed to have about seventy-five members from different parts of the world."
ID_DYDGYK,But what about the President's justification that he was acting to preserve the Union?
ID_HRJOAQ,The chief ministers of Britain's dependent Caribbean territories began a two-day conference in Bermuda today to arrive at a united position as they prepare for the larger dependent territories meeting in London next month.
ID_WMNJNV,"The report was commissioned by the country's law association following a complaint by the Chief Justice, Michael de la Bastide, against government interference which he said threatened the independence of the judiciary."
ID_DTKCLF,Montserrat's Governor Tony Longrigg says they're monitoring the health threat from the heavy ash that still hangs in the air from the volcanic eruption of almost a week ago.
ID_TTGOOA,St Martin businessmen react furiously to a proposed new tax and the Jamaican government in a big sell-off of state-owned companies.
ID_KPTCQI,There's pressure from aid organizations within Haiti to postpone the elections because of what they claim is a state of virtual lawlessness in the country.
ID_RXXOXK,The WTO's General Counsel in Geneva also approved the Thai Deputy Prime Minister Supachai Panichpakde as Mr. Moore's successor from the year two thousand and two.
ID_LGUNKT,The author of Haiti's constitution says the interim president and prime minister are illegal.
ID_PQGPFP,And Guyana's president flies out to the United States for further medical tests.
ID_OGTWOJ,"A group of Panamanian investors have acquired nearly seven percent of the American banana multinational Chiquita, and they might make a move to buy the entire company."
ID_SKCWLI,"As the date for the next round of meetings on the Free Trade Agreement of the Americas draws closer, Caribbean countries are being urged to take a more integrated approach to the discussions."
ID_GQZVWY,"We have carried out many one-day demonstrations outside the United Nations, and we have been attracting thousands."
ID_KKZSUD,"Speaking after a weekly cabinet meeting, Prime Minister Manning said the government was not taking the matter lightly."
ID_VTFPUC,One Montserratian MP is objecting to British citizenship that could come by year end.
ID_GSBJIC,"When he spoke, he said he had general information at his appointment as Attorney General could have been refuted."
ID_GJCIVY,"So we want to focus in on the Caribbean music, continue to build that."
ID_MXQYRL,I'm Ken Richards saying goodbye from London.
ID_YLHVSZ,"At a conference, a regional conference here, the National Security Ministry's advisor, that is Mr. Selman, was talking about tightening anti-dumping legislation, anti-laundering legislation, and also requiring that there must be some kind of harmony among the various institutions."
ID_PRZPXB,CARICOM Secretary General Edwin Carrington returning to regional concerns about a possible vote for secession next Monday on the island of Nevis.
ID_IKQRGR,Attorney General to grant two Haitian children a humanitarian parole.
ID_PCHSEW,Caribbean states told to press for the economic component of joint US CARICOM anti-drug efforts.
ID_PERGFO,"From London, BBC Caribbean Report."
ID_SSJMRH,Puerto Rican officials are today cautiously studying a decision by U.S.
ID_NKOJZO,"Last Thursday, upon hearing of the decision to carry out the death sentence, one of the men, twenty-seven-year-old Elroy Aaron, made a sworn confession stating that his colleague, forty-four-year-old Sylvester Sturge, was not at the scene of the crime and was totally innocent."
ID_JHESBR,the flagrant violation of their rights and demanded reparation.
ID_SNHOVK,His visit followed violent protests in that area against alleged police.
ID_DURREY,What prompted Mrs. Clinton to get involved in the political side of things when her visit was a humanitarian one?
ID_JIRWIS,"Hello again, Hugh Crosskill here with another BBC Caribbean report."
ID_GRWFZQ,"Here in the capital city of Santo Domingo, I would say more than half of the activity is top paralyzed in the residential neighborhoods and in the poorest neighborhoods of the northern part of the city."
ID_UYXFTB,"Bifalan Airport, which is a major airport, and all the airports in the territory, were officially closed at twelve p.m."
ID_CDPIPG,"According to the OECD, over a dozen regional nations, including the Dutch dependency of Aruba, were non-compliant in their efforts to counter money laundering."
ID_PAFFWK,"I told him that if he desired that, that he must ask about it himself."
ID_TCENON,"Lucia's John Compton, who will be filling in for Trinidad and Tobago's A&R."
ID_LEJGDL,"From London, BBC Caribbean Report."
ID_SABNAJ,Another reason advanced at the meeting of marine biologists was that the salinity level of the water off Tobago could be another cause for the fish dying off.
ID_AJVXXX,"I've been in London now, I'm pardon the quality of my voice before any further."
ID_DSYEWQ,"Now, detached from politics, but isn't this post still more diplomatic than academic?"
ID_PFGVQE,"The worldwide anti-money laundering alliance, the Financial Action Task Force, has approved a package of actions designed to make it more difficult for extremist groups to invest and move their money through financial institutions."
ID_YCCFXA,single mind with integrity to change the course of events.
ID_GUKYMJ,What could have been a major hurdle for opposition parties and election monitors for Guyana's October fifth election has now been cleared.
ID_EXKWGJ,"Based on past experiences, it's going to start to count at about eight o'clock and it should take about four hours."
ID_TKYWUN,And Michael Holden on the state of play.
ID_DUNKRQ,The authorities in Montserrat to get tough with those it says are ignoring the danger of the volcano.
ID_SYQOXX,I spelled it fairly clear.
ID_JBVXDS,He said the careful study of areas of weakness is now determining the magnitude of the government's response in terms of increased allocations and a greater involvement of the donor community.
ID_TLQHVW,These suggest that the public is not too pleased with high levels of immigration.
ID_WNDOWB,"It's been an eventful day in Bermudian political life and the drama may not have ended yet, as I heard from journalist Don Burgess."
ID_BMXENU,We should not wait until we are pushed by the British out of the Privy Council.
ID_UFSTHZ,And could there be a British Colin Powell in the making?
ID_DRVILG,I've been in Brussels since yesterday afternoon and had discussions with the Development Corporation Ministry.
ID_VOZILU,"And I would say that I do not anticipate that he will have any difficulty, whatever, in inviting a CARICOM team, which he originally wanted."
ID_VQGTCQ,"Anne Bawa, the director of the agency's emergency operations, said Haitians were somehow managing to survive from day to day, leaving many observers to question whether there was really a humanitarian emergency."
ID_CSXVIG,"Yes, many people came in from the northern portion of the island, coming into Plymouth and going into the other areas just basically to pick up some much-needed items, clothing, and having something to eat, maybe looking after the animals, and then most of them were heading back out towards the northern part of the island."
ID_JIAEZZ,And match referee Clive Lloyd explains his decision to prematurely end the Sri Lanka-India semi-final.
ID_LUHFGT,It's been very dark and overcast for about three hours now.
ID_MDRMLS,"If the Electoral Council gets things together in a week or so, even with two weeks late, they can still register all those voters within the period they attribute to themselves."
ID_BCYBHV,"From London, BBC Caribbean Report."
ID_TMPFJA,The challenge is to find...
ID_VJXIGI,I'm Oren Gordon and this is BBC Caribbean Report.
ID_FMHIQY,"In Jamaica, demonstrations against a government tax increase on petrol continued in several parts of the capital, Kingston, and outlying areas today."
ID_NFXFFK,"Just weeks before the Seattle meeting of the WTO, poor countries are accusing the rich nations of failing to honor their obligations."
ID_KSKDXG,"Voters across the Haitian capital, Port-au-Prince, were turned away from registration offices on Thursday when they tried to obtain voter cards."
ID_WTCASK,It's the latest stage in a long and expensive legal battle.
ID_IUUIHR,And the Pentagon rejects a vote by the people of Vieques against bombing on the Navy range on the island.
ID_MESWEX,The police said they had a tip-off about arms being kept at the mosque.
ID_KTWYGZ,this morning for what has been described as one of the biggest demonstrations ever in Barbados.
ID_UKPAAI,"From London, BBC Caribbean Report."
ID_DJNZXU,"And then there's the question of the Buftons, who have lived on this island acting as wardens for the better part of three decades."
ID_KQFGMV,Our St Lucia correspondent Pete Ninval has been talking to the Prime Ministers to try to get details of their recovery plan.
ID_DAGEYH,And that ends today's edition of BBC Caribbean Report.
ID_WILOKO,And Jamaica begins to count the tourism cost of the recent violence in West Kingston.
ID_BKVOMF,A bill amending the Constitution to remove Speaker Oka Sipol is up for debate.
ID_EBMNXE,The international Red Cross is to come to the aid of drought-stricken Guyana and cool runnings all over again.
ID_WRXHEN,"1991 and the election of a PNM government historically more open to the suasion of labor has not brought change favorable to the unions. In fact, the unions are now contending that the PNM is simply implementing and seeming to do so with a great passion all of the structural adjustment policies of the NAR."
ID_IMEEVE,"Well, and so what if it's the twenty-sixth of March?"
ID_BJPITK,"This has drawn a sharp response from Commission Chairman Mr. Rudy Collins, who says it is a dangerous development."
ID_UVAMBB,"At present, the agreed CET ranges between zero and forty-five percent."
ID_SGDDTA,"Well, I know that trade unions, workers generally, have been receiving blows over the past ten, fifteen years."
ID_EGYLNF,"Anguilla's elections have been slated for the fourth of March, with the twenty-third of February being nomination day."
ID_MJZLQV,Montserrat's volcano rumbles back to life.
ID_UDNEWJ,Those problems lead into a kind of disintegration within the whole heart of the country.
ID_EENQYC,They've also asked for step execution for their client.
ID_XPVYCE,Mr. Horstead was expelled by the opposition United Progressive Party because he worked as a lawyer for the project.
ID_HDARLY,"In my area, I've already seen a number of roofs falling apart."
ID_GRMHCZ,"We have said and declared to them that we are very, very willing to go on with the negotiations with all urgency."
ID_QGVOSF,Political tension heightens in Haiti in the wake of the murder of a prominent opposition senator.
ID_XWLUZU,That's a direct result of the two crashes in December.
ID_GLAJSB,It is an onerous burden and a grave responsibility.
ID_XUIBSN,"Their brief is wide-ranging, trade, debt, tourism and the environment."
ID_FGGPKP,"He says Virgin Islanders and other Caribbean people in the US, for that matter, ought to focus on integrating into American life."
ID_FMBZUG,"And late this afternoon, reports from around the island..."
ID_XQFBDJ,It's the fourth day of Britain's new government and it's been a long weekend of cabinet appointments and pronouncements from Prime Minister Tony Blair and his new cabinet.
ID_LSPLEG,and the Jamaica Cricket Association tried to find answers to the Sabina abandonment.
ID_NKDLID,"Bazin, a former World Bank technocrat, has extended an olive branch to ousted President Jean-Bertrand Aristide, but President Aristide has steadfastly refused to do business with him."
ID_AHZDIM,Vincent and the Grenadines and Barbados have all launched websites describing their progress in sectors such as healthcare systems and banking.
ID_VNPOYP,"The four are all being held for murder, were read death warrants, although their final appeal had not been heard."
ID_DLDKPB,Carol Orr reports that Barbados is among countries warning that it is now time to give up the Privy Council.
ID_KTCJMO,"We already see an exit poll has been done by BBC, polling fourteen thousand people as they left the various polling stations around the country."
ID_WWUGCH,We deported exactly four hundred and thirty-one Haitians.
ID_OYWTKZ,That aspect of the cleanup campaign has begun.
ID_OVAGVX,"The windows of several shops and motor vehicles were broken and many persons, mainly of Indian descent, were attacked and robbed."
ID_ABSIIT,Police in the Dominican Republic use tear gas to break up hundreds of demonstrators preparing to march in protest against the government's economic policies and the high cost of living.
ID_EUUKFZ,"From London, BBC Caribbean Report."
ID_PBLCAY,"But Argentina is seeking better trade relations with South Africa, and it is likely Mandela will receive a warm welcome there, but little support."
ID_PGZNEL,Guyana's opposition threatens legal action against the appointment of a new president tomorrow.
ID_WQOBIU,"Three hundred million dollars, six high-class hotels, three championship golf courses."
ID_AWUNWP,"From London, BBC Caribbean Report."
ID_GBCYPX,Because unless we develop our human resources...
ID_QNHAEY,"And tropical storms Karen and Louise were formed on Monday, making the first three months of the nineteen ninety-five hurricane season the busiest in sixty-two years."
ID_DIQZFP,The United States will give six million U.S.
ID_AQEVEU,The OECD report gives other nations until two thousand and five to change various parts of the businesses including ending tax breaks to encourage business.
ID_LPEOQW,"Hurricane Mitch, although it has lost some of its strength, has been hugging the Honduran coast."
ID_RDVLZQ,"To order a complimentary copy of your personal credit report because you were denied credit, employment, or insurance within the last sixty days, press two."
ID_UHNOPW,"From London, BBC Caribbean Report."
ID_ATXSRL,"Also, government is considering removing voting power for such new citizens unless they've been resident in Dominica for five years."
ID_DIIQGB,I'm Ken Richards and this is BBC Caribbean Report.
ID_NVMAET,"According to the Seven, who outlined their position in a letter to the Prime Minister, the government is now in the midst of a constitutional crisis, highlighted by his inability to present last week's budget in the legally and procedurally required manner."
ID_PKCSHL,"The main opposition party, the Dominican Revolutionary Party, said there had been break-ins at the homes of twenty of its members."
ID_UNBEKG,about how the country will be viewed by the global community for dropping out of the convention.
ID_SIZSRY,Shades of the Albanian pyramid crisis as a similar scheme thought likely to fail in Suriname.
ID_MOPJJX,An Antiguan MP says his name is next on the fire bombers hit list.
ID_GKAQKL,"And he's part of that confrontational history, which I think the country is moving away from."
ID_ZBLEFT,It would seem that this now is a retaliation.
ID_VNNQVJ,"At the International Reeling Commission's annual meeting in London, the sanctuary proposal received less than the three-quarters majority needed for passage."
ID_KJKTBS,It has not been worth the money put into it.
ID_YOYPIL,Haiti and the Dominican Republic seek an international presence to oversee the deportation of Haitian illegal immigrants and the second trial of OJC.
ID_XZYDFP,"As a result of that incident in March, nineteen ninety-eight, Dr. Joseph was hospitalized."
ID_DNTVVX,That's it for this edition of BBC Caribbean Report.
ID_LJIXMJ,Now the opposition JLP is calling on the government to respond to the voice of the people.
ID_RIOWYD,"In today's edition of BBC Caribbean Report, Pat Thompson of the Caribbean Association of Industry and Commerce and David Jessop of the West India Committee express their fears for a region unprepared for the tremendous challenges ahead."
ID_BBFRVW,A Paris-based organization hoping to drag Cuban leader Fidel Castro before the courts for alleged crimes against humanity is supporting complaints to that effect from three of its members.
ID_GZDWMD,"After lengthy talks between players and officials at a Heathrow hotel over the past two days, both sides acknowledged that the dispute originally stemmed from a misunderstanding between the two parties."
ID_QNFJID,I am satisfied that the word of the Dominican Republic is worth nothing.
ID_YVEYJY,I'm Oren Gordon and this is BBC Caribbean Report.
ID_WBTRWJ,"Last evening, one of the main roads leading to the city, which passed through the village, was barricaded with three trunks which were set on fire."
ID_GGFATJ,"The latest outbreak of violence started on Tuesday, with demonstrators protesting against the arrest of pro-independence activists."
ID_UQHUDW,"There were too many cooks between London, Barbados, Antigua and Montserrat itself."
ID_OKUIDX,Mr. Pierre is on record as having indicated that casino gambling is essential to help expand tourism and diversify the national product.
ID_IBAHFC,"In Suriname, voters are today electing legislators to the National Assembly who will in turn select the country's president."
ID_CPAUXR,"To date, an estimated two thousand three hundred Haitians have been intercepted by the US Coast Guard since the exodus began in the wake of the September thirtieth coup."
ID_EQIRMC,They are sick and tired of being described as y'all Americans.
ID_QFSDMW,"From London, BBC Caribbean Report."
ID_UGHKYJ,Ramesh Mirage attended a meeting of CARICOM's attorneys general in the Bahamas last week.
ID_RVTSMX,"Dr. Carrington says the Georgetown office does not have the resources to deal with all the short-term extra work of dealing with NAFTA, the European single market, and reviewing the common external tariff."
ID_GJNRNA,"And for the first time, this included the substantial Haitian community living in the country."
ID_YKAELT,The union officials are still locked in discussions with the government this evening.
ID_JNKJWI,I'm Leslie Goff and this is BBC Caribbean Report.
ID_DOEBBN,"Mr. Oshkum, also an opposition senator, received a four-day prison sentence when he refused to tell Coroner Winston Saunders where he got a letter written by death row inmate John Higgs."
ID_BEFYOX,"The US treatment of prisoners from the war in Afghanistan is drawing criticism from both human rights groups and the media, with the issue also being examined in the British Parliament."
ID_OBFRFN,"From London, BBC Caribbean Report."
ID_WZVFGV,Many at the meeting stressed the amount of goodwill this time around.
ID_ALCEAP,We do not know for certain if it would have a negative impact on the image of St.
ID_XJRBVE,The main body of the protest was scheduled to move on to the headquarters of the telephone company this afternoon.
ID_VKVJHE,The fact is that the conditions are varied.
ID_PTEIWO,and a problem which in the long term could in fact affect Bermuda as well.
ID_ZDWUNK,The Guyana government agrees to a number of opposition PNC demands and Puerto Rico in confrontational mode as the US Navy prepares to resume military exercises.
ID_RBDPIH,"As Trinidad's Express newspaper puts it, it is clear that fears about what the Y-to-K problem would have done were more unreal than substantial."
ID_MXMOKT,And it's just a matter of finding a mutually convenient date when we can exchange letters and make the arrangements for the presentation of credentials and so on.
ID_OZOYIZ,"When you start getting to a teenager, you really want to know."
ID_JEUYDX,"There does, however, appear to be some substance to yesterday's report that at least one member of the Group of Seven is wavering, and a lot may depend on the last conversation he has before going into Parliament on Thursday."
ID_XTYMQC,The country's chief minister says he needs another look.
ID_YXUBXU,Lucia will nominate candidates tomorrow for next month's general elections.
ID_IOUHKP,Caribbean countries make strong pitches for fair trade at a UN conference on small states.
ID_IEYRQO,"I'm Debbie Ransom, this is BBC Caribbean Report."
ID_XXDBZU,Guyana wants the region to stand firm against US pressure to reduce the CET and the OAS admits the embargo against Haiti is a failure.
ID_IJXQEX,Are you happy that the British government is doing all it can to assist Montserrat?
ID_JAVTQB,"If I left hurriedly in a precipitous manner, it would create a lot of turmoil in the country."
ID_ZQRTAG,things about irresponsibility in the use of existing rights and pointed in the direction of trade unions and others.
ID_NHHFHZ,and others still will swear by the road make to walk on Carnival Day.
ID_KUOGRL,The Washington-based Nuclear Control Institute says nations not consulted in advance have the right under international law to block passage of highly radioactive waste through their maritime zones.
ID_HLHYDP,"been taken of a contingency nature, I would say that perhaps little has been done."
ID_NAVQVH,"The judge therefore ordered that Thomas be removed from death row, but be detained at the state prison at the pleasure of the President of the Republic."
ID_LTKBAQ,"However, in a statement today in a local newspaper, AT&T's public relations says it was the GT&T who began blocking calls from the USA."
ID_NGUUUR,"Well, one needs only eight to form a majority, really."
ID_KSKMQP,"In order to revamp the police service, one has to look at what's ruling the police service."
ID_MZKPVW,"But when he aired those concerns last January, the Foreign and Commonwealth Office said there were no plans to introduce such powers, but Britain was at the time restating its right to do so."
ID_BCHGAI,Should he return or should sporting comebacks be left to the boxers?
ID_KODNOU,"From London, BBC Caribbean Report."
ID_CBGKZG,"Third parties have come and gone over the years, but this one appears to have a large potential following."
ID_JYHSQB,So what if it's the second or third of April?
ID_BWTNUY,"Bird Sr., have touted Detotan's Asian village as the key to Antigua and Barbuda's economic prosperity entering the new millennium."
ID_WBHJOB,"in the newspapers and the station, radio station in both countries. There's a lot of talk about the massive invasion of Asian illegals here in the Dominican Republic."
ID_EVKQPX,More bodies recovered from the area devastated by last month's eruption in Montserrat and the peacekeeping mission in Haiti extended.
ID_LZMYEA,"Despite the differences over the Helms-Burton law, the United States and Canada today sounded a note of conciliation on the measure."
ID_EPXFAQ,"Maybe at the moment they may find that it is not hurting them sufficiently to respond to us, but we hope that very soon they will respond."
ID_JXXVXS,"Recently, Mr. Jessup spoke in Puerto Rico and outlined a fairly long list of failings on the part of the Caribbean to gear itself up properly for the challenges ahead."
ID_ZXHKLR,I asked PSOJ's Executive Director Charles Ross what action would they recommend for Jamaica if the CET issue is not resolved to its satisfaction.
ID_RRACIO,We will continue our consultation.
ID_HICWCU,a challenge to OECS leaders to properly finance the integration process.
ID_CXYYIQ,"He's not a banker, he's not a teacher, it's somebody that'll work alongside as a friend, as a coach for the youngster."
ID_FFIYBF,A report in the Daily Observer newspaper said the government was spending half a million U.S.
ID_XYQXEP,"But for scientists, Montserrat's active volcano has provided a rare chance to study just how volcanoes work."
ID_NIHTLI,could prompt the Europeans to re-examine the banana regime.
ID_ALDRDV,Mr. Emery responded to Mr. Carrington's comments when I spoke with him earlier today.
ID_MPCYUN,and he seemed prepared to use the occasion of these meetings here as a prelude to EU negotiations and discussions.
ID_NCAKAI,Three people are shot dead in an operation by Guyana's anti-smuggling unit.
ID_LOJYDW,Other countries have been doing their best.
ID_MSSNPU,"that government has ever succeeded in, especially these days where private enterprise puts so much emphasis on service."
ID_PPABWJ,"Sittings of the National Assembly have not yet commenced, however, since the government and the main opposition have not been able to agree on a number of issues connected with the composition of six new parliamentary committees."
ID_FJXVBZ,Mitch with wind speeds of one hundred and fifty-five.
ID_HOICZC,it seems that this continuing political saga will captivate interest and attention and perhaps reach its climax in nineteen ninety eight michael roberts and from trouble on one twin island republic to another trinidad and tobago has witnessed the long-running battle between its prime minister now two years in office and the country's media the war of words started two months after
ID_BPFFUT,"That would leave the Tobago Minority Party, as it did in nineteen ninety-five, to decide which party will govern."
ID_BPKYCF,Criminals cannot be permitted to do as they please in this country.
ID_WUMGNL,That could sort of conservatively mean well over seventy eight million dollars and that's just for starters.
ID_MGGBXV,"There are all kinds of factors involved, and I have put forward a proposal whereby we can get speedier decisions and hopefully better decisions in respect of the implementation of projects by giving countries, people from different territories, responsibility for some aspect of CARICOM affairs."
ID_IITVUH,The minister said he has been told that one small agency here has already closed down its operations.
ID_SGNNGQ,"On the high seas, Cubans are screened to see if they may have a well-founded fear of persecution before they are returned to Cuba, having been intercepted by the U.S."
ID_IPOQSJ,It's the same for other infectious diseases like tuberculosis.
ID_KIXOSA,"This is causing an increased demand on the ESO and Texaco surface stations here, in spite of repeated reassurances by the government that fuel supply is guaranteed."
ID_WOSLRG,"Colin Smith in Georgetown, Guyana for BBC Caribbean Report."
ID_EYZQNR,"As tension mounted Wednesday, the PSU President Patrick Yard threatened appropriate action for the police raid."
ID_OYKUJY,"One, that the father didn't know that the child was coming, or that the father didn't agree with the child staying in the United States."
ID_UKVIFE,"They blame the government, they accuse the government of the economic problems they are facing now."
ID_GIHGLV,Antiguan Prime Minister Lester Bird has reshuffled his cabinet and the question of freedom of the press in Grenada continues to divide the government and the media.
ID_JTCZSV,The United States has formally vetoed the candidacy of Dr. Boutros Boutros-Ghali for second term in office as Secretary General of the United Nations.
ID_WKPRLH,"From London, BBC Caribbean Report."
ID_JSWLHE,Police and demonstrators have again clashed in Guyana.
ID_MXSWBM,"We're concerned, he said, that the banana giants will continue to invest in Africa and wipe us out."
ID_MKQGFN,Antiguan government MP Hugh Marshall believes he and Foreign Affairs Minister Lester Bird are next on the list of senior figures facing criminal attacks.
ID_JJPCEU,A Cuban exile group in Paris wants Fidel Castro brought to trial for alleged crimes against humanity.
ID_WJKATN,Four persons killed in Jamaica as violent protests over petrol hike continues.
ID_XHPHTQ,through which no one can punch any hole.
ID_COOMOA,"The experiments, I think, proved to be a bit of a poor show."
ID_JWETRU,Welcome to this special edition of BBC Caribbean Report on the Caribbean campaign for the two thousand and two football World Cup.
ID_KZSWWR,"He has, to some extent, restructured his own domestic ministerial portfolio to ensure that currency is given and support is given to fulfill that commitment that he has made to bring the single market and economy in place with the assistance of his CARICOM colleagues."
ID_USLRHJ,Election Commission Chairman Rudy Collins told Caribbean Report the word civic was inadvertently omitted.
ID_CMAYUC,Vincent and the Grenadines has announced the terms of reference for an inquiry into the country's prison.
ID_QOXRDR,I've been under this incessant attack by this man and his people for over three years now.
ID_ZNIQNK,The committee was set up by the ONAF administration to monitor non-tariff barriers in CARICOM and to advise the government what steps to take.
ID_WFCZGT,And so it was basically a timing issue and there was just an inconsistency.
ID_UBUZSP,I'm Ken Richards and this is BBC Caribbean Report.
ID_LGMFOY,"There's a new wind blowing through the regional integration movement, and as our Caribbean correspondent Alan Tomlinson reports from the CARICOM conference in Grenada, that new wind is being generated largely through the presence of one veteran politician."
ID_TRNWEM,But whether that will stretch far enough to actually displace the Speed Wing recommendations is a matter these workers won't have much of a chance to influence further once they've made their case this week.
ID_CJFYII,I'm Mike Jarvis and this is BBC Caribbean Report.
ID_QJIHWF,It apparently wants to cease eagerly after having lost the initiative in the peace talks.
ID_MDQTUU,Pat Rosso explains the decision and its consequences to a noisy news conference.
ID_TGJODJ,I'm Leslie Goff and this is BBC Caribbean Report.
ID_AFECED,I'm Jessica Robertson and this is BBC Caribbean Report.
ID_UDGCYR,Several countries have been asked to accept some of the Kosovars because of the war in the Balkans.
ID_UNXZZU,Increase surveillance over the banking and financial system to ensure solvency and stability.
ID_ULSSAT,and a regional academic hails Cuba-Caricom Joint Commission.
ID_VFVKXE,"He was under the impression, when he spoke with Caribbean Report in June, that the six CARICOM countries involved in negotiating a multilateral agreement with Britain were fully supportive of Barbadian objections to the agreement in its proposed form, and would present a united front to the British."
ID_KQQEBM,"As I pointed out in my speech, we can have many economic and social programs."
ID_HXEODA,"Aside from that, I think members of the media have moved on to other news events."
ID_SSDZTS,The British government also urged Mr Hughes to work towards forming a majority government that enjoyed the confidence of the electorate.
ID_WVCYQV,"I got my own views, which I bet not save for publication."
ID_QRZYKT,He has been monitoring earthquakes and volcanoes in the Caribbean since nineteen sixty-four.
ID_JNKPHX,"For the Caribbean region, Cuba remains the main concern at the moment as far as the likelihood of a direct hit."
ID_MAREOA,"Overseas Development Minister, Baroness Linda Chalker, says some of the money would go towards a port in the north."
ID_GEOSFL,But is it proper to use an address in your capacity as Prime Minister to attack your electoral opponent?
ID_INPAQS,"I want to say, however, that I have no mandate on the part of government to work towards political union, not yet anyway."
ID_GALNIF,The attack has dampened hopes that OAS-sponsored talks between the two sides on solving the country's political crisis will take place soon.
ID_DXCTRS,"Meanwhile, a man who was arrested in connection with starting the fire may be facing multiple charges of arson."
ID_BPVDJK,"The Jamaican army is patrolling the streets of the capital Kingston after some of the worst civil violence for many years, in which more than twenty people have been killed."
ID_PNKRIK,It would seem that today's initiative to call the General Council meeting started last night.
ID_GRVSZI,sorely disappointing US legislators.
ID_NTHXMH,The causes of the problem are socio-economic.
ID_PCDPVU,"From London, BBC Caribbean Report."
ID_OKBSBD,"The Caribbean has perceived in Washington as being a group of disparate, argumentative, small countries of no real importance to the United States, either politically or commercially."
ID_KNEHDO,Ideas sometimes take rigid form.
ID_KZJGGL,"What can he do in terms of moving forward the CARICOM, the wider CARICOM agenda?"
ID_CYDQLX,"After smashing its way through the northeastern Caribbean and southern Florida, Hurricane George struck the Gulf Coast of the United States."
ID_MFYQZA,"Actually, at the time, I was in the bathroom, and I heard a loud boom, and the building shook violently, and when it did, I thought something must be wrong."
ID_XRHZUN,The visits will be important in establishing Charles' credentials as a statesman in his own right.
ID_PIIHNL,The WTO ruling on bananas expected to dominate the ACS summit in Santo Domingo this weekend.
ID_WXFSWI,"But some things have just been, as you would say, unplanned, in the sense that creditors are now on the back of the company."
ID_FQNYQT,Cuba denounces the Russ late in an effort to force CARICOM countries to distance themselves from Havana.
ID_GMQEHM,The OAS is proposing a rerun in eight disputed Senate districts.
ID_BWYTQS,"And on Tuesday, the 30th of March, the people of Jamaica will see..."
ID_ACNWHK,"The government has been strongly criticised for its handling of the country's economic situation, having introduced tough measures in what's best described as an austerity budget past the last year."
ID_BUJVKW,No one can get back until Avril goes himself.
ID_ORIAPS,"But David, wouldn't you say that a lot of those efforts have been scattered, that there's been a lot of money wasted, that time is running out, there's a possibility of a recession in the United States, and at least from a tourism point of view, Cuba opening up?"
ID_BSSTBB,And they're both very effective.
ID_KHUXPJ,"namely the investigations, the resort to the law, the coroners for their own inputs."
ID_DLNLFY,How serious are the four Southern Caribbean countries
ID_GQWOCV,"And in fact, yes, Clifford is ready now."
ID_AAZKDD,He says discussions around that subject preoccupied the leaders in this morning's session.
ID_FYOKEI,I'm Keith Stonegraves and this is BBC Caribbean Report.
ID_SYJQYU,in terms and conditions in the globalization of trade.
ID_DLGYFH,"Jamaica's National Security Minister, KD Knight."
ID_LZNHFW,"Civic trade protocols, such as those for bananas, beef, and sugar, never really got discussed."
ID_BZNKTO,And do you think the Caribbean countries will take this initiative?
ID_RCYBAM,"The unions influenced the work stoppage yesterday in protest of the appointment of Guyanese Lyndon Forbes Bollas as financial analyst, a job they believe should have gone to a current employee."
ID_TLAAPR,The Christian life is doctrine and liturgy.
ID_XBDDPS,"has returned the seven hundred and thirty five thousand US dollars, or twenty six million Jamaican dollars, he had in accounts in the United States."
ID_ZWEVPU,"Even the organizers did not appear, and the people showed by their turning a cold shoulder on them that they are not manipulable, neither by the opposition nor by the government."
ID_SCRWCC,"For BBC Caribbean Report, this is Clifford Smith in Brussels."
ID_AWPFKK,"And the cost of that, of fixing nine schools, three factory shelves, putting comfort life in place, is just about one point eight million dollars ECM I'm talking about now."
ID_MXHEHI,So I have a suspicion that there is going to be a general dissatisfaction on the part of a whole lot of people with this whole idea of amnesty.
ID_WZIIUG,He said Geist would make a fuller statement when it obtains a copy of the Permanent Secretary's report on the meetings.
ID_KOJSXH,The Prime Minister made his decision on the basis of a forensic audit report on the benefit scheme.
ID_VYWVXD,The meeting that attracted investors on the weekend was very well attended at one of the best hotels on the island.
ID_REDYKS,We'll be hearing more from Dame Eugenia a little later.
ID_XJUIJY,Lucia's Prime Minister hits out at the World Trade Organisation and stopping over in the US.
ID_ZEFJCN,The Commission is the executive bureaucracy of the EU.
ID_UOCTVT,Immigration authorities said the increase in deportations was the result in part of the success of their efforts to identify criminals who are not citizens while they're serving their prison sentences.
ID_RXARRK,because I think they are interested in financing that is available through Lome.
ID_SFRMAD,but they've identified a number of areas where they can move quickly on integration.
ID_HEHWQD,"One gets the impression, though, that this whole issue with the Caribbean and the Dominican Republic is sort of a preview of what is going to happen come when the barriers go down and free circulation is the norm."
ID_RTDSHZ,"The committee report is a major boost for Omai, who argued from day one that the massive Esikibo River diluted the toxic waste concentration and no harm was done."
ID_NMJHMB,"We'll hear shortly from press spokesman of the Ministry for Haitians Overseas, Jacques Genesse."
ID_QNPNFV,The opposition and local environmentalists are charging that the conversion of the wildlife sanctuary into a luxury tourism resort would wreck it environmentally.
ID_KXJCVD,"Even before the first shot was fired in the Gulf, Caribbean tourism was feeling the pinch."
ID_QJDBNN,"How to secure a roof, food, a job, medicine."
ID_HFAQPY,And I'm hoping that good sense will prevail on the part of the government in this and an award which is made is of an order which will cause them not to be further disturbed.
ID_WMMRPZ,Why do you think she has not gotten the sort of support that she wanted or needed?
ID_GLEJKT,"While I accept that there's genuineness everywhere, and the Prime Minister is my very good friend, I like him."
ID_TFOYLS,"Now, the Labour MP Clive Soley is sponsoring a motion in Britain's House of Commons saying this House is appalled by the racist content of a recent statement by Terry Dick's MP and that unless the Prime Minister and the Conservative Party disassociate themselves from Mr Dick's views, they will stand condemned as sympathisers of opinions which are reminiscent of Nazism."
ID_FMIHGX,"Meantime, lead defence attorney Kenneth Foster said today's ruling could set a precedent for similar death row cases in the region."
ID_WLLHNN,A memorial service was held today in quarantine Guyana to mark a year since the cruise ship MV Phantom was lost at sea.
ID_ZUGBHP,"A strong defense of offshore financing from Barbados, and banana representative says rescue package will be tough on farmers."
ID_PCWBTP,We may have to look at other species and close the season for a much longer period.
ID_JUGCUI,This time the bombs fell presumably from F-A-A-T-E-N jets.
ID_CFODNC,"It's just to a lot of the people in the community, very interesting that he inserted that independence aspect in the statement he gave."
ID_DBGPKE,"In Martin, residues of oil, like tar, have been washed on several of the island's favorite beach areas."
ID_PCDWON,He had not calmed high passion down and stopped the bloodshed.
ID_ATZWCW,"The Jamaican authorities come out fighting to salvage their record on police brutality and could moves be afoot to find a successor to Trinidad's Prime Minister, Basdeo Pandey."
ID_CTJPLY,I'm Oren Gordon and this is BBC Caribbean Report.
ID_ESWJRY,"From London, BBC Caribbean Report."
ID_VLXLQU,"Yet, looking at the Prime Minister in politics, I will need a lot of convincing about the genuineness of such an offer."
ID_SONSNH,"Bahamians are voting in general elections today, seeking a government that will crack down on crime and create more jobs in the islands."
ID_NBPXIQ,"As Lou Smith reports, bananas dominated the opening of the twenty-sixth OECS Heads Meeting in Grenada."
ID_FTGLLT,"I mean, since it moved over the west of the island, there's obviously some fears that tobacco crops might have been affected."
ID_MHHACS,"Then, just as the sporting world was preparing to redeem itself at the World Athletics Championships, one of the stars of the track, Merlene Otte, found out that she too tested positive for Nandrolone."
ID_RWGOEK,The EU-ACP meeting ends in the Bahamas this evening.
ID_YIVDLX,"And former Antiguan leader, Villa Bird Senior, speaks up in defence of his son."
ID_FFTSMA,One mother who has moved to Britain because of the threat says her children have been traumatised by their volcano experience.
ID_KGFWBN,Today we speak to Dr. Mitchell and to opposition NDC member Dr. Francis Alexis to get their reaction to what could be considered a new crisis in Grenadian politics.
ID_ZLENHZ,Has the audit of Guyana's elections validated the results or not?
ID_HOUBWG,"From London, BBC Caribbean Report."
ID_SJDQWB,The British governor in Anguilla wants to be left out of the political wranglings on the island.
ID_OJCGAE,"From London, BBC Caribbean Report."
ID_CXECAO,Tropical storm Irene has prompted the Cuban government to issue a hurricane watch for portions of the island.
ID_LBZPKJ,"From London, BBC Caribbean Report."
ID_OQOPFQ,"Our first concern was that the due process, the rule of law."
ID_FSAYOF,But the priority has to be established in the context of what resources are available.
ID_TTCPPF,"However, as Reval Alderson reports, the September third date set for the local councillors to vote among themselves for the president now seems in jeopardy."
ID_PMGCVO,"And while applauding the Jamaican government's moves towards liberalizing the economy, Executive Director of the Private Sector Organization of Jamaica, Delroy Lindsay, says the economy is being hampered by short-sighted government policy."
ID_CYACWD,BNC officials have not yet commented on this question.
ID_JMRFRU,"After a weekend of clashes between residents and security forces in a poor neighbourhood of Kingston, the country is reported tense."
ID_EZTHIV,The Dominican Republic's delegation to the X CARICOM Summit is confident the leaders will give the green light to their bid for Lome membership.
ID_MMWVNI,"The organiser of the meeting, Haitian-born Steve Kopu, said he hadn't decided whether he was for or against the legislation, but was mostly concerned with ensuring that Caribbean people in the United States had a chance to have their say before the bill received final approval."
ID_JVXTLQ,OECS Director General says the organization is in dire financial straits.
ID_DQPMRL,That shared experience means this conference will include discussions about social policy and debates about how to manage linguistic and racial diversity.
ID_VACMNG,"And there is a feeling, too, that the government was not able to..."
ID_QOBQXY,"Well, this was the declaration in Grenada last year, and we very much hoped that that could be met."
ID_CEXEQM,The International Sugar Organization faces closure as some member countries fail to pay their dues.
ID_EUUUYI,"Banana-producing countries in the African, Caribbean, Pacific grouping are trying to come to terms with a World Trade Organization ruling on Europe's banana import regime."
ID_KCNJMV,St Lucia's corruption commissioner steps down.
ID_KHFRLN,Debbie Ransom asked journalist Gary Twominan how the voters were likely to go.
ID_SBQURC,"Kitts and Navis, and the Premier of Navis, Vance Emery."
ID_IJBKFP,"GATT defers discussion on challenges to the current EC banana regime, but agrees to set up another panel to review challenges to the new regime."
ID_GNCBAD,"After a meeting involving both captains, the umpires decided to call it off as they could under the rules."
ID_KTBACN,"We just did not get everything totally correct, and to her is human."
ID_DYUFJU,and to ensure that St Kitts regains the prestigious title of Paradise of the Caribbean Islands.
ID_YEAFFA,"I just want to remind you that in the first year of the revolution, when he came into Havana, he made a number of statements."
ID_OIVMBA,"The opposition National Alliance, which intended to present a united front against the governing St."
ID_LIATIU,"In Jamaica, shops, schools and businesses reopen as life slowly returns to normal after three days of protest."
ID_LHGNBY,"From London, BBC Caribbean Report."
ID_COCOEU,Creole is getting more play on the private airwaves as well.
ID_YYXUKX,"So I asked the Director of Elections, Danville Walker, when that list would be completed."
ID_LEPPVS,and how well they were doing without bananas.
ID_IJLHYZ,"The Lucia Labour Party, while acknowledging that there was a low voter turnout, said that with more than one hour to go before the close of polls, there was every possibility that there would be a last-minute turnout of voters."
ID_CGHGMJ,Mr. Pandey himself has since moved to defuse the situation by calling for a government of national unity.
ID_MXTCCL,"From London, BBC Caribbean Report."
ID_PBOIAF,So it just passed over and tore up everything in its path.
ID_QDNNSU,"The CDB says unemployment figures in the Caribbean need to come down or economies will suffer, and high hopes for the new-look regional cricket competition."
ID_VJABCR,"So up to now, it is extremely difficult to move in Antigua."
ID_QDXRXG,and the report is to be given the latest September thirtieth.
ID_SXMIVD,"After the swearing-in ceremony, Lester Bird explained why he was attracted back to the fold."
ID_XAALMY,"And while the West Indies youngsters lose in Australia, the masters are through to the final in Sharjah."
ID_ISXAAY,"The Commonwealth Summit behind them, many leaders will now focus their attention on the upcoming World Trade Organization meeting in Seattle, Washington."
ID_HZZGNJ,I'm Mike Jarvis and this is BBC Caribbean Report.
ID_ZGAGCE,"He arrived earlier today to, as he says, patch up the relationship between Britain and Montserrat."
ID_XDCIPZ,"So that concerns us at CARIC that, unlike some other areas where we have made great strides, for instance immunization, this is the first region of the world to eliminate measles, we're not doing so well with AIDS and sexually transmitted diseases."
ID_KBGSVX,"Is it going to be as low a cost as Mexico to do it, or is it going to cost the farmers even more?"
ID_OCRQJZ,"This had been said earlier on, but because we are not certain of the terms of the agreement which appears to have been reached, one can only speculate."
ID_MPKZIA,"One of Montserrat's former chief ministers, John Osborne, speaking after the November election which led to a coalition administration headed by the present chief minister, Bertrand Osborne."
ID_ZTLCBB,"Well, CARICOM has its pupus and its position."
ID_UBXSWO,The ISO is a body which brings together all of the world's sugar producers.
ID_WLJZAY,"The main thing the French and the British are saying is that the banana import quota was part of a very delicately balanced agriculture package, and that if the Dutch and the Belgians withdraw from the banana element, they could also lose on other European agricultural funds."
ID_IRIAGU,"From about six this morning, traffic has been at a snail's pace as the workers press their demands for better wages and medical checks."
ID_DNFVKE,it is obvious that these people have blood on their hands.
ID_FHUSZD,"As we hear in this report from Lionel Martin, the doctors had allegedly planned to blow up the president with dynamite."
ID_VAZIAP,"In the case of Alexis, I knew he would have lost, but I did not think that we would have won by that comfortable majority."
ID_ELJOWT,But that could change if Britain's review of its policy towards its dependent territories proceeds in the way some want it to.
ID_UQLZYO,"In the deal, the government will receive five billion U.S. dollars."
ID_IMZOVI,"Officials there say the implementation of policies to develop human resources, protect culture and preserve the natural environment should precede plans to woo holidaymakers to the region."
ID_UPGRLY,It is also being discussed around town exactly how affluent and liquid the Malaysian investor really is.
ID_OEYUKK,"We've had a little global warming the last century, that's true, but in my view and many other views, it's just natural that it would have happened whether we had been putting out more greenhouse gases in the atmosphere through fossil fuel burning or not."
ID_ZILRUQ,There's been no change in the United States' position following its latest threat to slap heavy sanctions on selected products from the European community over its banana import regime with Caribbean communities.
ID_IZCTPL,is a political comeback on the cards for St.
ID_HOFBLZ,of these talks that should in first instance take place in neighboring French Guyana between Ronnie Brunswick's jungle commando and a government delegation.
ID_CMYEUH,"So that emergency power would be coming into effect any time now, really."
ID_SFZMKU,A total of twenty-three inmates have escaped in three separate jail breaks since March.
ID_ERUCPD,Rising petrol prices a crucial issue as voters in Dutch St.
ID_CNZRPR,"At the port, we put in place the canine dogs, we have the airport police, and we have the narcotics police who do profiling of passengers, and those, based on the trend that come under scrutiny, would be taken aside and given a search."
ID_XLVQIM,"Musical bliss, always been a high-class filly."
ID_VITQXM,Admiral Kime said all refugee boats would be directed to return to Haiti.
ID_HZNITP,It is not as significant as the defections of Lass and Griffith.
ID_EEGAKR,The announcement of the dismissal of the men was made last night at a news conference which was called in Kingston.
ID_MJQRVH,Officials say the livelihood of the small banana producers must be protected.
ID_JZPNSP,"Since the trade of Eastern Europe with the Third World is still very low, I would expect that with the revival of the economies, with the economic reform triggering an interest among Polish or Czech or Romanian enterprises to become involved in foreign trade, this may have some impact, some positive impact on Third World countries."
ID_GXUNMM,"From London, BBC Caribbean Report."
ID_YPWCIK,Journalist Jean-Michel Catouin told me a short while ago that the Dominican president has sought to downplay the asylum possibility.
ID_QLJUQO,Canadian Prime Minister Jean Chrétien addressing the fifth CARICOM Canada Summit in the Bahamas today.
ID_FXWFCQ,to these new aid recipients in Eastern Europe.
ID_KZFAQF,Those who leave Haiti by boat for the United States will be intercepted and returned to Haiti by the U.S.
ID_XVGQOD,and we survey public opinion in Canada on the image of shamed sprinter Ben Johnson.
ID_QFQHIR,"The renter's boss, who traveled here for the signing, calls it a kind of marriage."
ID_GYWWJE,"From London, BBC Caribbean Report."
ID_OBTLAC,It was proposed that workers would receive an interim payout of between five and twenty-five percent until the arbitration is completed.
ID_EYCEUI,"However, he could extend the moratorium again in six months."
ID_HSHVKU,Three people are killed in two hijacking incidents in Cuba.
ID_TNJSMD,Told reporters today all security forces were on alert and it was clear the bombs were made by one set of people.
ID_OAXNLB,European Union says it's almost ready to announce decision on banana protocol.
ID_JDPEOC,When will officials be able to go out and assess the damage?
ID_RXRKYC,"Well, I think it's quite jubilant, but it's a sort of hesitant jubilancy because the area around the Red House is still under curfew and it will be for another twenty-four hours, just for security reasons."
ID_UHBSOC,"Mr Jules Wiedenbosch has been meeting with Dutch politicians and the press, telling them that Ronnie Brunswick and his jungle commandos are terrorists supported by foreign mercenaries."
ID_IMAHUQ,"Headlining today's programme, we talk to Dominica's Prime Minister about the country's economic citizenship programme and bananas."
ID_CDYHCR,"But privately, officials at the meeting have told the BBC that CARICOM is willing to pump one and a half million dollars US..."
ID_BQXZTL,"Despite Grenadian assurances to the contrary, it now appears that the island's not-make-pricing agreement with Indonesia has collapsed."
ID_UWJDNT,Already there is a resurgence of investment in that sector.
ID_XPKJPK,Lucia last night with Ecuador's Foreign Minister Benjamin Ortiz-Brennan.
ID_BSFMKY,The never reported most Caribbean economies grew last year.
ID_GRDKPG,This is clearly not an equal treatment when CDB is inviting the bank at its own annual meeting.
ID_KRADZG,"Well, the jury apparently believed the defense's assertion that Mr. Boston's gun went off inadvertently during a struggle with Weber Jr."
ID_VCSQIM,"Also, the chief tell me they believe that if one of this country will to help, they are sure."
ID_TBALIC,"I think that the shiprider agreements have had a significant impact in terms of drug trafficking activities that we conduct, and I think that we are seeing a significant..."
ID_QGJWDP,"The southern station at View Fort, up to four o'clock this afternoon, had an estimated..."
ID_HKIWZH,"From London, BBC Caribbean Report."
ID_UGOLKM,The Caribbean Council for Europe questions the decision to reject the proposal for a CARICOM Commission.
ID_YNRBKN,CaribExpress Corporate Planning Manager Graham Bannister spoke to Caribbean Report about the anxious days since the airline was grounded last Thursday because of heavy losses.
ID_YSKGZF,"Fresh doubts have been placed over the election of a new president for Suriname, despite the fact that it's almost three months since the country's voters went to the polls."
ID_TUVJCM,"With just a few hours left before the polls close, journalist David Reid joins me live on the line from Belize."
ID_ADESLW,Brian Lara in the West Indies squad despite reports that he'd retired.
ID_XSHAOB,Some of the others appear to have cuts and minor injuries.
ID_HNKTVQ,"And indeed, they must be seen as being part of the attempt to retain fraudulent elections in Guyana."
ID_BMZCRW,Local observers call on citizens to take a more active role.
ID_USWOMM,"The guys in London, and I'm putting the challenge to them directly, need to come down and talk to us directly so that they can hear us loud and clear."
ID_FIGWIX,"Following a row over refugees seeking asylum at the Spanish embassy in Havana, Spain has recalled its ambassador to Cuba."
ID_YRBSEA,"I ask Roy Halfcamp, First General Secretary of the General Confederation of Surinamese Trade Unions."
ID_HLELZT,I asked him whether the elections can go ahead in November.
ID_SSJGWV,"We need to put our past into perspective, acknowledge that we have all had our own shortcomings and frailties."
ID_MJFULF,"Also, he said Ghana could face a Haiti-type coup and called for European states to use their influence."
ID_RFETFG,They're going to have competition from cable broadcasters who will be engaged in last-mile Internet service.
ID_YRVIGH,"The PSU demonstration coincided with a sick-out by police officers, the third in as many weeks to pressure the government to address some of their concerns."
ID_SVSFDH,"What the jurisdictions are calling sanctions, we call them defensive measures."
ID_HZITQC,An official statement from Prime Minister Paterson at midnight said Mr. Small had resigned because he does not feel himself the ideal person to conduct a review of the government's present social and economic program.
ID_JRXQHC,"The report on the environmental and economic costs of the spill concluded that cyanide concentrations, quote, never exceeded levels accepted by the WHO, the U.S."
ID_GMMQMF,"Opposition to the exercises have usually been fierce, but they will be muted this time out of respect for the victims of the attacks."
ID_RQLIBB,"As Colin Smith reports, there are fears of a possible return to the violent demonstrations of December and January after disputed general elections."
ID_MFXMHI,A similar appeal was made by President Aristide yesterday.
ID_LBVQJB,"Subject to my government wishes, I would like to continue to be in a position to influence what happens in ACTC cooperation for the next decade."
ID_ZBKMPQ,I'm Ken Richards saying goodbye from London.
ID_NBGJUG,Commercial activity in the capital was brought to a standstill.
ID_YCMZPC,"From London, BBC Caribbean Report."
ID_XJGDTX,Britain has announced a three-quarters of a million US dollar drug fighting initiative with the countries of the Caribbean community.
ID_DBEWZS,"And so Dr. Morella Joseph, who is the leader of the opposition United Workers Party, has decided that that party, that is the UWP, will go it alone at the polls."
ID_EKIJQL,American Secretary of State Madeleine Albright announcing new measures for links with Cuba.
ID_OKNZYJ,On it is also a member of the Red Cross.
ID_BHWLUV,Its aim will be to restore and strengthen democracy.
ID_YKEWNG,"Vincent, much of the Grenadines, Barbados and Grenada are now safe from Marilyn."
ID_KKNITH,I have not seen too much leadership coming from the
ID_AZHBLM,I'm Ken Richards and this is BBC Caribbean Report.
ID_KWMKOD,Prime Minister Paterson announced several agreements reached with Venezuelan President Carlos Andres Perez to force closer links between Jamaica and Venezuela.
ID_MDCFYB,"We wouldn't wish to see the Caribbean producers of rum, who have been making rum in this region for over three hundred years, placed in a position that is..."
ID_OAFLBX,The proposed overall review of how London relates to its dependencies also stemmed from the storm of criticism which has accompanied the Labour government's handling of the volcano crisis in the Caribbean island.
ID_FRPUIX,"Grenada's Prime Minister appeals for stability in the country's labour relations, but a key labour leader says it's the Prime Minister who's causing instability."
ID_HMUUYO,These civil servants are demanding higher wages and for the government to address a long list of trade union grosses dating back to last October.
ID_FFYWKT,I am not giving in to any pressure.
ID_SYVVAQ,"But the nation's board of directors rejected the project and, according to Mr. Hoyt, that was the last communication on the subject, until a telephone call from Mr. Best in May of this year."
ID_SEPJFN,"Police say the woman was shot five times and her eighteen-year-old son, who was also wounded in the attack, is reported to be in critical condition in hospital."
ID_RABFWI,"In a study published today, the organization warns insurance companies that they face financial ruin if they fail to react to the dangers of global warming caused largely by fossil fuels."
ID_OCAVQB,"I think the EU default will make a big, big difference in this election."
ID_SFRPHB,and to allow them to interact more effectively with the other wider Caribbean.
ID_WZORGZ,Jamaica advised to get US help to resolve violent crime in return for a shiprider agreement.
ID_TENCRT,"Father Jean-Yves Ophier, the editor of Liberty, explained to Caribbean Report why President Aristide's supporters disagree over whether he should go or stay."
ID_WBIFIE,The elections were followed by widespread demonstrations by supporters of the opposition.
ID_MXVQTF,I leave the Prime Minister dissatisfied with my performance.
ID_UWRWIB,I'm Geraldine Coughlan and this is BBC Caribbean Report.
ID_OTYAHI,So why did they decide to steal blank registration cards?
ID_ZCRIVQ,Did they survey the Chamber of Commerce?
ID_UMQLVD,"But Mr. Joseph warned that without support, the price could drop by up to twenty-four cents per pound."
ID_YKUEZX,The Trinidad and Tobago manufacturers complained to the Jamaican and Barbados Standards Authority.
ID_LWGYSV,Caribbean Attorneys General deny questionable motive behind Caribbean Court of Appeal.
ID_SGJHWX,"On Monday, the Ministry of Works, as well as the Ministry of Social Services,"
ID_OCNLJB,"The opposition Jamaica Labour Party calls on the Michael Manley government to respond to the people as thousands of Jamaicans stage a protest march, and Haiti's interim Prime Minister appoints his cabinet."
ID_JKNKRZ,I think that is one thing on which we are all agreed on.
ID_NATSXJ,Where does CARICOM go from here after its summit with President Clinton?
ID_IXOVWD,"The bill provides incentives, tax incentives, for US-based multinationals to go into Africa."
ID_XCVRHH,Marcel Raphael is a resident in Curacao who's been monitoring the strike.
ID_BUMFUQ,"Do you think it is important for the country, for the whole process of stability, that one party emerges with an overall majority so as to avoid any coalition after the election?"
ID_QGHPMN,He belongs to a twenty-five-year-old research group on Creole studies known as JREC.
ID_PCNNJE,and kicking down the wires and what have you.
ID_WOEEIF,"When you come to implement those areas, you need more than the single unit representative we have in the Secretariat which deals with those matters at this time."
ID_UCGOAR,"The matter has been taken before the ITU, the International Body for Telecommunications, which has established a committee to look into the issue."
ID_HIVPRM,Things got slightly tense outside the court when some of the demonstrators surrounded the DPP.
ID_PGSKRD,"I'm Hugh Crosskill, and this is BBC Caribbean Report."
ID_EOAMMD,"Most people have moved out of Belize City, which is along the coast."
ID_KAMOMV,and a Trinidadian golfer is off to a good start on the European competition circuit.
ID_DAPJRA,"With last-lap campaigning about to intensify in the pre-election weekend, some observers in Dominica believe victory at the polls could rest on the issue of leadership."
ID_OVYDVB,He was CARICOM's chief negotiator in talks that led to the formation of the Caribbean Basin Initiative.
ID_CBVGTB,I'm Electra Naismith and this is BBC Caribbean Report.
ID_UEDXCZ,"When Chief Magistrate Juliet Holder-Allen took her seat in court this morning, she did not begin the preliminary inquiry into treason charges against Mark Benchcorp as the packed courtroom expected."
ID_PMUGGY,"That was the unusually strong message today from the president of the Caribbean Development Bank, Sir Neville Nicholls."
ID_DCGIPU,I think it will go a long way towards stimulating and energizing further the racial sentiments that are now being expressed at certain levels.
ID_SPMZCT,"From London, BBC Caribbean Report."
ID_BOSMOH,The position of CARICOM is that we wish to maintain the solidarity of ACP in our negotiations with the Europeans.
ID_LXBASR,"Shots were fired, and the rebellious prisoners were back in their cells and being searched for weapons."
ID_WOVOPW,I'm Hugh Crosskill and this is BBC Caribbean Report.
ID_QEXMVG,"From London, BBC Caribbean Report."
ID_GMWSZW,"However, she's been cleared by Jamaica's track and field governing body and continues to insist that she's innocent."
ID_DREVOM,I really wasn't looking at it that way in particular.
ID_YQJVXS,"The Queen's representative on the island said what he'd always made crystal clear is, if by chance the problems arose, then the Commissioner of Police or the Attorney General should be contacted, following which a thorough investigation will follow."
ID_BQEHXM,and talk of a regional kidney bank.
ID_IRSUTD,"What we want to see institutions do is to establish programs and systems within their institutions, whether it's the bank or non-bank financial institution, that reduces the risk."
ID_JDTFLB,number of properties damaged and to some extent fenced and trees down.
ID_QTLCKN,to discuss the issue in an effort.
ID_CVAOBO,"The flight had then carried on to Jamaica, leaving the tourists stranded for three days in the States."
ID_RHMXGX,What I can tell you is that there is a course of action that we will take because we will not take oppression.
ID_QCMIEE,"According to Carter, the PPP has a commanding lead and only a mathematical miracle could now reverse the trend."
ID_HIOXPV,"Our delegation had people from Bulgaria, Romania, Czechoslovakia and Yugoslavia and all these people are very anxious to see the process continue."
ID_NQFPEK,"As Pete Ninval reports, the warning has come from the National Farmers Association, which says the Wibdeco offer is not genuine."
ID_NKXMPN,"When that rail position is established as final, then we remove an element of instability."
ID_RZKMTA,"As seems to becoming fashionable now, Chedi was first taken after his capture to the office of the Minister of National Security, Mr. Russell Huckin."
ID_WRGPAH,"the ex-president Balaguer, Joaquin Balaguer, just conceded victory, saying that Hippolyto Meria won."
ID_QOLRMC,But its crew and the essential lifeboats remain missing.
ID_LATGZT,"The Free Movement initiative in the Eastern Caribbean takes an historic parliamentary step, and a man has gone on trial in the United States' charge of breaking the trade embargo against Cuba."
ID_VTGWZY,His revolution had started in the eastern city of Santiago de Cuba and dictator Fulencio Batista had fled.
ID_BMPWGR,The Deferred Trade Union.
ID_CTCCYG,We have made our position indefensible because we have given up our markets by not producing the amount of our quota.
ID_MATZOQ,"Recently, two leading Caribbean economists stated that Jamaica's moves towards the deregulation of the economy will bear little or no fruit unless there is a write-off of Jamaica's massive external debt."
ID_QLMALE,"At 30, the regional groupings on the verge of implementing some momentous decisions, but that has been so for a while, and CARICOM has more than its fair share of critics."
ID_VHSLAG,The reform of the Constitution is one of the terms of a peace accord signed by the two major political parties.
ID_GVKLJF,"Our deliberations at this conference, while genuinely concerned at the potential for violence in the post-audit period, would have served the nation better if we were involved not in introspective internal security issues, but focused on the innovativeness of nation building."
ID_NALMIC,But you could stand accused of penalizing people for not coming home when there isn't the necessary housing.
ID_LVADUY,"Based on preliminary figures, Turks and Caicos Islands show the highest growth of thirteen percent, followed by Anguilla and St."
ID_FIANVH,The two airlines will now sit down to hash out exactly how a cooperative effort will best serve them and their customers.
ID_SRNTNA,I'm Mike Jarvis and this is BBC Caribbean Report.
ID_KGPUSG,British Foreign Office Minister Mark Lennox Boyd has warned Caribbean banana producers that they need to prepare now for the end of preferential access to Europe.
ID_UHGMSD,"As the constitutional impasse continued between the President and Prime Minister of Trinidad and Tobago, the government was today blocked from adjourning a sitting of the Senate."
ID_VNQPIZ,and are intensifying as they come across the Atlantic.
ID_UHUMUV,"In some cases, he notes, there is no bargaining, but positions are handed down by government."
ID_UWGNVI,"The warrant charges him with being responsible for the death of trade unionist Silvio Claude on September thirtieth, the day of the coup."
ID_RDFVIN,But Dr. Monroe admits that neither the workers nor the unions are completely satisfied.
ID_BKYKZE,"Well, certainly the minister's statement has alerted them if this group of people really exists."
ID_SRQMWM,I'm Oren Gordon and this is BBC Caribbean Report.
ID_MVSHMM,I would say that's a stupid decision because there's no future for that boy in Cuba.
ID_EIGTFY,The people of Tobago have suffered most from the recent fish kill.
ID_PDNBDB,"One of the most critical speeches came from Guyana's leader Chedi Jagan, who spoke strongly on the issue of what he called an unjust economic order."
ID_OMETBO,Trade last year was US$500 million and direct Canadian investment US$400 million.
ID_FEGQGZ,"but there was talk of cooperation in a range of areas covering trade, security and sustainable development."
ID_FNRFKH,We have agreed with Europe that this is a matter...
ID_CBIGKV,"Nicaragua, for one, will be pushing for debt write-offs of up to eighty percent."
ID_SVCPTO,"Last night, protest that took place was of a different kind."
ID_ZAVMXH,Officials in Barbados say they expect in tropical storm conditions within twenty-four hours and severe weather plans have been activated.
ID_DZULUD,Lucian government had interpreted Ms. Ward's support as a British government endorsement.
ID_WJANHI,The Privy Council yesterday upheld an OECS court ruling that the mandatory death penalty is in violation of the constitutions of six OECS countries and Belize.
ID_TCUDPJ,"And the ousted dictator, General Prosper Avril, was expected to leave the Homestead Air Force Base in South Florida sometime today for Boca Raton, where he is believed to own property."
ID_NQAALD,"But first, the prospect of violence."
ID_NYQZEJ,That is where the thrust of our efforts are going to be and have been and I think will continue to be.
ID_JZEFBB,More opposition to the privatization of Liat.
ID_QTHEOC,noting that to do so would be foolish.
ID_MGTZJT,"As Europe opens its markets to the east, they said, access for ACP goods could be curtailed."
ID_SMACZD,"Mr. Carl Hudson Phillips, one of the two deputy political leaders of the ruling NAR in Trinidad and Tobago, says it's unlikely that he would challenge Prime Minister Robinson for the leadership during the current term of office."
ID_BQAYIC,"If that is going to be the case in the future, and looking at the predictions for the weather, then we will have to try and develop policies in the Caribbean, and especially on St."
ID_VEOTHK,we decided that we would suggest to the CARICOM heads of government in...
ID_URVXAZ,"Spokesman for the Students' Union, Clyde Williams, says fee payment is not the issue."
ID_CFMDOZ,would also set the stage and make the U.S.
ID_FPGCEU,And I strongly believe that we need to have an Eastern Caribbean Maritime Affairs Commission to do the same thing for our maritime affairs.
ID_MVKYUV,Janet Jagan expected to lead Guyana's governing party into the next general election and another trade crisis looming between part of Spain and Bridgetown.
ID_EKOKYS,"With the United States and Europe precariously poised on the brink of a trade war, the case is being made again for rapid and sincere moves to Caribbean integration."
ID_BRLKLL,"In a moment, we'll hear from Debbie Ransom, who is in Castries, for the latest on what's being said there."
ID_ZQMJKS,"From London, BBC Caribbean Report."
ID_GHZRJI,"And if we add to that the control of the government, then it's total control."
ID_CVEISL,will have to be paid for by the airlines or by governments of the airlines if the airlines are relying upon the government.
ID_MJOYAS,The Americans have a great deal to say on the whereabouts of those bodies.
ID_TKKTKP,I had no intention of breaking into the mission.
ID_CTIHCZ,And CaribExpress lays off five staff members as the airline's losses continue to soar.
ID_WGDLON,"Kitson Nevis, part of Power Sharing Recommendations."
ID_TGIXXD,Tony Fraser examines the allegations and what Mr Pandey is promising to do to tackle a problem threatening the stability of his administration.
ID_LPTAWL,Riots at the two main prisons in Jamaica months ago led to the deaths of sixteen inmates.
ID_ITTVCJ,And I'm calling on all law-abiding citizens to come out and make it very clear that criminals cannot be permitted to carry on like this.
ID_BGGSDP,I'm Ken Richards and this is BBC Caribbean Report.
ID_AEVFVC,"Some fifteen, twenty, thirty bodies are being brought up at this moment, and the rescue, or let us say the salvage operation, will probably go on for another couple of days."
ID_GATZMT,I asked him a short time ago what the voter turnout has been like so far.
ID_VXLBUR,I'm Oren Gordon and this is BBC Caribbean Report.
ID_JOADGB,"He sounds saddened when he says in the Express, I have lost all my respect and love for Track and Field."
ID_PZGJGK,"In general, I would suggest that competition for office is an important element of the Westminster model, but that competition needs increasingly to take place within the framework of developing consensus, not only amongst the political parties, but with civil society."
ID_GYGWGJ,"And after all, they have a very tight schedule. We're, what, two months from elections?"
ID_QVYFIQ,"From London, BBC Caribbean Report."
ID_FBSCGZ,I'm Hugh Crosskill and this is BBC Caribbean Report.
ID_TZAILN,Some lecturers have classes of more than three hundred students.
ID_VOVRWQ,"Early Monday morning, gunmen shot up the private residence of well-known civic leader Odette Roy Fombran."
ID_OTGNHA,These proposals are in fact totally unacceptable to us.
ID_TAFUHE,"Dr. Jeremy Leggett, Greenpeace's scientific director, says insurers were already worried about heavy climate-related losses, including those in the Caribbean."
ID_RLQKOR,Their relationship as Departments of France gives them access to the prosperous European market.
ID_EXFRCX,"Today, the Minister of Interior, Norebo Teyo,"
ID_KDRTMZ,Police in Jamaica investigate the shooting death of the Venezuelan ambassador to Kingston.
ID_DOIGEM,They have not yet accepted a new government.
ID_DAQHQN,"From London, BBC Caribbean Report."
ID_YNMPPH,"So massive was the turnout that the service of Thanksgiving for the life and times of the Antiguan hero was held at the Antigua Recreation Ground, famous for its staging of international test cricket matches."
ID_CZLPMV,Commissioner Monica Joseph was appointed to investigate allegations of corruption under Sir John's and Dr Lewis' administrations.
ID_YHQZQC,"President Bill Clinton, not just from concerned airline industry executives, but from some leaders of the Caribbean community who expect severe repercussions for the tourism industry if the strike proceeds."
ID_FCUPIO,It is evident that the Cuban government fears the embarrassment of having the father probably defect in the United States.
ID_VRMVEU,"And Wazir Makram says the West Indies are still a very good side, they're just not motivated."
ID_YCIPLK,"And broadly, Canada has a lot of investments in cobalt and mining in Cuba."
ID_XENQCS,Some have said that Haiti's only chance for progress lies in that route being taken.
ID_AYGSLU,"And in my account, I made it absolutely clear that by Sunday, we could easily have been taken out of that red house."
ID_HFFWVZ,"The drug had been sent to the Dominican Republic from Colombia aboard a Venezuelan ship, Semsa Dose."
ID_LOVGPH,In certain areas we have an employment crisis that people are not available for jobs.
ID_WHRTXH,Jamaican concern over a UK decision to impose visa restrictions on its nationals.
ID_VFWBCL,and West India's cricket chief held up by armed men in South Africa on the eve of the first test match.
ID_LUJXFV,"Remember that the Front Moonie Organization, Caribbean Free Teens Association, is actually based in Antigua."
ID_CQFCFG,"In Rodriguez, the proposal before the Trinidad and Tobago government was to get all incoming airlines to guarantee the agents nine percent."
ID_EFKIOS,in Jamaica when there is a devaluation of the currency.
ID_BYNZOG,And Jamaica's foreign minister says he's in favour of Haiti and the Dominican Republic joining Lomé.
ID_ATGQFD,The exchange rate today was between fifteen and sixteen hundred guilders for U.S.
ID_NTNLST,"Yes, but the government has said quite clearly that it has made no attempt..."
ID_DSUWIK,The West India Committee calls for the establishment of a Caribbean Council for Europe.
ID_EJGHPK,The Jamaican pressure group warns that the police have lost control in troubled West Kingston.
ID_ZUNHLY,six popular organizations in Port-au-Prince held a press conference this morning.
ID_VACHUH,I'm Ken Richards and this is BBC Caribbean Report.
ID_DGSFGI,"This has caused much frustration, especially among Caribbean people."
ID_WMCNNX,Bahamian government reacts to public relations fallout from murder of British tourist.
ID_QVSNTA,"Meanwhile, the Windward Islands Banana Development Company says it will pay its first dividends to farmers since the body was set up five years ago."
ID_JIILKK,"One would recall that this incident occurred on the fourth of May, nineteen ninety-two and Vitalis was..."
ID_YDDPRB,"But in the case of Caribbean bananas, Washington eventually got its wish."
ID_HAWZQP,It's also the time of year in which the teams need their full squads
ID_EUZDIP,"Britain's General Union, the GMB, has joined the London-based Haiti support group in protesting against what they call sweatshop conditions in Haitian textile factories linked to the Walt Disney Company."
ID_ZWGNTC,"In Montserrat, with its ongoing volcanic activity,"
ID_RLDNFA,Dr. Douglas contends there's a need to return St Kitts Nevis to law and order.
ID_FLXIIR,"These threats, which are meant to destabilize the peaceful political atmosphere, include attempted murders of high government officials, fires and other deeds of violence."
ID_POFWKL,A correspondent for the BBC in Colombia says the parliamentary delegates call for the lifting of the economic sanctions imposed by the OAS.
ID_IFNOKN,which is the organization of mainstream Islam here.
ID_JJFUNE,"In Dominica, it's thought that Creole is at the crossroads, with the language in jeopardy if corrective measures are not taken now."
ID_YRYTJF,"From London, BBC Caribbean Report."
ID_CVJMCX,Jamaica and Bermuda kicked off the Red Stripe Bowl one-day cricket competition today in St.
ID_BXWMUD,Yesterday we heard that that was the end of the matter.
ID_DGYKIZ,"Well, as Hurricane Felix charges towards Bermuda, Premier John Swan says tomorrow's independence poll is still on."
ID_TPQATG,"It is being challenged by the United Bermuda Party, led by Grant Gibbons, and which spent three decades in office until being ousted by the Labour Party less than five years ago."
ID_QYLIQL,"From London, BBC Caribbean Report."
ID_QFDBVA,"Mr Hughes' opponents include the Anguilla National Alliance of Opposition Leader Osborne Fleming, which has teamed up with Victor Banks' Anguilla Democratic Party."
ID_LJADOD,One of the first to issue a statement today was former Commonwealth Secretary General Sir Sridhar Ramphal.
ID_SGHBMS,"Given the politics of the case, given the high degree of publicity from the world media, I would hope that the judge would rule promptly, and then there are further appellate remedies to the circuit court for the Eleventh Circuit in the federal circuit court system."
ID_ICBZVL,And Mr. McLeod is threatening that the possibility still exists for a general strike if satisfactory agreement is not reached.
ID_NWUNLV,"Now, what would you like to see the other countries of the Caribbean region doing in this area?"
ID_UELCAQ,"They had twenty-four people, ten of whom were hired musicians."
ID_BOMMYH,"In the past twelve months, the banana industry has seen trying times ranging from sporadic disruptive farmers' protests in St."
ID_QTFUZH,It is likely to be coordinated by the Geneva-based Department of Humanitarian Affairs.
ID_IKBYXX,"She has been meeting with officials in Brussels, Dublin and London, where, among others, she held talks with the British Foreign Secretary, Douglas Hurst."
ID_CDCJYT,Lucia's Governor General designate raises questions of ethics.
ID_FROALJ,I'm Ken Richards and this is BBC Caribbean Report.
ID_UKWJYV,"A second consul member, Serge Villard, died yesterday from the wounds he sustained in that attack."
ID_VQSVPO,The seventy-two-year-old Mr Manley passed away at his home in Kingston at eleven thirty-five p.m.
ID_PEPQVZ,"So I don't think that there has been an ACP discussion at the political level, even though we are appreciative, I think, of the economic impact."
ID_ELMCLL,It's thought he'd gone to the polling station to investigate reports of election irregularities.
ID_WXQUPU,and you may increase the level of productivity.
ID_VTVUKO,"In Haiti, President René Préval, acting on the advice of an independent electoral council, has approved a law calling for parliamentary elections in November."
ID_GGBVNQ,"The upcoming CARICOM foreign ministers' meeting and the upcoming OAS General Assembly, which will be held next month, I think new initiatives will have to be examined."
ID_GQXFUO,and what the husband of Queen Elizabeth said about independence for Britain's Caribbean colonies.
ID_DERVSB,"But on this particular issue, I think there were fundamental differences."
ID_ECJHXC,"The leader of the opposition in Montserrat, John Osborne, is again threatening to shut down the country to protest what he says is a government silence on what's being done to improve conditions there."
ID_XJRJCP,I asked him how prepared are most Caribbean countries.
ID_BNKAAS,Civil rights groups in the United States which intend using a four-day respite to get tough new curbs on illegal immigrants softened are facing disappointment.
ID_EMLUOW,"Two West Indians are in the rebel line-up, Philip de Freitas of Dominica and Barbados-born Roland Butcher."
ID_ZIUTDA,The Prime Minister in a statement today said the PSA's proposals were receiving serious cabinet consideration.
ID_DYUGXY,A former Barbados Prime Minister accuses Britain of trying to take advantage of CARICOM on the multilateral air services agreement.
ID_HQTQIG,"It was the old enemy, the former England captain Michael Atherton, who made the point in Walsh's recent biography that he was part of the West Indies domination until about the mid-nineties, and according to Atherton, has been like a rock in the more turbulent period since."
ID_QRIZVM,"As Bevan Springer reports, the carrier which is sponsored by Air Jamaica has no plans to be a fly-by-night operation."
ID_EDMBXV,"At a press conference which was called a few hours after the saga ended,"
ID_KZSETX,"The major unresolved issue will be that of good governance, a clause the EU insisted on writing into the agreement."
ID_WEKSVN,"Well, our sister programme, BBC Caribbean Magazine, went in search of answers to some of these questions."
ID_YPOLAN,"Kate's Navy secession issue, have been asked to consider the possibility of a confederation."
ID_FWOVIS,"Has Geese been making excess profits at the expense of Wynwood Island banana farmers, or has Wynban not obtained the best possible deal for its members?"
ID_FZCINA,"Well, I expect to do it very soon for the latest by Friday, and there would certainly be some changes in the cabinet."
ID_ZJZVRK,"Queen Beatrix will be in the Netherlands Antilles from this Saturday to Monday, November twenty-second, following which she leaves for Aruba before returning to Holland."
ID_YBEBQP,The leaders also had before them today proposals for a major cricket conference.
ID_EKCNWI,"The BBC's foreign affairs correspondent, Fergus Nicol, reports from Downing Street."
ID_OQAITN,"He justified the action by saying the leaseholder of the port, the Chamber of Commerce, must be allowed to ensure the free circulation of goods."
ID_VWWDOK,Lucia's Parliament could prove costly for MPs in the future.
ID_ADJRYW,I am Keith Stonegraves and this is BBC Caribbean Report.
ID_GANSEI,"From London, BBC Caribbean Report."
ID_ECVTXR,Lance Fire Small is a senior member of the Jamaat al-Muslimeen in Trinidad and goes by the Muslim name of Inyahuma Il.
ID_QWGCJD,I'm Oren Gordon and this is BBC Caribbean Report.
ID_QTGOZR,And the West Indies team moves up in the world's cricket rankings.
ID_KDNXBS,"In nineteen fifty-three, the British government suspended the constitution of then British Guyana and detained, among others, Dr. Jagan."
ID_ZKGJOQ,"But I think it would be true to say that the EEC quota is such an important part of the industry's whole marketing strategy, and it is such a fundamental part of the industry, maintaining this EEC quota, that if for any reason we were to lose any part of this quota..."
ID_MMTNJP,"And there was, suppose after the fall of the Berlin Wall, there was supposed to be this great market opening in Eastern Europe."
ID_HHPKLX,BBC Caribbean report understands that the Privy Council ruling could now come at the end of this month or possibly early December.
ID_IKVLCB,"But some people seem to feel that there might be elements within Mr. Hoyt's ruling People's National Congress who do not favor his overtures to the IMF and to the West for whatever reason, and might be out to cause him some more problems."
ID_HFLXPB,"From London, BBC Caribbean Report."
ID_MDNISI,So this is the time when the Commonwealth should incorporate Rwanda.
ID_PQKNRI,We had high winds and the tents which were housing about five hundred individuals.
ID_DDPLBK,"But the problem appears to be more acute in Curacao, where the local government is hard-pressed to pay salaries even this month, we understand."
ID_WKFPHI,There were three hundred and four Trinidadians and Tobagans deported or removed over the last year.
ID_BHSAHN,And that's it for BBC Caribbean Report.
ID_EJYOZC,But here's one number which shocked even me.
ID_HLYNHL,"This budget sees the Guyana dollar slashed from its previous ratio of forty-five Guyanese dollars to one US dollar, to the new figure of one hundred and one point seven Guyanese dollars to a single US dollar."
ID_IOQKSE,Her statement follows the region's failure to unite behind one candidate for the post of OAS Secretary-General.
ID_DJCXRH,The solemn ceremony offers Christians a chance to reflect.
ID_ZGYYAG,"For Belize, we're not as exposed on that one, but it is still a major industry for us."
ID_ECLKHC,and the Secretary of State for Commerce says he does not favor the compensation option.
ID_EIQZTL,I'm Jessica Robertson and you're listening to BBC Caribbean Report.
ID_YZTVYJ,We don't want to cause any long-term or accelerated beach erosion because of our activities to try to restore the dunes to their original state.
ID_GXTHLN,"Andrew in Kingston, a large and hostile crowd blocked the entrance and he was unable to leave."
ID_OEVEGJ,I'm Leslie Goff and this is BBC Caribbean Report.
ID_KGBBQQ,This latest resurgence in violence comes as the political parties are engaged in peace talks.
ID_JCWMJG,So there's a definite sense then that the Europeans want to link good governance to its future aid policy?
ID_NMXPOB,Journalist Michael Norton says this impasse is affecting Haiti's ability to do business.
ID_WMFLDS,"From New York, Leslie Goff has this report."
ID_MGYBSH,"Principal Nursing Officer of Jamaica, Regional Nursing Consultant to Pajo, President of the World Council of Churches, the Worldwide WCA and the International Council for Adult Education, to name only a few, and culminating in her appointment as Governor General of her native Barbados in 1990."
ID_FJZPHD,Jamaica prepares to cultivate a strain of marijuana for industrial use.
ID_YVZNDO,and still justify the two-party system.
ID_AQFSDN,"Also in the news, Ecuador carries out its threat to seek sanctions against the EU."
ID_TAXICI,"From London, BBC Caribbean Report."
ID_UWNSEC,"That Jamaica prison story in a moment, but first, Prime Minister Owen Arthur of Barbados has given strong backing to the current head of the Commonwealth, Queen Elizabeth."
ID_PTOLRX,"Opposition leader Rosie Douglas had been hoping for that kind of input by the centre into the upcoming poll, but a Carter Centre official has told Caribbean Report she was not aware that any such request had come from Dominica."
ID_IXDCFD,"The outcome of the summit is a thirty-page plan of action covering trade, security and other areas."
ID_LQORXB,The authorities in Haiti have said they are investigating the cause of the disaster.
ID_JSDJHW,"We would have to make sure that our input costs are kept globally competitive, but the more intensive use of capital should help reduce costs to make exports more viable."
ID_BMILHF,We'll speak to journalist Keith Stonegraves in a short while.
ID_SRESAV,"The RSS, PAHO and disaster response teams prepare to fly into Antigua to clean up after Hurricane Luis."
ID_BAQMAG,"But the foreign minister of Cuba, Mr. Rabaina, made it quite clear that Cuba sees itself as being part of the region and it is not going outside of its zone."
ID_HXXOOC,"Of course, you can ask questions there if it has proven to be so difficult for the officers to identify these people."
ID_QYVXBR,"During the confrontation, which continued throughout the night, London maintained a continuous barrage of gunfire upon scores of police and army units."
ID_XUEXUY,"According to Mr Mullins, Jamaica intends to play an active role in ensuring that the Security Council operates in a more effective manner."
ID_VKJWDE,"He will meet with President Aristide, members of the army, and members of the private sector."
ID_WICCFG,"And the travel agent now has to look very, very seriously at new ideas, new ways in which they can provide services to their consumers."
ID_LDRXSH,"The rules do not bar her, but athletes who test positive are expected to stay off the track."
ID_DWVOHG,"From London, BBC Caribbean Report."
ID_LLEWNR,"Tom Gibb reporting. In Geneva today, a small group of protesters accused the World Trade Organization of causing job losses because of its push for unrestricted free trade. Ken Richards has that story."
ID_AOCSDK,The Trinidad and Tobago government and the media association are set for another row over press freedom.
ID_ELNTTV,"According to the Cuban view, many Nicaraguans voted for the opposition because its victory meant an end to the war and the beginning of economic recovery."
ID_ITRMSC,"to the old Khalifa Baghdad, and we're talking about thousands of years, that whole question of Kuwait."
ID_NZEJSU,"Now, that doesn't mean that the police itself has not been responsible for a lot of the violence that has plagued Haiti in recent months to a certain extent."
ID_QHWSOP,But the discussion has also been examined in ways to bring dynamic and radical change to the structure of the heads of government meetings and the various ministerial councils.
ID_MVICSW,Caribbean ambassadors in Washington are to meet with a group of congressmen to lobby for the retention of the nine thirty six program with Puerto Rico.
ID_MCUERO,Michael Bascom is there for the games and sent this report.
ID_AYCKME,I'm Hugh Crosskill and this is BBC Caribbean Report.
ID_GKAINR,Washington sees it as an accord that enabled the Internal Revenue Service to pierce the secrecy of accounts at Cayman Islands financial institutions.
ID_SGXLFF,"With polling stations set to close in about forty-five minutes, the first results won't be known until later tonight."
ID_DLNDWP,"However, a number of European and African airlines have vowed to cancel flights rather than comply with the American request."
ID_RLWURU,"And therefore, Mr. Hoyt has made it clear that the discussion must be on an agreed agenda."
ID_GYSERP,I'm Ken Richards and this is BBC Caribbean Report.
ID_HRTHZL,I'm Oren Gordon and this is BBC Caribbean Report.
ID_VOYPRJ,But Mr. Destrade said the OECS was not about to collapse.
ID_PFEOXC,I am prepared to participate in this in whatever way I can.
ID_ZNTBUG,"As regards the controversial award of a certain six percent pay increase announced last Tuesday, President Jagadio was very clear."
ID_WMRFFM,The massive cost of rebuilding the hurricane-ravaged countries of Central America is now accompanied by a significant loss of agricultural revenue.
ID_DHBYHW,Montserrat's Chief Minister presents his budget tomorrow.
ID_JIFFFG,We are paving the way for democracy in Haiti.
ID_VBETXO,Dr. Lunchen added that the United Nations is being made aware of development.
ID_BBGHLC,"But CBI is a permanent program, and therefore if at the end of three years a country had not either joined NAFTA or negotiated a new kind of trade arrangement with the United States, they would revert to the CBI as they exist at this time."
ID_FPKCUU,Linford Christie is cleared by his athletics association.
ID_DDTMTQ,The European summit in the UK opened earlier today.
ID_BDHKDZ,I doubt that the programs are of sufficient value because you will remember that in the President's speech he never mentioned that dreaded word sugar.
ID_JBMVMF,There has been talk of the president of Haiti.
ID_GHIMXS,"And as the WICB considers Lara's claims for captaincy, we sampled the opinion of sports editors."
ID_KRPZRE,The European Council of Ministers meeting in Luxembourg has become bogged down with disagreements among some members on the issue of trade with ACP countries in a post-Lomé arrangement.
ID_FGUUCX,"Freshly announced British plans to alleviate conditions caused by Montserrat's volcano, greeted with scepticism."
ID_DKZJQW,"and tell the world that this threat against our banana industry could have serious consequences for all the people of the Caribbean, and we cannot allow it to happen."
ID_EOWNQC,Lucia is the largest producer in the Wynwood Islands.
ID_VTIMVK,And Lennox Lewis blunts the razor to earn a shot at the World Heavyweight title.
ID_GNFSHB,But how will this change to the licensing system?
ID_MJIMIE,And Jamaica's Governor General says moves towards the island becoming a republic are gaining momentum.
ID_LBNUMU,Live now to Carol Orr in Bridgetown.
ID_BKXJGN,The report touches on a number of other issues as well.
ID_VPQAYV,It's not safe to walk on the streets in Notting Hill if you're black.
ID_PWMQMX,"Mark and Mark show whether in South Africa or in England, Australia, wherever, would be approached."
ID_RWNFBV,I'm Hugh Crosskill and this is BBC Caribbean Report.
ID_XMUEJD,"Jamaica's Energy Minister, Horace Clark."
ID_BJCJQL,Trinidad and Tobago's political and constitutional stalemate took a different twist today when Prime Minister Basdeo Pandey hinted at possible armed insurrection against his government.
ID_VMVYHL,"Debbie Nash reports on today's proceedings, day three of the inquest."
ID_HSMCZH,So what's your advice to angry travel agents meeting in part of Spain this weekend to discuss this reduced commission issue?
ID_LOKMUA,But can you say categorically that the strike has been averted?
ID_SUIQIC,Mr. Batiste is known to have discussed organic production with officials of Sainsbury's during August-September last year while he sat at the Agriculture Minister's desk.
ID_PSINEW,I'm Oren Gordon and this is BBC Caribbean Report.
ID_OCFCRT,"So do you think the Caribbean should be sort of looking at a campaign now, an advertising campaign that says, well, traditional holidays to parts of Europe and even to the Middle East and the Far East, maybe not on now, but the Caribbean is nice and safe?"
ID_ESUFIK,"Finally, a recap of our major stories."
ID_SXQEXA,"A spokesman for the major opposition group, the People's Progressive Party Civic, said they had not received reports of any serious blemishes, but were still awaiting more comprehensive findings."
ID_QDTMCJ,"Until it's determined, the full effects of this are determined, you'd prefer to call it a major problem."
ID_EXKKFT,"And in Guyana, the Civic Movement Guard looks set to become a political party."
ID_LMRANR,Jamaica's Prime Minister says the current crime wave could have catastrophic consequences for the country.
ID_JXYIIN,The prince and his party are preparing for a visit to the Caribbean in less than two weeks.
ID_PTSXSL,surfaced again on Thursday night and Friday morning.
ID_BHCPMQ,Problems on the horizon for the Caribbean textile industry.
ID_QMRLOE,Hungry students at the Mona Campus of the University of the West Indies today forced it to close.
ID_XCHAHE,The two-party coalition administration there has collapsed.
ID_IRLBSK,"Calvin Wilson, the executive director of the Port of Spain-based CATF, says he expects other Caribbean nations to follow suit within the coming weeks."
ID_SVCRUE,It is a future worthy of the new Americas in a new millennium.
ID_MIEIUO,"There's only one way to stop the problem, and it's to deal with the causes of the problem."
ID_KHDKYR,The party has been racked by severe internal dissension involving allegations of corruption.
ID_XEQNUZ,"From London, BBC Caribbean Report."
ID_HTEDOZ,"From London, BBC Caribbean Report."
ID_KDKTAQ,"From London, BBC Caribbean Report."
ID_OKBEPA,Prison Water provides graphic details of Jamaica's bloody prison riots and evidence of twentieth century slavery.
ID_GWTGVG,"As a result of that information, the Prime Minister says he is assuming control of the National Security Ministry."
ID_TUGOJN,A sense of urgency in Bridgetown as Caribbean leaders look for solutions to the region's problems.
ID_OFHANI,It literally was a humble home.
ID_LEACUG,It is that information that Professor Courtney Bartholomew
ID_PUEHKK,I am Keith Stonegraves and this is BBC Caribbean Report.
ID_RHUUKR,A new player seems likely to enter the unsettled world of Caribbean aviation.
ID_ZYJJMI,St Lucia is warned against pulling out of the Wynwoods Banana Development Company and Australia snatch victory in a tense World Cup semi-final against South Africa.
ID_XEMAQA,"From London, this is BBC Caribbean Report."
ID_WYLCCZ,The arrest of Chedi is one of the biggest happenings yet.
ID_LXMZEQ,What we are trying to establish is a new constitutional relationship that is acceptable to the peoples of both St.
ID_NKGYBZ,Two people have died and dozens have been injured in protests over transportation price increases in the Dominican Republic.
ID_UUKTOD,I'm Hugh Crosskill and this is BBC Caribbean Report.
ID_FTNOYV,Prime Minister Edison James and his ministers have dismissed those accusations as being unfounded and are relying on their performance and achievements during the current five-year term to propel them back into office.
ID_NPJHUS,having had to endure the U.S.
ID_ZNJIHD,"And they have done a similar thing for bananas, and they recently agreed in the South African free trade agreement, they have agreed with the South Africans to set aside a sum of money to assist them, specifically their spirits industry, through a period of transition because of the acknowledged disruption that they will cause."
ID_RGUCSJ,"He needed to be informed of the nature of the offense for which he has been charged, given adequate time and facilities for preparation of the defense, and be allowed all the legal rights that we are supposed to have."
ID_GHXPTL,"You know, there's no way to go through a day."
ID_PRVXTY,We don't know anything about their needs.
ID_KYUFVM,I'm Oren Gordon and this is BBC Caribbean Report.
ID_PXEXRH,Jamaica was elected unopposed today to serve on the prestigious body for the next two years.
ID_ONTWZB,"Such a development, which could pave the way for the setting up of a single common market for Canada, the United States and Mexico, could have profound implications for the whole region."
ID_VOXPQF,"When the bill becomes law, another sitting of Parliament will be summoned, most likely the following Wednesday, at which members of the PNC are expected to take their oath as parliamentarians."
ID_QLMKUI,"But he has given his decision to the government, and the government knows what they're going to do with the decision of the commander."
ID_XMYGPC,"The winning formula for the United Workers Party, which they have chosen, of course, is to convince the populace that they have performed."
ID_ZCBRJP,And another blow to the St Lucia banana industry as a leading player stands down.
ID_FQMIUC,"And the first priority is to take care of the island government, because the island government of Curacao, it's, let's say, very fundamental for the formation of a central government."
ID_AFCLIW,I suspect that we might eventually have to do so.
ID_VGKKJI,I am Keith Stonegraves and this is BBC Caribbean Report.
ID_ABOFEK,For Prime Minister James Mitchell of St.
ID_VIEPQE,Almost a hundred and thirty thousand Bahamians are registered to vote.
ID_TNXDML,"membership in some sort of a long-term North American free trade area, as Mexico is doing and also as Central America is doing."
ID_ASAGFS,"Lucia, Dr. Kenny Anthony, has been identified as that person who would lead us into the democratic changes that would be required to ensure that there would be good governance, not only in terms of good governance within the structures of CARICOM, but only within the two countries that we have political problems with at the moment, that is Guyana and Haiti."
ID_SXBRYU,I'm Emma Joseph and this is BBC Caribbean Report.
ID_NOHTMM,"And in Britain, security was stepped up at Buckingham Palace and at Parliament."
ID_UXPOXC,"From London, BBC Caribbean Report."
ID_OARCGN,The two main candidates are Thai Deputy Premier Dr. Superchai Ponitpakti and former New Zealand Prime Minister Michael Moore.
ID_CJFEEW,That's the southern tower you're talking about.
ID_BYFUAN,I am Keith Stonegraves and this is BBC Caribbean Report.
ID_HVTFTC,Irish are absolutely opposed to it. They want to do
ID_VPYMYU,Only hours to go to the American Airlines strike deadline.
ID_MZBNVA,Protests outside the St Kitts Nevis Parliament.
ID_HAONWF,the government says heads may roll in the management restructuring.
ID_LIBTUH,Solidarity pledged from Paris for violent demonstrations this week in French Guiana.
ID_QHKKCP,I'm Mike Jarvis and this is BBC Caribbean Report.
ID_BWYHSR,United States President Bill Clinton today signed legislation tightening the U.S.
ID_IUHFSX,"However, the Chief of Staff of the Guyana Defense Force, Major General Joe Singh, said yesterday that this explanation is highly unusual."
ID_MQXLQM,"There's still no immediate resolution in sight to the constitutional crisis in Trinidad and Tobago, and the discord over the new cabinet between Prime Minister Arthur Robinson and President, that's President Arthur Robinson and Prime Minister Basdeo Pandey appears to be deepening."
ID_OGFVLM,Problems with Ghana's voters list unearthed as the security forces voted today.
ID_YEXYBN,"He lied before, and presidents before him lied, and presidents before them lied, and the next president will lie because they lied."
ID_FFABJD,The local magistrate was assaulted and his car was set alight and destroyed.
ID_ROJGNT,"None of us have any money, but the increase of expenditure has to grow because things are growing."
ID_OGFIZU,"Dr. William Amby, the head of the Montserrat Volcano Observatory, has been talking to James White Jr., who reports now with the latest from the island."
ID_UXLMIM,Deeply disappointed is how the victim's relatives feel in the wake of the Supreme Court's decision.
ID_RRTTGS,The High Court in Trinidad and Tobago has thrown out a motion aimed at stopping the execution of three convicted men.
ID_NWWIVY,"We wish to reiterate, together with the members of the Caribbean community,"
ID_QLXOAT,"And when we see the draft, we will see whether most or all of them are in there and in what form."
ID_KRJATO,"Now, if that is the situation, and that is the situation..."
ID_PGKXIP,"Germany continues to stringently oppose special treatment for Caribbean bananas in Europe, and public servants in Guyana, normally sympathetic to the government, walked off the job today."
ID_MONUBE,in an atmosphere that is increasingly being linked.
ID_TGHFCF,The elections in Suriname held on Saturday have left the New Front for Democracy as the largest single party in the country's National Assembly.
ID_IWOHXQ,"The president of the Jamaica Hotel and Tourism Association, James Samuels, thinks it will be a pointless exercise."
ID_SCCTUX,"In the last twenty-four hours, the authorities in Trinidad and Tobago have read death warrants to nine convicted criminals, including Dolce D."
ID_PKUJWJ,All because of the arrogance of Mr. Hughes.
ID_GPHTBX,"Both Lester Bird, Minister of Foreign Affairs, and his opponent, John St."
ID_IYPTWR,"With pre-election violence on the upsurge in Haiti, the Independent Electoral Council today protested against the reappearance of one of the most feared men in the country and the alleged instigator of the violence that aborted the nineteen eighty-seven election attempt."
ID_MFCCZP,"Let's take, for example, one aspect of it, the tax system."
ID_YUPRCZ,I'm Ken Richards and this is BBC Caribbean Report.
ID_DFLSFH,"sole judicial commissioner, Barbadian jurist Sir Frederick Smith, will examine the circumstances which led to the disorders."
ID_WHQKWJ,"From London, BBC Caribbean Report."
ID_VJBYJM,That was New York City Councilman Guillermo Linares.
ID_FWAWEO,"From London, BBC Caribbean Report."
ID_YJWZLB,Debbie Ransom takes a look at the document which warned against future relations with Geist.
ID_FBOJOP,with far more people and poor housing than St.
ID_KFWJPT,"From London, BBC Caribbean Report."
ID_KJEEHV,I'm Carol Orr and this is BBC Caribbean Report.
ID_WSGOBC,We'd also like to see the removal of non-TAIF barriers.
ID_EZJBAC,But just who is likely to want to invest in the phone company?
ID_EMOQNJ,A British MP has charged the main importers of Caribbean bananas in the UK with putting their Wynwood Island suppliers at a disadvantage.
ID_OMMJXT,"In a hysterically convened press conference yesterday, Prime Ministers Owen Arthur, John Compton and Sir James Mitchell..."
ID_IYFNDS,"Officials attending the meeting are seeking to replace the current policy of the United States, which penalizes countries failing to act against drug production."
ID_ZUEJUE,Some Trinidadian technicians are in Guyana to advise Guyanese rice producers on rice coloring.
ID_RILCCU,The new arrangements must be compliant with World Trade Organization rules.
ID_XELTMJ,They would not even allow her to see her sister.
ID_RFXTQZ,"But yesterday, the head of UNCTAD, Rukapero, speaking to NGOs, said that basically he didn't think of the same idea."
ID_UKDYPI,But I'm hoping that no one calls my mom because my mother suffers from asthma and it only makes her condition worse.
ID_SEYARJ,Mr. Manuel was a very close advisor and supporter of the president.
ID_EWGLZD,"Michael, as we were saying, it seems as if there's been a fairly high death toll in the wake of this coup attempt."
ID_MAHSFC,"Live jackets and debris from the shipwreck have been found, but no bodies."
ID_YHNAOA,I'm Ken Richards and this is BBC Caribbean Report.
ID_FMDZXK,But a lot of people dismiss this as pure pre-polling day election tactics on the part of another party.
ID_ABBYRT,Robert Torsell is a very important figure in the Democratic Party and in Congress.
ID_RJMBQT,But Cobomar General Manager Jacques Oleni suggested to the BBC that such fears were unfounded.
ID_HCTAEV,for two-thirds majority in Parliament.
ID_RJKWMW,"From my observation here at the EOC,"
ID_ZYGNOF,How is globalization impacting on us and who are we dealing with it?
ID_ZIYDUN,Lushan Prime Minister Kenny Anthony and reaction to the West Indies win over England in the first test in Trinidad.
ID_MHUIAG,"The CARICOM Secretariat is proposing a more flexible approach to the task of building a single market, and a die-hard integrationist shares his views on CARICOM's leadership."
ID_VBPCYX,"the same way you tend to see influenza at certain times of the year, usually in a cooler month, you know."
ID_DAJYIX,It is unsure to what extent the strike will affect essential services such as elective
ID_VXDWDR,"Miss Charles has represented Dominica's capital, Roseau, since her election to Parliament in nineteen seventy-five."
ID_VPTPLR,"and direct radio broadcasting, a new concept regional media houses are being urged to pursue."
ID_NJLWFO,But it's felt that President Robinson is taking the moral high ground that persons who have been rejected at the polls should not be made ministers.
ID_CBTTUF,"And actually, I still say the same thing I said."
ID_AECUFY,I am Keith Stonegraves and this is BBC Caribbean Report.
ID_YNNACT,Guyana's first elections of the millennium take place in a few months.
ID_AFVMJU,You're saying basically that the UN has no control over the prosecution of this war?
ID_GBRCYX,But his statement in Haiti that he would form the new council regardless of opposition participation has not helped ease the deadlock between his Lavalas party and the opposition Democratic Convergence.
ID_SWJQBL,The trade unions are exercising their right to defend in the attempt to secure the very interests of their members.
ID_BLMSQX,"in the Prime Minister's office, he went to the farm and took questions from the farmers there."
ID_DGLFNW,There were fears and doubts about this conference before it even began.
ID_LHGJLF,"In the short term, it seems that we have satisfied a desire to have capital punishment carried out."
ID_SJDKAX,Attorneys General of CARICOM have stated that the Privy Council decision to order that convicted criminals be allowed to appeal to international human rights bodies is causing a crisis of confidence in Caribbean justice.
ID_ENUTKP,"Larry Burns, and neither Senator Robert Smith nor Congressman Dan Burton were available for comment today."
ID_MLTAVC,"The death row prisoners facing execution include Barbudans, Melanson Harris and Marvin Joseph, convicted in February, for murdering four people."
ID_QUMUDL,"The limited CARICOM tourism promotion budget comes under fire, but St Lucia defends it."
ID_CRYIRU,Lucia has warned delegates about accepting lucrative job offers in the United States.
ID_SJWMDF,And that's also the pressure that the radio's were putting on him to resign so that they could attempt to embarrass the Avril's government that was suggested by the opposition.
ID_USXKDN,"Under Secretary of State in the Department for International Development, George Foulkes, says Britain is determined to do what it can to minimize the effects of that decision on the Caribbean."
ID_EYEKNY,found it impossible to call anyone in Guyana by using the joint American carrier AT&T.
ID_HSPPPD,Only God's loving embrace can gradually bring you peace.
ID_PPXZLA,"I'm Hugh Crosskill, and this is BBC Caribbean Report."
ID_PZODEQ,The opposition says Lavalas had too high a visibility on polling day and were the only ones in control at some boots.
ID_RRZDYZ,And Erica was this evening more than two hundred miles east of Antigua.
ID_XLNEUW,Human rights organisations condemn yesterday's hangings in St Vincent.
ID_YCUOJU,The statement was made by Mr. Urban Harris on the BBC's Caribbean program yesterday.
ID_SEFGSX,Prime Minister Lester Bird has already fired two ministers whom he said showed poor judgment in relation to the scheme.
ID_WCEYAY,A lot of Caribbean countries are not visible on that website as yet.
ID_UFRSKR,"Wibdeco Chief Executive Bernard Connybert, speaking from his London office, has acknowledged that the SLBC move reflects dissatisfaction with the operations of his company."
ID_ARVNIT,But the military-backed government is already showing signs of reneging on an earlier commitment to allow international human rights observers into the country.
ID_TXJMTP,They agreed to the deployment of a human rights observer mission to Haiti and new talks for the restoration of democracy.
ID_OCNDDW,"No, we haven't, and we are saddened, but we are not surprised that Bahamas and this execution is perhaps illustrative of..."
ID_PMZNIX,Lucia were largely unnecessary.
ID_CWDZFY,is a further encroachment on the ability of Caribbean countries to carry out the death penalty.
ID_BUEBIH,"Lucia is sworn in, and a Belizean diplomat says his country and Guatemala are working to resolve their border problems."
ID_MJBDDG,The Paris-based group said that they will impose sanctions on countries that don't put tax reforms in place by July.
ID_DTLWJN,"And in Antigua, the arms scandal report has been priced out of the ordinary man's reach."
ID_FFYIBY,"In fact, the leaders of the opposition political parties were among the first this morning to express on their own behalf and that of their supporters, their sympathy to Dr. Jagan's family, the cabinet, and to the nation as a whole."
ID_XLBSVA,He favours Elian being returned to Cuba.
ID_LALEEY,"Official radio reports said that the deal should boost trade between Havana and The Hague, which currently stands at two hundred million dollars a year."
ID_DWNWGC,But the JLP has not stopped there.
ID_VRPHJJ,"At one point, they stopped and helped themselves to some drinks which were displayed in front of a store."
ID_YPFJDQ,"But as Sharif Khan reports from Georgetown, President Desmond Hoyt's government is still not sure when it will be able to draw on the fund's resources."
ID_RIFBAV,"The Freedom Party leader Charles Savarin says if the election is inconclusive, DFPDLP accommodation could be a real option."
ID_ADWGZD,"One year ago today, Montserrat was rocked by volcanic activity which devastated the eastern portion of the island."
ID_ULWIYJ,adding that President Jagan is also likely to deliver a major address to the nation Tuesday.
ID_YDSOIB,I'm Oren Gordon and this is BBC Caribbean Report.
ID_JZTGVS,"Police firing tear gas earlier today to try to disperse a crowd of protesters outside the presidential secretariat in Georgetown, Guyana."
ID_BLIAXJ,Cuba is finally admitted to the Caribbean Tourism Organization despite objections from Puerto Rico and the US Virgin Islands.
ID_IEABTT,Karikam leaders say their just concluded summit in Guyana was historic.
ID_HCCMXW,Mr. Rousseau spoke to journalists in Antigua
ID_ZTOPPZ,"In England, a twenty-nine-year-old mother of Jamaican parentage is believed to have killed her three children and then committed suicide."
ID_AZDRNM,The talks collapsed following differences of opinion between the Europeans.
ID_GOIISR,It's the first meeting of economic ministers since the WTO meeting in Seattle last year broke up after it failed to launch a new trade round.
ID_REIFWE,Tony Fraser reporting from Port of Spain for BBC Caribbean Report.
ID_VAHJIO,Caribbean sugar representatives leave their meeting in London with a new sense of urgency as nineteen ninety-two approaches.
ID_WZUMDS,"But the capacity for any country in the Eastern Caribbean singly to represent its interests by having a presence on its own behalf, wherever that presence is required, is simply just beyond our capabilities."
ID_NLHZBQ,Provisional President Joseph Naret issued a decree naming the sixty-year-old honorat following two days of discussions with political leaders.
ID_TCSREO,There is more work because we have to build the necessary support in the United States for the passage of this legislation.
ID_LJKORA,The much-anticipated signing of the peace accord by the three main political parties now hangs in the balance with the escalation of violence.
ID_NELSKR,"Continued high interest rates in Britain will hurt tourism in Barbados, Jamaica and the Dominican Republic."
ID_LBDKZV,"Early Sunday morning, eight nuns were beaten and macheted by mass flouts in an elite school in the capital."
ID_EBTNTM,"From London, BBC Caribbean Report."
ID_FDMNKN,The large size of the crowd that has turned out is possibly because the tax measures are directly taking dollars out of the citizens' pockets.
ID_ZIBTHR,Tarikom foreign ministers begin meeting in St.
ID_GUHWDN,"The offensive was opened yesterday when a bomb blast killed nine and wounded ninety-six, also in Johannesburg."
ID_LQIKLH,Patrick admits that he used to fit the identikit picture.
ID_EHADUV,"From London, BBC Caribbean Report."
ID_ZZIUUC,I'm quite aware that some of the donor partners are keenly awaiting this information so that they can interface it into their development interventions.
ID_UXIFFX,Innovation Premier Vance Emery takes his bid for secession to London.
ID_LFDWME,"When I joined, I insisted on being sent to all the hot places."
ID_USEJFO,"This is Pete Ninval in Castree, St."
ID_RYDPUA,"Baroness Young, the former British Foreign Office Minister, who has just led a British trade mission to the island, has returned to London singing the praises of Mr Manley's three-month-old government."
ID_YJXDIM,I think they're not going to come to some kind of economic agreement.
ID_ZBAFVE,"What is the thing that you... Well, the immediate task, really, Hugh, well, first of all, as you would appreciate, the immediate task will be to complete the Cabinet."
ID_UUHWQZ,"First, Colin Smith has the reaction of the opposition parties to Mr. Jagat."
ID_OURDBD,The US has been very critical of the expulsion last week of thousands of children born in the Dam Rep to Haitian nationals.
ID_GLARSI,Concerns about the trade war between the United States and the European Union following EU retaliation against Thames Burton.
ID_HMTGDN,"Six of them, the National Conference for Democratic Unity and various other small radical organizations, said that they rallied to this proposal, not so much because they liked it, but because they were for unity."
ID_TQSPFH,"Grandmaster, I'll always remember, jumping when I steal van pass. Tony Fraser reporting from Port of Stain on the funeral of Lord Kitchener for BBC Caribbean Report."
ID_BUIFTJ,"The Cuba CARICOM Commission identifies transportation and communication as the weak links in the relationship, and the UN says it will be ready to take up peacekeeping duties in Haiti by the end of March."
ID_ENJWXV,"Mr Pandey, who assumed office following the November six general election, was hospitalized on December seventeenth after experiencing chest pains."
ID_WKTBDX,Journalist Michael Norton told me that the charges were very late in coming.
ID_HQVNKH,"They were, however, forceful and intimidating enough to cause most of the commercial sector to end the day's activities some five hours earlier than usual."
ID_KWAPFO,"Well, of course, bananas is really the tip of the iceberg."
ID_EEISRO,He called it a case of atrocious mismanagement.
ID_RTBXQF,The government could run out of money for the payroll and income tax returns as early as next month.
ID_AKVMSC,"I will honor, uphold, and preserve the Constitution of the Cooperative Republic of Ghana."
ID_NFBVPK,"In a short while, we'll go to the central Bahamas, where air connections have been cut and panic buying has been the order of the day."
ID_ECXMSQ,A US-based organization is pressing the Clinton and Preval administrations to prosecute human rights violators in Haiti and a rich American Indian tribe in search of Caribbean descendants.
ID_XGADKU,"About two-thirds of the population has left, and most of the island is considered unsafe to live in."
ID_ZSKHVU,Monday is D-Day for workers at the cash-strapped airline Liat.
ID_SZOIYL,Japan is preparing to block a proposal by Australia and New Zealand to establish a whaling sanctuary in the South Pacific.
ID_FMRHHA,Europe appears set to exchange trade for aid in its effort to overhaul the banana regime to the satisfaction of the World Trade Organization.
ID_DOGZFC,The official reason given for the trip was to discuss humanitarian issues and increased cooperation in the fight against drugs.
ID_QNMVYU,"Sunday's nationwide television address by the country's military leader, General Pervez Musharraf."
ID_QTOFYU,in a long series of betrayal of the exiles.
ID_XNADHZ,"This evening I telephoned one of Aristide's major supporters in Port-au-Prince, Antoine Ismery."
ID_SDSGOI,The World Trade Organization's appeals court ruled that an American practice which helps big U.S.
ID_ISEFWA,The Commonwealth Heads of Government Summit has begun with the emphasis on trade and diplomacy.
ID_WPHQKG,Dame Nita Barrow says her outspoken nature will not be affected by her appointment as a new Governor-General of Barbados.
ID_TCIPHQ,The Lucian government is accused of using the September-Eleven attacks to disguise its bad economic performance.
ID_BSZFSO,"At a press conference in the Antiguan capital today, Prime Minister VC Byrd poured scorn on a letter sent to him by a group of rebel MPs, led by his son, former Deputy Prime Minister Lester Byrd."
ID_OXOAKU,"To hear his speech and to see the vision he continues to have, he doesn't seem like a lame dog to me."
ID_CPIRUD,I am Keith Stonegraves and this is BBC Caribbean Report.
ID_ROPYQR,"If a client asks us to expressly to book his flight on Cubana, we'll book him on Cubana."
ID_QHXQPI,"I don't know if he was right to withhold it, but he is convinced that he should have held it, and I support him because he felt so strongly and he was prepared to risk going to prison for it."
ID_MFREMQ,"We'll have an ambassador who will probably be a resident in Jamaica, but who will be accredited to Cuba, and we'll go over from time to time."
ID_TZZNPC,"Reports from Brussels say Cuba has officially asked to join the group of African, Caribbean and Pacific countries."
ID_PLHEAU,trade embargo despite the lack of support from the United Nations.
ID_CPIXBO,"Instead of bringing in youngsters, and we've left it too late."
ID_LRRQXC,"The two parties, the Working People's Alliance and the United Force, will decide whether four remaining seats in the Parliament go to Dr. Jarman's victorious party or to the defeated People's National Congress of Mr. Desmond Hoyt."
ID_FLJLHU,"The Christian Council has called the police action unnecessary and hopes it will not obscure the main issue, that of allegations of financial impropriety against the Prime Minister."
ID_RTLDYM,I can only speak for the Bertram Osborne government that was in power about a year ago and my government.
ID_THFGVD,"Out of over a hundred voters who were in possession of valid ID cards, only seven were allowed to vote."
ID_TEYEBU,To what extent do you think this will be realised?
ID_QOBIME,MCI is perfectly willing to send us traffic at the old accounting rate.
ID_MIMRSX,He says the Central Electoral Board has suspended the publication of results from the individual polling stations as they come in.
ID_YKSBRQ,The government of the Bahamas has reacted strongly to a U.S.
ID_VABGNB,which took him two hours and fifteen minutes to present.
ID_VRNVWP,"because of the rationalization process that started last year and the insecurity of tenure, if I might call it that, job insecurity, where teachers are not sure who will go next."
ID_PGGBVA,A major injection of funds and personnel into the police force would certainly go down now as one of their more urgent needs.
ID_SBKGLU,They take on Bangladesh in the second game for both teams at Clantar Cricket Ground in Dublin.
ID_XGZMHZ,"From London, BBC Caribbean Report."
ID_ZZWABS,Montserrat's active volcano could be dying down enough to allow people to return to some southern areas next year.
ID_XDIYMV,"Whatever the final outcome, many argue that individual rights have not served the public interest, if only from the standpoint of delay and expense in a criminal matter of first magnitude."
ID_REZPFK,I'm Oren Gordon and this is BBC Caribbean Report.
ID_KHAEUC,"military base in Vieques, Puerto Rico, and an ECLAC study shows that Caribbean women are losing ground."
ID_XVMVNG,Trinidad's Foreign Minister Shahadeo Bazdeo.
ID_FPCONZ,"And in Barbados, the Democratic Labour Party returns to office following a comfortable election victory."
ID_CMZZOL,Are you suggesting a sort of Somalia-type intervention?
ID_KWWMRX,Indications are that it might well be successful when the issue comes up in Kyoto.
ID_PXIRYV,I'm Oren Gordon and this is BBC Caribbean Report.
ID_PGVZZE,"Due to the balloon effect, when you squeeze it in one place, of course the traffic tries to move on the other side."
ID_TBFJIZ,"Speaking at the opening of a regional disaster workshop in Castries, the St."
ID_NRPUQW,"The search called off for survivors of the ship caught in Hurricane Mitch, and Cuban exiles tried to have President Castro arrested."
ID_UHXNZW,We're very satisfied with the reports we've had from them and how it has operated.
ID_VMQVOZ,Byron Blake says there are more thorny issues to discuss.
ID_COBXGS,and they also catch up on a number of other little activities around town.
ID_KGYWZT,doing well within its own internal system.
ID_PQPLQK,The weather system has since been downgraded to a tropical storm as it heads out over open waters in the Atlantic.
ID_FBUPVV,I'm Ken Richards and this is BBC Caribbean Report.
ID_WVVFGA,"When I spoke to Prime Minister Pandey earlier today, I asked him about the options available for breaking the stalemate."
ID_LLMBCQ,Trade Representative Charlene Barshefsky.
ID_NAAOJP,But Mr. Burr told BBC Caribbean Report that an audit conducted by a Commonwealth expert actually shows that the benefit scheme will be an arrears to the government and not the other way around.
ID_SIDJLP,World Trade Organization considers appeal of a ruling against the EU banana import system.
ID_IVAHOO,"Authorities in Madrid are today considering an application for political asylum for a twenty-eight-year-old Cuban physicist, his wife and their four-year-old son, as relations between Spain and Cuba sink to their lowest ebb since Castro came to power."
ID_DJVIAB,"I'm Hugh Crosskill, and this is BBC Caribbean Report."
ID_GYKSNX,"and Ministry of Tourism headquarters, two adjacent buildings"
ID_JHTOBE,our hope is that uh... the multilateral evaluation mechanism which we are working out here will in fact uh... become a far more acceptable standard and that uh... u.s.
ID_HWAHAC,"embassy, informed the U.S."
ID_XHYHWP,"What we will see in effect is that we will try and make the bill inoperative so that these racist immigration officers, when they try to refuse people at the ports of entry, their names will be splashed everywhere and everybody will know what's going on."
ID_VVUXSD,"As a result, the United States, Dutch, French and other Caribbean governments are being consulted to examine the options."
ID_EKVSRY,"That's a view of David Hamlet of Hayes and Jarvis, one of the biggest tour operators in Britain."
ID_IJZOIR,"From London, BBC Caribbean Report."
ID_LPCTAL,They agreed that the momentum of bilateral relations should not be influenced in any way.
ID_ESVDLQ,"If not, when Parliament meets next week, it'll be interesting to see just where he's sitting."
ID_UMBJXU,"In the Netherlands Antilles, an attorney at law is now into the thirty-sixth day of a protest hunger strike."
ID_KJBPLR,"CARICOM's relations with Cuba are warming up with the prospect of increased cooperation, and Trinidadian school children have their say on the recent Heads of Government conference in Port of Spain."
ID_YETSOA,"Mr. Sandiford, who announced no new taxes, said only $9 million of a projected deficit of $170.5 million would be financed from domestic sources."
ID_SKEUVQ,"As a matter of fact, it's very economic survival being threatened by this."
ID_INPUGD,The region's labour movement supportive of a single market but wants its concerns addressed.
ID_UTNNCV,Roger Chong-Wi is the publisher of the internet site Caribbean Aviation.
ID_HCCZYW,And Pacer Curtley Ambrose has a good day at the start of the sixth test.
ID_FCIMFU,Voters in the British colony of Montserrat will go to the polls on October eighth.
ID_OCYDSI,"Now, a year ago, Mr. Patterson's fortunes weren't looking very promising."
ID_OYCRPS,came over from the Antigua organization.
ID_YORAYS,"From London, BBC Caribbean Report."
ID_RVEJEA,And the ACP Secretary-General explains the delay in the banana proposal.
ID_UCYDOV,The party has therefore put forward its own nominee.
ID_QLOTJP,"The government is not going to lose the elections, and so it is not appropriate for me to get involved in that rhetorical question."
ID_UPMLHZ,"The organizers say they expect many more boats to take part in this flotilla than in the previous one in July, which ended in a clash with Cuban coast guards."
ID_TZYGZH,Britain also pledged today that it would not evacuate Montserrat under the present circumstances.
ID_ACNMZL,One hundred thousand people have been made homeless and telephone and other communication badly affected.
ID_LXMDZI,That motion was filed after the court had upheld the convictions and death sentences imposed on the defendants.
ID_CAVSDW,And the leader of the opposition Democratic Labour Party in Barbados resigns.
ID_LZQVGX,"After doing a complete examination, two members of our group found that Evans Paul had severe hip problems necessitating hip replacement."
ID_MIDSQM,Caribbean diplomats watching closely the US booters galley fight at the UN.
ID_MBYQXQ,This is how he justified the strategy to BBC Caribbean report.
ID_RXCCNT,"Speculation surrounding his departure had been rampant all of last week, and it was just a question of when and where the announcement would be made."
ID_UODKLI,I believe that CARICOM is very favourably disposed to giving whatever electoral assistance that we can give from our years of experience in the holding of proper elections.
ID_YSMGMV,"We call on the religious, political, civic, and business leaders of our country to stand and be counted on the side of our Christian way of life."
ID_NPGUQP,"Vincent and the Grenadines, reported that Mr Manning and Mr Pandey had agreed on elections within one year and that Mr Pandey had said once there was agreement on his Speaker of the House of Representatives, he or one of his MPs would take up the position as leader of the opposition."
ID_CLUZFG,Oren Gordon now reports on the events surrounding the massacre.
ID_OELYCU,"for property, for his country, and for his dignity."
ID_TMMVSJ,The Parliament is still discussing a ship-rider agreement with the Yoke.
ID_KDPNLS,"And after three months of public discourse, we will, of course, monitor all of that and drive all of that by a central steering committee."
ID_ZKRDKM,"And I think that there are certain interests who would like to paint the cruise industry, and maybe in this instance, Royal Caribbean, as the big bad guys with the boats come out of Miami."
ID_ARUZQY,The United States has nothing to fear from Cuba.
ID_YTIXAM,Verbal sparks were flying today in the British House of Commons during debate on the first report of the International Development Committee on the volcanic crisis on Montserrat.
ID_VIVABH,All three men say they heard the sound of a thud just before they discovered inmate Higgs bleeding in his cell.
ID_JJSZJO,Grenada's upcoming elections will be monitored by the Organization of American States and the British press knocks the windiest performance in South Africa.
ID_LNWWFN,"and transships those drugs, then it is not, according to the Scotland Yard report, that kind of cartel."
ID_PUOAPJ,"The third minister is given his marching orders by the Antiguan prime minister, but George Walker says he will fight to restore his reputation."
ID_IDXHPF,and former West Bromwich Albion manager Ron Atkinson recalls the skills of the late Laurie Cunningham.
ID_ZDVCEF,Election day is the fifteenth of June.
ID_MBFTMR,"From London, BBC Caribbean Report."
ID_ASOTAR,All right.
ID_EILHAD,I'm Mike Jarvis and this is BBC Caribbean Report.
ID_HGOOPV,Rukman Maharaj reports on preparations being made in the islands under threat.
ID_HVAWES,"to go home and indeed according to the trade union leader Rudy Ndarusing, the government seems to be changing its tune and now wanting to retrench the workers, forced retrenchment he's claiming."
ID_COTIPJ,Caribbean concerns over a possible costly American airline strike echoed by a Washington group urging President Clinton to opt for arbitration.
ID_QWJNSL,Guyana's opposition PPP welcomes October elections but questions logistics.
ID_LRPERO,And Grenada's labor movement rejects allegations of a plot against the government in St.
ID_KPSVZO,He'll be returning this afternoon and he will be arrested.
ID_NQZDKW,Liat is a vital link for the countries of the Eastern Caribbean.
ID_EMFUND,I should have to think what might have happened if the...
ID_RCJMBV,"The Caribbean region could lose an estimated thirty million dollars a day if American airline pilots go ahead with a planned weekend strike, according to the Caribbean Tourism Organization."
ID_FOKXVQ,There were no reports of damage or injuries.
ID_LNOVYU,"Instead, she announced that Chief Justice Carl Singh had granted an order which prohibited her, on the grounds of bias and prejudice, from having any further part in the case against Mr. Benchikoff."
ID_OKOHIR,"You've accused them of being Castro Stooges, the grandmothers."
ID_UGMGWQ,You were one of the opposition figures who were sent into exile.
ID_NHNKXC,"Sir Michael Franklin, President of the London-based West India Committee."
ID_RSJGXA,The late Governor General Dame Nita Baru was laid to rest at the Westbury National Cemetery after a state funeral at the St.
ID_AAKKZT,"However, the Foreign Office says it would be reassessed on the advice of their High Commission in Barbados."
ID_WHVETM,The two ways as we fondly refer to them.
ID_YZFSPW,Carol was its music to everyone's ears.
ID_TSNMLH,"I think it has to do with interests in certain sectors, as far as Tatewood is concerned."
ID_IGCIMY,Why would I have the whole official ex-officio establishment against me and continue to go along with this agony?
ID_ZWDNTW,"Police in Jamaica say five people have been killed in the last two days in fresh violence in the capital, Kingston."
ID_SYGTFE,And now they've turned me down for a loan over too late mortgage payments in nineteen ninety-four?
ID_UVQGOY,This is Gerry Timmins for BBC Caribbean Report.
ID_YTVWAB,"regional organization called SCOPE, the Standing Conference of Popular Democratic Parties of the Eastern Caribbean. So is it a SCOPE meeting? No, it's not a SCOPE meeting, I was making the point, I'm especially placed to be involved in this initiative because the government of St Lucia, the ruling party in St Lucia, is a member party of SCOPE, in fact Prime Minister Anthony is a member of the Coordinating Committee of SCOPE, of which I'm the chairman, and..."
ID_CWZWTA,Lucia's Labour Party as the opposition unites ahead of general elections.
ID_ROWWEJ,The British proposal submitted to the European Commission last month calls for the imposition of set quotas for dollar banana imports and a ten percent tariff.
ID_QVZHJW,argues that soldiers serving in places like Iraq could fall victim to politically motivated prosecutions.
ID_AGCEUI,"One black, one white, separate and unequal."
ID_WEWNIT,The round also covers reductions in tariffs on industrial goods and freight trade and services.
ID_ACUNAT,Sugarcane farmers in Trinidad and Tobago have compromised on outstanding debts owed by the sugar company.
ID_YNJJYP,They'll no doubt try to find out from the six-year-old boy whether he wants to come back to his father in Cuba.
ID_ZMFTKG,"Why Anguilla's chief minister was forced to call fresh elections, bread and butter issues surfacing on Dominica's campaign trail, and the former government official wants the US embargo on Cuba lifted."
ID_DSYSRP,And Australia lobbies OECD states urging them to vote for a whale sanctuary.
ID_FTMZJG,This comes against the background of the fact that we have a lead and have had a sustained lead in the polls ever since November two thousand.
ID_FCKUMX,The Netherlands Antilles is preparing to introduce the painful economic measures recommended by the IMF.
ID_CQYIZM,"They were killed following a shootout, possibly among themselves."
ID_CZZOHY,Tony Fraser was in the thick of today's demonstration.
ID_JDXRGQ,He said a police force would be more effective than the embargo has been.
ID_TNZBNE,"The police not only fetched away the wood, but they also dismantled other wooden stalls which were nearby, much to the anger of bystanders and other vendors."
ID_IQIPSV,Washington's welcome to a possible relaxation of the state of siege was a mild and cautious one.
ID_LYVMZQ,Emotional appeals to the Vatican and the EU to save the life of a jailed Cuban dissident.
ID_XYMALH,Dollars in aid that was earmarked for the anti-drug program has now been diverted to Poland.
ID_LERVXI,"The agreement also addresses some problems raised by developing countries on implementing previous trade agreements, but many of these issues will now have to be negotiated in future talks."
ID_WDVKIP,"Ben Jones, a former Prime Minister of Grenada."
ID_XKWQKD,The Americans have said the Secretary General has lost their confidence.
ID_TPLGPQ,"Following the approval of Marc Bazar and Haiti's new Prime Minister, one Irish state supporter says he cannot overcome Haiti's many problems."
ID_VMZAWQ,Eastern Caribbean leaders on their way home from Libya.
ID_TIMQOU,Coast Guard if he thought the operation could turn into a long-term commitment.
ID_DGDSRM,Montserrat's coalition government runs into problems with agriculture minister Ruben made given the axe.
ID_NADGQJ,There's shock in Guyana after the discovery of four burnt bodies in a farmhouse and how the Caribbean may have played a part in the collapse of US oil giant Enron.
ID_HVDJVI,"And if, say, tomorrow I were to drop dead, the party will meet."
ID_DSPKYZ,"Dr. Fleming had not shown up for yesterday's session, requesting time to visit the United States and collect documents he says are pertinent to the issue."
ID_TBTAMH,"I spoke to the president of the Jamaican Football Federation, Horace Burrell, and asked him about the next step for the reggae boys on the road to France."
ID_ETAFQO,"Hugh Crosskill and Eastern Caribbean ambassador to Brussels, Edwin Laurent, says the move sidesteps the bigger threat of a direct challenge to the regime lodged by Latin American banana producer Chiquita."
ID_HVJFLM,"That's a relatively small proportion of the two million people expected to visit this year, but it's large enough for the travel companies to take notice."
ID_WQGPHL,Mr. Clinton's wife Hillary controversially stepped into the issue by publicly disagreeing with the amnesty.
ID_KPGIUX,"The leader of the main opposition People's National Congress, Desmond Hoyt, is opposed to the use of the word president when addressing Janet Jagan of the ruling People's Progressive Party."
ID_JVVNLC,I'm Oren Gordon and this is BBC Caribbean Report.
ID_CQREDJ,"Two CARICOM Prime Ministers, Keith Mitchell of Grenada and Owen Arthur of Barbados, were present at the opening ceremony."
ID_XTGMPV,"Miguel Poirier, you're listening to BBC Caribbean Report."
ID_LGDHVZ,"But the Episcopal Church, as the Anglican Church is known in the United States, has confirmed Canon Jean Robinson as its first openly homosexual bishop."
ID_EUXFQV,except for Gibraltar and the Falkland Islands.
ID_HNCUGC,who can command the respect and who can make a very valuable input to wrestling cricket.
ID_JHTONW,"The Prime Minister said that people were entitled to make suggestions about restructuring, but once they had done so, they should move along and leave the decisions to him."
ID_AKONZZ,"And we are failing to do this, and until we come to terms with the reality of air transportation in the Caribbean and provide a real carrier that can serve the region properly, then we are going to always be sitting at the back of a classroom."
ID_TMJESY,Pete Nimval has been keeping an eye on the Mandela convoy.
ID_GVCKXT,The Paris should get together and let the people all over the world know that we are absolutely convinced that Haiti cannot go on the way it goes now.
ID_SMRSKA,"Join us at eleven oh five, eleven fifteen and twelve ten GMT for our next morning programs."
ID_GBWGQH,"Earlier today I spoke with the Prime Minister of Antigua Barbuda, Lester Bird."
ID_KXYAUV,"and Dwight York, the eighteen million dollar man."
ID_PRKMLI,President Clinton says his decision to initial the Cuban Liberty and Solidarity Act was meant to send a powerful message to Havana.
ID_YPCNZC,Keith Nevis and creation of yet another micro-mini-state in our region with all the implications and dangers that that...
ID_CZGHBV,"But first, from Geneva, the BBC's Claire Dole."
ID_EREEYH,"In nineteen fifty-four, about ten thousand West Indians came to Britain."
ID_GQKFJF,and I am advised that in fact a first ballot was printed without the name of Dave Bruni and some authority instructed that a second ballot be printed with Dave Bruni's name on the ballot paper.
ID_DBZIES,"From London, BBC Caribbean Report."
ID_FLGFRI,Unconfirmed reports say five other people were shot dead elsewhere in Port-au-Prince.
ID_PKSLWZ,"Indeed, getting through to you was quite a problem."
ID_YDWXUY,"Quoting from the document, Mr. Pierre indicated that the majority of St."
ID_RKAOJS,"The Barbados Manufacturers Association is, however, quite clear that this budget, which does not remove harmful duties on raw materials used by the manufacturing sector,"
ID_OYGMUU,"Mrs Robinson says delegates must persist in their endeavours, but despite her brave words, the real..."
ID_KXRMCT,The PNM won eight of the twelve seats in the smaller island's House of Assembly.
ID_UCFJPM,Philip Lowe insists that the ACP and Europe are closer together in their thinking than is apparent.
ID_SOZCVT,"They didn't vote for a total turnover, what Seattle was doing."
ID_HJTRZJ,"cannot prove it, and then believe that that will take them through."
ID_HFGOSE,"I mean, we are open in terms of the fact that whatever we have to do to get rid of this government, given the scandals they have wrought on this country, given the level of corruption, we have to do everything necessary to get rid of them."
ID_IYAIBU,They're the only ones to have taken more than a hundred wickets and scored more than a thousand runs.
ID_LXRFAB,"There's nobody, to our knowledge, living on the eastern side where the pyroclastic flow activity is taking place."
ID_NZCZDT,I'm Ken Richards and this is BBC Caribbean Report.
ID_UUDMJX,"been given a historical commitment that we would be given the World Cup whenever we were in a position to hold it, and we certainly will be in a position to hold it in two thousand three."
ID_OAZKXF,"The new Front for Democracy has won Saturday's election in Suriname, but without the two-thirds majority needed for complete control."
ID_HEESZR,And for a roundup of the damage done by Hurricane Louis from Antigua to St.
ID_RXGVNL,"They've cleared the roads island-wide so they're now passable, and it appears that they are set on giving us electricity island-wide by this Friday."
ID_UWWOLK,He says he received no such request from John Higgs.
ID_CYWLYS,Simmons pointed out that Mitchell's execution illustrates the contempt the Bahamian government has displayed for its obligations as a member of the Organization of American States.
ID_VJTQIZ,"Sandra Baptiste reports on one yardstick used to assess the summit, the communique."
ID_PTZRGQ,"Mrs. Clark, who was expected to announce her run for Congress shortly,"
ID_LKRJZB,I'm Ken Richards and this is BBC Caribbean Report.
ID_GKEQLA,"Jamaica's Dr Trevor Monroe says after six months in office, the manly government is yet to deliver."
ID_DUGGSU,And what suits one area does not necessarily suit another.
ID_DXAUIJ,and how Caribbean A-level students compare with their British counterparts.
ID_NEFPPL,John's village in the far north of the island.
ID_OIIXDM,Suriname is still without an elected president and showdown at the Oval tomorrow in the final test between the West Indies and England.
ID_INKJRT,Lucia Libo party in general elections suffered another major setback today.
ID_IDMQDD,Government workers will now continue their strike next week.
ID_DMWOMY,But non-English-speaking countries are also seeking entry to the club.
ID_ADRQVX,"Haiti's interim government sets a date for general elections, four Cuban dissidents jailed in Havana, and British MPs concerned over the future of Guyana's rainforest."
ID_NFJVWN,We'll have more on the Buftons and Guyana Island later in the programme.
ID_CFRNWU,"He says that in Edinburgh, they failed to get it right on Nigeria."
ID_OYRUBE,He is due back in Antigua this afternoon to deal with the crisis himself.
ID_HLRYTM,included in that there must be of good character and not involved in any criminal activity.
ID_AQDNQQ,I'm Emma Joseph and this is BBC Caribbean Report.
ID_LUAXGK,"To build a home or to build a building, then that institution requires coverage in case of damage of a catastrophe by natural disaster."
ID_IEHJST,"From London, BBC Caribbean Report."
ID_TTSHKI,"Well, Sonia, things are quietening down considerably in Port-au-France now."
ID_XVTTWN,"From London, BBC Caribbean Report."
ID_UWJBBK,"But Hamnistir unimpressed, saying the withdrawal from the convention undermines fifty years of human rights protection."
ID_XENTGP,I'm Mike Jarvis and this is BBC Caribbean Report.
ID_NFSHZP,"In an address to the nation, Prime Minister Douglas said these recent incidents had done nothing to enhance the image of St."
ID_SIAXKP,"But a spokeswoman for the United Nations High Commission for Refugees, Silvana Roa, says there is good cause to be concerned for the safety of many of the returnees."
ID_TIZZHY,"After we report to our members on the outcome of the meeting with the ministerial team, there is the possibility that demonstrations around the Parliament will take place."
ID_ADXBIG,Grenada's Director of Public Prosecutions to investigate alleged government plot to kill the former foreign minister.
ID_BKWZAP,I called Tony Fraser in Port of Spain a few moments ago for the latest on the case.
ID_WGWGEB,with small groups of anti-government demonstrators in Georgetown.
ID_JLZHAG,I was told that one of my clients passed out.
ID_VTEAGL,Haiti moving into Sunday's presidential elections with former Prime Minister René Préval still regarded as the favourite to win.
ID_UZWQXU,I am Keith Stonegraves and this is BBC Caribbean Report.
ID_RHGOKL,"The ferry boat Neptune had no lifeboats aboard, nor were life jackets distributed to the passengers."
ID_WWFQOJ,"From London, BBC Caribbean Report."
ID_KIFCXS,"And when Castro mobilizes thousands of people, something should tell you that the case is being manipulated by a communist dictatorship headed by Fidel Castro."
ID_KXWJGE,"Sam Davis, senior business reporter of the Jamaica Observer, is at the summit."
ID_VPTOSP,"I'm Hugh Crosskill, and this is BBC Caribbean Report."
ID_LJJDYG,Britain's Foreign Secretary pledges to help Barbados and OECA states.
ID_UMTSZB,Governor Frank Savage and Chief Minister Ruben Mead went on national radio before dawn this morning to announce the order for the residents to move.
ID_ZLRUPI,Guyana's Prime Minister Sam Hines defends the government against charges that they unfairly barred him from the presidency.
ID_DUAOJU,"From London, BBC Caribbean Report."
ID_ZWOGIH,"the region's longest-serving trade minister, and tourism minister Romanos Lansico."
ID_VRQGKP,The committee members are now studying a draft document outlining their findings and recommendations.
ID_ZNGYPH,"From London, BBC Caribbean Report."
ID_HLPVWY,Gabriel Nunez called on the country's creditors to convert a temporary moratorium on repayments into permanent debt relief.
ID_JLAUWB,Journalist Patrick Vigneres told me the decision to transfer the detainees could worsen the situation being taken advantage of by criminal elements.
ID_AMTNUI,"Born Alwyn Roberts, Kitchener was admitted to the Eric Williams Medical Centre eleven days ago and was diagnosed as having multiple myeloma, a terminal illness which led to severe infection and kidney failure."
ID_HSSYRP,"But last night at a political meeting, Mr Pandey added another precondition for cooperating with the government."
ID_QJJFJV,"From Georgetown, Sharif Khan reports."
ID_CGMIWY,"If it were so small, these other countries would not be trying to get into it."
ID_NCXBFM,Puerto Ricans appear apathetic four days ahead of a crucial referendum on statehood.
ID_SEEKOQ,"Leaders in Jamaica, the Wynwood Islands and Belize won the banana issue discussed during next week's Association of Caribbean States summit in the Dominican Republic."
ID_ORFHGX,"If we are put into them, that we would love to do so."
ID_SKOELD,"She just missed winning outright a leadership contest against a former cabinet colleague, Mr Michael Heseltine."
ID_KNCSQF,Mexico and Venezuela have guaranteed the supply of oil to the Dominican Republic and steps have been taken to reduce the consumption of petroleum products.
ID_TXTANI,"Excessive governmental involvement said to be bad for the region's tourism industry, and the former OAS Deputy Secretary General expresses his disillusionment with CARICOM."
ID_DKRZZU,"From London, BBC Caribbean Report."
ID_UVPZZN,"Deputy Prime Minister Mario Michel has expressed regret about controversial comments he made in relation to the leader of the opposition United Workers Party, Dr. Morella Joseph."
ID_XRTJJY,He's called for more direct involvement by the Hague in key areas of local government.
ID_VEUTBL,The Electoral and Boundaries Commission moved quickly to tackle the situation.
ID_KWZAOA,to make a strong legal profession.
ID_MVCMPJ,more of our young people are being locked up.
ID_VRSJJG,They have to run Liat as a business.
ID_VHQCCE,"From there, Leslie Goff sent this report."
ID_NGGHGQ,"The industrial hemp is very low, and even if you smoke a truck full of it, you won't get a high from it."
ID_JCXXCD,I'm Ken Richards and this is BBC Caribbean Report.
ID_SHVEFY,Protests by poorer nations hold up global talks at the World Trade Organization.
ID_RFFJHN,"Prime Minister Basdeo Pandey's parliamentary majority has been reduced, with two ministerial dismissals and one resignation."
ID_XENMHL,I'm Carol Orr and this is BBC Caribbean Report.
ID_CQUKBJ,"In Britain, an industrial tribunal hears a case of a Rastafarian denied a job because he refused to cut his locks."
ID_EQUHOI,Some analysts have described the decision as a blow to tourism in the region.
ID_GGVTMI,"What I'm doing is making sure that the prospects are able to show what they can do by the positions that they hold, so that when the time comes, the delegates who will make the decision will be able to do so in a proper fashion."
ID_PPLYUL,The postponement of Haiti's election date comes as no surprise to former President Leslie Manigar.
ID_BFBPIB,"What does the Queen bring to the Commonwealth that another person, another head, could not?"
ID_LHYHZZ,"I'm Hugh Crosskill, and this is BBC Caribbean Report."
ID_IQUMVX,The opposition raised the stakes by suing the government to prevent the project from going ahead.
ID_AXNCRG,"Of course, CARICOM leaders gave fairly wholehearted support to what ultimately was the use of force to remove the Iraqis from Kuwait."
ID_EXPVCH,"Amidst a sea of euphoric supporters and a host of handshakes, the new Prime Minister promised a practical government in pursuit of noble ideas."
ID_VMBWPM,for the region to begin discussing and working toward a political federation.
ID_VFHPKI,however accurate pictures had to give.
ID_UCCNTU,Caribbean concerns about Cuba's expansion in tourism and planning the trip to France from Jamaica.
ID_NXCTAM,We have just received reports that there are two pieces of main road blocked in the Picketts area and on the road leading into Bandsville New Winshop.
ID_ITUKXW,The Commonwealth Ministerial Action Group says it's continuing to closely monitor developments in Pakistan following the recent military coup there.
ID_AATOZD,I'm Oren Gordon and this is BBC Caribbean Report.
ID_IALBVA,"From London, BBC Caribbean Report."
ID_WMDATG,"Like Guyana's Janet Jagan, she'll carry on the legacy of her late husband, Anulfo Arias, who served as Panama's president three times."
ID_KLJLMZ,The newspaper columnist Gordon Morrow told me that the announcement is not as sudden as it appears because the government has been talking since last year about taking electoral advantage of some economic improvements.
ID_JNYBMF,this is basically uh... you know our clause barbie from haiti
ID_IZIMUT,I'm Leslie Goff and this is BBC Caribbean Report.
ID_TGKOUA,"From London, BBC Caribbean Report."
ID_RNHQUY,"Well, I think all the Venezuelans are doing is playing the opaque game of increasing your reserves."
ID_NPQEKM,Trinidad and Tobago is an independent republic that will do what they think is in the interest of Trinidad and Tobago.
ID_BRDSCV,This has been interpreted by some observers as a blow to the Prime Minister in his attempt to stave off any serious developments in Parliament tomorrow.
ID_HUQKMP,"And in a few days, we're going to write a letter to the Eastern Caribbean countries to the Prime Minister, Charles Gontaman Michel, telling them the same thing."
ID_VHKKKV,The heads say they are particularly concerned about the lack of progress with the political dialogue which the two leaders agreed to in one of their peace accords.
ID_FARTWS,Dominican authorities are keeping a close watch on the island's volcanoes following what they say have been an increase in earthquakes in the southern part of the island.
ID_WHODMD,Let me just give you one illustration of that.
ID_HWIKAU,"because my inner cabinet, the ex-officio members of my cabinet, campaign for the opposition and work against the government."
ID_OKWIUU,Martin led us away from to build stronger and to build more careful according to better buildings resistant to hurricane forces.
ID_BYOOOS,Further accusations of sweatshop labor directed at companies associated with Disney and operating in Haiti and attention to be given to child labor in the Caribbean.
ID_XGTOWP,It is obviously not what one would like to see.
ID_AYBRZQ,"On August twenty-fourth, a Baltimore judge is due to rule on his deportation."
ID_WDNSKR,Three Caribbean countries further challenged to work themselves of the Financial Action Task Force blacklist.
ID_IKVJYB,But it is admittedly a difficult time for bananas.
ID_JZMNVU,Some reports say one of the upper decks may have collapsed.
ID_ENNGHJ,The US and five Latin American countries argued successfully at the World Trade Organization
ID_FYFBKA,Kids are the country's officially recognized as being plagued by the pest.
ID_XMEXYD,I'm a citizen of the world campaigning for human rights or basic human rights.
ID_BYQLLA,Antigua and Barbuda's OAS Ambassador Lionel Hurst.
ID_DIKUAR,"But whatever the merits of the charges, there has been a howl of protest against the manner of the arrest."
ID_UNCNYB,It has huge loopholes through which a flotilla of waste trade vessels can sail.
ID_HVGVEU,An excess of four hundred teachers from Jamaica to the United States and Britain is creating problems for the island's education system.
ID_YNHCKS,Make them put some money in it and run a good airline.
ID_SOUXUS,Two top law enforcement officials fired in the Dominican Republic and a new study finds Britain's ethnic groups no longer uniformly disadvantaged.
ID_JFPHBR,A mistake on Guyana's ballot papers raises more concerns with just over a week to general elections.
ID_USCOBE,Chief Elections Officer Rita Serafin says she has been satisfied with the voter turnout and was predicting that as much as seventy percent of the electorate would have gone to the polls.
ID_IJLBYH,Trinidad and Tobago ponder setting up its own law school as legal counsel questions the quality of some law school entrance.
ID_GPUOUE,Would the casual listener learn something about how Jamaica the country?
ID_RRQSIT,"Following that, it will take up to six months to get it through Congress, which has to accept or reject it outright."
ID_QZGABZ,Just a reminder that you're listening to BBC Caribbean Report.
ID_AKMDQD,"about the whole issue of the bargaining power of unions and whether this will emasculate the unions, this policy which will not leave them with any bargaining power with much maneuvering."
ID_FJWHNX,And Guatemalan elections campaigning sparks debate on the territorial claim controversy with Belize.
ID_WRWULC,i don't think that this within our actions here are not intended to exacerbate the situation in any way
ID_NCRBMF,and the Los Angeles riots spark heated debate over different priorities of black Americans and West Indians.
ID_VNJELS,"I am not going to be making any statement about Mr. Nelson's job tomorrow, one way or another."
ID_ZURLKT,are based to house people moved from Montserrat.
ID_DZXPBO,One of Foreign Minister Clement Roji's main tasks in Port of Spain was to make a strong complaint to the Canadian Foreign Minister.
ID_WOVXWF,because of the lessened security arrangements in our country.
ID_FDOSRA,"Already, several Caribbean countries whose economies are heavily dependent on tourism are pulling out the stops to capitalise on the occasion."
ID_KBXKOF,and it is very possible that Cuba and the new Nicaraguan government will establish diplomatic relations.
ID_XXRXIA,Was the decision taken by the Commonwealth reflecting the support you found in Pakistan for the coup?
ID_NXHNSN,"Vincent de Grenadines, in my particular constituency, forty percent of the certified banana farmers in my country come from my constituency."
ID_IBCXXE,We have twenty-eight OECD countries that have made that commitment.
ID_CKUGGC,Hurricane Lenny kills at least seven people in the Caribbean.
ID_DALWJE,"Caribbean nations discuss the further integration of Cuba in the region and the reggae boys play Argentina, Croatia and Japan in the first round of the World Cup."
ID_QZJSIJ,"In a letter sent to British Trade Secretary Ian Lang, the Commission said it would defend its views in the European Court of Justice if necessary."
ID_QAZWVB,"But on last night's program, Public Service Union President Patrick Yard said it was up to the government to resolve the crisis."
ID_KYYXPQ,Barbados shares the profound anguish
ID_YNWZIW,carriers onto non-US-based carriers.
ID_HIHOXW,Amnesty failed to get Mitchell's execution stopped as it asked the Bahamian government to do yesterday.
ID_AERVIV,The problem of food poisoning within the region's hotels is to be addressed.
ID_TXELZY,The Chilean consul in Haiti murdered and calypso censorship in Trinidad and Tobago.
ID_SDCKJY,A vigorous defense of the U.S. decision to punish Caribbean and other states for not supporting legal immunity for U.S. troops.
ID_WBVSUL,James will challenge incumbent Prime Minister Lester Bird for the St.
ID_HLCTTQ,"However, he noted that when, as in the case of Guyana, criminal acts are being committed in pursuit of a political agenda, it is even more worrisome because the boundaries of criminal activity are being widened."
ID_ORMWYN,And the Puerto Rican governor plans an alternative referendum on the thorny issue of Vieques.
ID_BOPQEY,"And he says when the airlines suddenly stop servicing a route, the industry suffers."
ID_EJWCHK,"The sympathy of the young, in particular, seemed to go towards Iraq, which perceived as the underdog, and Iraq's strikes against the coalition forces are cheered."
ID_QTDXGC,"And Brian Lara, a relieved man today."
ID_WMLZEX,"In his suicide letter, he maintained he was not the one who killed her and hid her body in the stairwell of a house that was under construction."
ID_AETLGB,in that individuals are not willing to make tough decisions which are necessary for the development of their territories.
ID_LAEPXO,Both government and labor union leaders are claiming victory on the opening day of the general strike.
ID_FFEHCT,"Clearly, you go to Parliament and you debate a matter, everyone knows that the ayes have it because the government is the majority."
ID_QICPXU,"And because of this condition in which young people exist in this country, neither of the political parties have done anything."
ID_DNWBJT,"From London, BBC Caribbean Report."
ID_KRBVMQ,That's the lowest level for thirty-one months.
ID_ISFPDS,And it's particularly tragic that what happened in the Middle East should have taken place at this time.
ID_UCNOKK,And a call on the World Bank to demand fewer reforms and to do more about poverty.
ID_MNRJAL,that good governance should be an essential element and that the country should be punished if it is in breach of these norms.
ID_EPYQOW,"neglected and for so long, and the politics have not helped, that they are looking to alternative sources for their revival and sustainability."
ID_TSEOOC,"Had this agreement not been reached, the crop would have been in significant trouble."
ID_BZQWGS,The signing of the purchase agreement from West Germany's Radio Deutsche Welle took place over the New Year holiday.
ID_YYGVMA,The regional security system on alert to deal with a possible eruption of Montserrat's volcano.
ID_MPGHZL,"A total of twenty-eight candidates, comprising eighteen from three political parties and ten independents, are contesting the poll."
ID_FATNVH,The notion of Caribbean trade reprisals against Washington is raised in St.
ID_CAIYUE,"Mr. Harris said the British government was willing to offer any help and assistance to Anguilla towards constitutional reform, adding that the problem the island has been in since May last year, when Finance Minister Victor Banks resigned from government, was because of the way the present constitution is framed and has not served the people well, and when that happens, it is time to change it."
ID_YXEGJT,"And after we would have done that, we would have determined whether or not we feel that we should go further on the matter."
ID_IPFPTK,The year two thousand computer bug left experts around the world sitting on their hands with little to do.
ID_IAIJCX,"With the details of the agreement, here's Colin Smith in Georgetown."
ID_RJDXML,"Of course, we're running a terrible trade deficit right now, and I'm not sure that the United States can afford to give aid anywhere, let alone to new places."
ID_WMCMYE,But that was in the evacuated zone and no one is thought to have been hurt.
ID_YUHLRW,"Secretary General of the Caribbean Tourism Organization, Gene Holder, says things are looking up after the initial setbacks linked to the attacks in America two months ago."
ID_NSGPLU,"Although the Attorney General tried to fix the mistake in January this year, recharging Mundy with premeditated murder, the Privy Council refused to allow it, calling it double jeopardy."
ID_XXDWBF,Wycliffe Richardson recalls that Mr. Banks said at the time that he was unhappy with the leadership style of the Chief Minister.
ID_YDWOJR,I'm Gerry Timmins and this is BBC Caribbean Report.
ID_LOSKDP,and the five-year time frame set down in Patten Morgan by the Privy Council.
ID_IRPUWW,Karen Weir has been following proceedings at the inquiry.
ID_OPYCNA,"We have also now put in place the emergency department's action plan, and that is being followed."
ID_OSWBVF,"Over in Alexandria, of course, the ground seems adequate."
ID_ESQURD,The security situation in Haiti has been going from bad to worse for a while now.
ID_IXAWXB,"The leader of Suriname's jungle commando, Ronnie Brunswick, was today allowed to enter the Netherlands."
ID_FGQOSY,One marine biologist who preferred to remain anonymous told Caribbean Reports that forensic specialists need to be brought into the investigation.
ID_FSFTVZ,"He presided over a period of much activity by the CBU, with the introduction of live television coverage of West Indies cricket, regular news and information exchanges, and much greater use of pooled resources in general."
ID_FWEBOM,I'm Oren Gordon and this is BBC Caribbean Report.
ID_OBVWNN,and why some observers say free trade is hurting Caribbean business.
ID_AKMBKI,"Trinidad and Tobago's Minister of Culture, Joan Yule Williams, speaking in Parliament this afternoon."
ID_ZXNBSX,And Guyana continues to consider the case of Walter Rodney.
ID_GLCMNL,President Clinton's foreign policy gets a low grade from a Washington-based hemispheric organization.
ID_EWLPEO,It means that the quantities that Wedeco is going to ship is going to be very small.
ID_APANFZ,The Prime Minister singled out a measure to outlaw gender discrimination and said he was ashamed that Bahamians had not supported it.
ID_GXRQGK,About seven hundred out of nine hundred are doing a straight eight to four work day to protest plans for a layoff of the number of their colleagues and also to press for improved contracts.
ID_ONMARG,There were several lists of people who have been forbidden exit permission.
ID_SFKZOZ,I'm Ken Richards and this is BBC Caribbean Report.
ID_HPQCLF,I think the campaign was very animated.
ID_UOCQTS,There was another incident in which a soldier approached two persons wearing camouflage uniforms and asked for identification.
ID_GSSTQI,"I think the American Airlines employees in most of the islands, including some of the managers, were surprised by the move."
ID_PLOWVX,The governments have been criticised quite severely in some quarters for backing the UN resolutions that led to the use of force.
ID_GICDFA,"Richard Streeter of the Youth Business Trust, ending BBC Caribbean Report."
ID_LAITDJ,"One small party has also published its plan of action, but the main opposition United Progressive Party is yet to put out its manifesto."
ID_DTALTQ,"In a bid to quell the upsurge of gun-related violence in sections of Kingston, the Jamaica Defence Force has called out members of the National Reserve."
ID_YMDXCE,"on basic principles and commitments, but maintain their separate ways as political organizations and consult the people of Anguilla on key national and community issues."
ID_HLKHZR,Prime Minister Dr Keith Mitchell told a news conference today that a file is on the desk of the DPP for him to determine who is to be charged and what charges to be preferred in respect to the statement made by Mr Sandicharge on a radio program last Sunday.
ID_AKISXB,"That government is also coalition, but between only the PNP and the Labour Party."
ID_QLUYBS,I'm Oren Gordon and this is BBC Caribbean Report.
ID_OQSETD,British Airways and American Airlines announce a deal to combine operations.
ID_SCSAHS,"We are going even further in providing internet training in informatics, which is any activity where IT is a co-activity for the countries of the OECS."
ID_CQBSOT,"I'm Hugh Crosskill, and this is BBC Caribbean Report."
ID_SGUIYU,Are you prepared to take that risk?
ID_APUHZZ,Elections last month ended in a tie between Mr. Manning's People's National Movement and the then-governing UNC of Mr. Pandey.
ID_JCKFBQ,It was thought that the CMAIC had suspended Pakistan.
ID_BXZVOK,"Today, she repeated past charges that the multinational Chiquita company financed part of Bill Clinton's presidential campaign."
ID_EHMHSC,"For the last twenty-four months, each month we have been ahead on the plan."
ID_RCWDOS,The report concluded that Janet Jagan and the People's Progressive Party did win the poll.
ID_YDTEHZ,"It is also significantly lower in the Caribbean than it is in the United States, where state and other colleges take in even less than gifted students."
ID_GABDPX,He's making his comeback known slowly at his own rhythm.
ID_RIFVTT,It's become increasingly difficult to argue the case for keeping the convention going in its original form.
ID_BVIHYO,Haiti's military-backed government holds parliamentary elections despite international condemnation.
ID_DTVFCB,"From London, this is BBC Caribbean Report."
ID_TBQYMB,"Meanwhile, the Commonwealth's largest country, Australia, has voted to keep the Queen as their head of state."
ID_SIRKDB,"As CARICOM leaders prepare for this week's mini-summit in Port of Spain, Trinidad and Tobago's Prime Minister Patrick Manning is being criticised by the country's private sector for not giving a position on the CET."
ID_WCYMHT,Lucian delegate in an attack on trade and immigration policies at the New York Drug Summit.
ID_AFHRJR,He had previously voiced strong displeasure when the Church of England had put forward the name of Canon Geoffrey John as the Bishop of Reading.
ID_KVNMWF,Tony Fraser reports from Port of Spain.
ID_PARDGD,The sources further indicate that Prime Minister Douglas' visit to St.
ID_FCCPSS,Minister of Action Group to act on its behalf in relation to insurance complaints and I would want her to be as faithful as she must be to the letter and the spirit of the mandate as specified by the Heads of Government because the Heads of Government have accepted my clear recommendations as to what should be done within an eleven month period failing which sanctions become mandatory and I hope that she and the
ID_AYKNUV,"More rallies are planned for London this weekend to protest the death of Joy Gardner, and a mixed reception awaits Pope John Paul when he visits Jamaica on Monday."
ID_SUMBPY,"First of all, Gerry, what about the casualties as a result of that demonstration?"
ID_FCJXHX,"the old system way of, you know, having people claiming for him in the street."
ID_CDFXAY,A war against Iraq would prove very detrimental to Caribbean tourism.
ID_WQMOZW,Developments are not making these international organizations obsolete.
ID_UQRMHT,"Mr. Cook also reiterated his government's continuing opposition to the use of the death penalty, which was recently resumed on a number of islands in the Caribbean."
ID_XQJXIB,"all of which impacts powerfully on the region's social, economic, and political future."
ID_LAYMYY,Coast Guard Commandant Admiral William Kime denied that the U.S.
ID_GFXYTJ,"Just last month, Gies announced that its operating profits were likely to be substantially below market expectations due to the low level of banana prices in Europe."
ID_CYZXZI,Haitian-based journalist Michael Norton says it's not clear what action the government is taking to have Mr Constant return.
ID_NJWGQM,"More from Sir Sridhar in a moment, but first the BBC's Liz Trussell has the background on the man the EU has turned into a pariah."
ID_JKURGS,"A CARICOM team is carrying out an audit of the December, the cause of PNC disaffection."
ID_LJOBMQ,We are at present a united front in the opposition.
ID_EJHKIP,"I must say, we're quite thin."
ID_LEDWYW,The match was abandoned after only an hour.
ID_LAGBFR,"But there is no doubt that there are a few whose actions, unless curtailed, will tarnish the many who are desirous of seeing the credibility of the service restored."
ID_OJWJPI,or were not taken at the times when the dead fish were found.
ID_PASUCS,"Czechoslovak delegates was with me up to one thirty in the parliament buildings last night, checking out everything meticulously, and we were the last in the delegations to go to sleep. Eastern Europe then, new markets one would think to be exploited, and indeed perhaps that's why so much attention is turning in that direction, particularly by the major aid donors, but what is the Caribbean region doing to get its foot in the door, and what could eventually become a lucrative market?"
ID_QLZSOH,"Reporting from Port of Spain, Tony Fraser."
ID_IGUJLX,"But the Barbados Economic Society has been advising, and the Barbados opposition Labour Party, that there should be no new taxes."
ID_AMXVPZ,"Well, with the region, the stock exchanges of the region, Trinidad has signed up to it, Barbados and the Bahamas."
ID_LAZOYB,But Mr. Odlam's hopes were dashed when the man behind the bid to remove Patrick Joseph as SLBC chairman announced that he would not accept defeat.
ID_OMIXJD,A curfew is imposed in a part of Kingston as New Year's gang warfare continues and the first trade in the new euro currency begins in the Caribbean.
ID_XMNKEM,"And while that is being advocated, the National Security Minister of Trinidad and Tobago, Russell Huggins, has said he does not even have money to purchase spark plugs for the many police vehicles unable to move from the junkyard."
ID_SBNDFN,"But, for instance, Antigua has been advocating..."
ID_GTVJHT,"The Dominica Freedom Party, which lost power in the nineteen ninety-five elections, is a distant third at nine percent."
ID_WDPYAD,"The word is not expelled, but in fact banished."
ID_NPOSFN,Forty percent of the electoral roll is teenagers.
ID_BHAHIZ,And is Grenada turning into a dictatorship?
ID_JFQFCN,Mr. Misha's Grozele constituency was one of several affected by low voter turnout.
ID_LVADZY,But government says that it has things in hand and wants to make the public education sector the first choice for parents.
ID_RKGLQR,"British Conservative MP Bowen Wells, and poor working conditions in Costa Rica's banana plantations were discussed today by the European Parliament's Development Committee at a special meeting."
ID_PWPXQM,There's basically an inconsistency in the language of the dispute settlement understanding.
ID_XVBAZD,The agreement is seen as a critical component of the government's strategy to liberalize the sector and to establish a new and more comprehensive regulatory regime for telecommunications in the island.
ID_RUJBZW,"If that were to happen, he added, the OAS group could then go to Haiti to create what he called a climate for Father Aristide's return."
ID_IKSFWW,"And if people are here already, maybe illegally, they should be given some opportunity to become legal."
ID_OLMNZR,are hoping that there is now a greater degree of readiness to hold the elections.
ID_IDGPEG,"Mr. Hoyt responded to alleged reports that Mr. Green blamed him for the party defeat by dropping his number two from the PNC members of Parliament, and he last month expelled him from the party."
ID_LOCXQT,"Despite the threat of expulsion, the former Foreign Affairs Minister also criticised the PNM hierarchy."
ID_AOMPQK,"Cuba breaks its silence on the Soviet crisis, saying it's none of their business."
ID_EDEGRT,I'm Oren Gordon and this is BBC Caribbean Report.
ID_ENBCXO,"But clearly, even if they do, St."
ID_COFURT,the part of the campaign that is concerned with restoring power to the island.
ID_XUBMER,"Since that statement, there appears to be confirmation that narcotics traffickers are infiltrating the main political parties on the island."
ID_LYERER,perhaps one of the items which we haven't done anything about on before.
ID_HSXVTJ,"Having regard to all the facts, I believe the decision that we have taken is the most reasonable in all the circumstances."
ID_JHUFBM,So people are coming out and they are voting.
ID_ENTHPL,I think the Caribbean should do more to organize its efforts and a collective voice should be heard.
ID_YEPRMJ,"In Nevis, the concerned citizens' movement again won two seats, with the Nevis Reformation Party taking the other."
ID_LFRBCW,"His action wasn't out of the textbook either, but that didn't stop him from being a big swinger of the ball."
ID_HSACBN,The world will see a ceremonial entertainment.
ID_NORCAW,"Caribbean governments lack direction, a charge from the head of the regional private sector."
ID_EBDXTT,The visit is being seen as yet another sign of Washington's changing attitude towards the communist country.
ID_FZNRQI,"not only to get an associated status with the European Union, but they are also able to join or to apply to join the European Union."
ID_OUXZKU,"But as Chris Morris reports, Haiti is likely to remain a source of political friction in the United States during this year's presidential election campaign."
ID_EADZCM,"to treat us as we are a sovereign, independent nation."
ID_SSTGCB,"Today, it seems to me, Cuba is completely isolated from the Soviet Union, even from the Soviet Union."
ID_VKXRGZ,The meeting was held a week before last November's general election.
ID_RCHLSO,due to a close at the World Bank in Washington.
ID_NTQGRW,"One hundred and ten confirmed dead, many more likely."
ID_XXVIZT,"It was something of a happy homecoming for former Jamaican Prime Minister Michael Manley when he delivered the fourth Norman Manley Memorial Lecture in London on October thirtieth, nineteen ninety-two."
ID_YAVVXJ,"With hours to go before the opening ceremony, Pan American Games organizers are coping with a number of problems."
ID_IGGQUV,Her sudden death on December the nineteenth
ID_EJCCUH,supported the measure and cited a statistical breakdown of support among devotees of the island's major religions.
ID_HDSJIT,Britain's House of Commons will this evening hold an adjournment debate on the future of the Caribbean's banana industry.
ID_IGRPGE,"Foreign affairs spokesman Wilton Dyer told BBC Caribbean Report that the government is taking steps to handle its consular services in Eastern Europe, especially for Jamaican students in Russia."
ID_GWXDGK,The common external tariff appears set to be further embroiled in controversy as lines continue to be drawn on how best to proceed on the issue.
ID_GSOIJT,Lucia announced its intention to green its energy sector.
ID_MNMTOM,The heated debate over the controversial election of an openly gay Anglican bishop in the United States is continuing.
ID_QXQRQM,you have to be able to deal with the fact that he himself smoked marijuana openly and did so at the peace concert.
ID_VVWKEW,"Most of the concerns relate to his own relationship with the party, his participation at party functions."
ID_VLBOLP,The matter of a World Trade Organization ruling against the European Union's banana import regime prompted by U.S.
ID_SCJFJW,Ambassador Hayes has since said that the U.S.
ID_ILXNAH,Has the apparent coup in Fiji scuppered the signing of the Lome successor agreement?
ID_GPURDM,You can afford continuing with lending.
ID_QJNHPV,"We have consistently been objecting to the manner, not so much the hike, but the manner in which the hike was more or less unilaterally introduced against the cruise ships without giving them time to prepare for this increase, which was in effect instant."
ID_GBNBLT,"Former Prime Minister Dr. Kennedy Simmons' People's Action Movement, in power since nineteen eighty, managed only one seat."
ID_PYONGT,I'm Bertram Niles and this is BBC Caribbean Report.
ID_VVDNCN,"The co-chair of the conference is Bob Ray, a former Canadian provincial premier."
ID_ACMROP,"Guyana's on-off peace talks could be off again, and there have been allegations of vote-buying in St Martin's elections."
ID_HUTEPD,The fact that Manley retained the position unopposed has not removed speculation.
ID_UKJSQJ,Trade sanctions against EU goods could end up hurting these producers.
ID_ANDWNC,I'm Ken Richards and this is BBC Caribbean Report.
ID_ZJNSMT,"From London, BBC Caribbean Report."
ID_RSQLVO,"there will be tremendous repercussions, adverse repercussions for the government in power."
ID_MLLGYS,"From London, BBC Caribbean Report."
ID_SDTZAQ,Roberta Clark also outlined how even political gains made by women appear to be receding.
ID_QEGRLH,"Jamaica's Chamber of Commerce Executive Director Donald Lane agrees there are various factors fueling violent crimes in his country, but he told Caribbean Report that the tribalism system linked to political parties continues to be a major stumbling block."
ID_BYZQWK,Parliament in Guyana sits for the first time since general elections.
ID_IRDVAR,Immigration and Naturalization Service.
ID_ENPFHD,"Rich and poor countries pleased with the outcome of talks on tax competition, but the threat of sanctions remains."
ID_EBQGAW,"The two groups have been at loggerheads over development plans for Guyana Island, where Taffy Bufton and his wife were the only residents."
ID_BWRPDR,The former Deputy Prime Minister of Grenada says she's staying put.
ID_AQUFRN,The Privy Council hears Trinidad death row prisoners appeal.
ID_FEOCBG,"This is Pete Ninval in Kastri, St Lucia for BBC Caribbean Report."
ID_GRCUTD,"According to Mr. Douglas, supermarket chain Tesco has decided to scale down the number of windward bananas bought because of variations in weight, quality and standard."
ID_SJZGHQ,because I think regardless of whether aid is being taken away from
ID_JAXINQ,And by culture I mean extreme in terms of services.
ID_QZIRWF,This action is not threatening to disrupt the entire society or anything of that sort.
ID_MWNJPP,Twenty-nine Haitian children who've been working on sugar plantations in the Dominican Republic are to be sent home tomorrow.
ID_CMOHXA,"As you'll recall, at the thirtieth anniversary summit last week in Montico Bay, Jamaica, the leaders agreed to pursue a European-style commission to speed up the notoriously slow implementation of the CARICOM single market and economy."
ID_RHEDHZ,Rukmin Maharaj reports on what's seen as a victory for the Europeans.
ID_BJIBKG,Charles told me that it's perfectly understandable that Australians should reject the Republican model on offer.
ID_TIDRQH,Guyana pulls out of an international convention on human rights to speed up the hanging process.
ID_EHZLUU,The main complaint of the students was against the generally poor physical conditions on the campus.
ID_YVJVBR,The island has been buzzing with suggestions of a possible comeback for the veteran politician.
ID_CVJFKQ,There's a high degree of uneasiness on Grenada's industrial front.
ID_GNOVIV,"Peter Greste, Councilman Guillermo Linares told me that the Puerto Ricans are right to stand up to Washington on closing the training range on Vieques because of the negative impact it's having on the people there."
ID_WOBCGE,"Trinidad and Tobago, the first country to implement the CET, chairs the upcoming summit later this month."
ID_GNVFSE,"Trinidad's political crisis rumbles on, but at what cost to the economy?"
ID_QTBBDD,The Lusia government has become so concerned about the planned strike by American airlines that Prime Minister Dr. Von Lewis has written to the President of the United States.
ID_GYINUC,Finance Minister Bharat Jagdeo explained at a news conference this afternoon how the five million...
ID_ZRWLLP,"any member country of the European Union, is a counterpart of Austria, no need"
ID_IJSLJK,"It's clear that in one of the small towns, Lavalas Family Supporters, that is the name of the family of the party of President Aristide, that the partisans of President Aristide did do it."
ID_DWRHUN,"The size, character, and volume of tomorrow's demonstration could significantly influence what's going to happen over the coming weeks and months."
ID_ZHTWHS,Officials from the two sides met in Port of Spain last week in an attempt to hammer out a trade agreement beneficial to both CARICOM and Santo Domingo.
ID_VFYXTF,"Does that mean we'll see another postponement of the March, the March, the March, the March, the March, the March, the March, the March, the March, the March, the March, the March, the March, the March, the March, the March, the March, the March, the March, the March, the March, the March, the March, the March, the March, the March, the March, the March, the March, the March, the March, the March, the March, the March, the March, the March, the March, the March, the March, the March, the March, the March, the March, the March, the March, the March, the March, the March, the March, the March, the March, the March, the March, the March, the March, the March, the March, the March, the March, the March, the March, the March, the March, the March, the March, the March, the March, the March, the March, the March, the March, the March, the March, the March, the March, the March, the March, the March, the March, the March, the March, the March"
ID_MXLKJK,The first of our two reports on the issue comes from Mike Jarvis in Dutch St.
ID_CKSRWO,"However, the party's leader, Mr. Ravi Dev, said yesterday that he is committed to a government of national unity."
ID_JESLEK,"Join us at eleven oh five, eleven fifteen and twelve ten GMT for our next morning program."
ID_AVWISX,And Bobadian manufacturers are not too enthusiastic about the nineteen-ninety budget.
ID_EAAREA,"The style of leadership, in contrast to that of Paterson, is the old style, the style of the dominant chief who commands his party totally without any question."
ID_QYUNAF,A curfew in place during the passage of Hurricane Jose was lifted at four p.m.
ID_BDMNQU,"And if we agree with it, then start lobbying our governments and others, and in due course the Congress and the administration, to pass it."
ID_XHYLZI,The fears of several English-speaking Caribbean islands are fed by a new banana project at La Cruz de Montanillo.
ID_CNLYGK,The dead will probably then be carted out to a city dump in Potter's Field on the outskirts of Port-au-Prince to be devoured by rats and dogs and pecked at by the seagulls.
ID_EJASBX,"However, British troops will maintain a presence in the country for military training."
ID_JYJAIM,Is this a sign that the security situation in Haiti is breaking down?
ID_TDDSJM,The Puerto Rican people are united as they have never been before around this particular issue.
ID_CZCIZX,The subject of how Guyanese nationals are treated by Barbadian immigration has become an issue Georgetown is asking Bridgetown to address.
ID_GFOZGE,I'm Oren Gordon and this is BBC Caribbean Report.
ID_ZWRIPL,"say you've done a terrific job for us, but we can't afford to keep you on for this reason."
ID_RMFHHJ,And the chairman of Jamaica's tourist board says his country's crime surge is not unique.
ID_GFTRCL,"As you know, it's a five-tesma series, and at this particular moment, you know, one can..."
ID_ZKFPPW,"Throughout the day yesterday, rocks from the volcano fell continuously across the southern area of Montserrat."
ID_JWVKYG,"The center says that although there were some problems with the initial stages of the voter registration, officials have found signs of corrective action."
ID_NYGKEA,The timetable for parliamentary elections in Haiti is again in doubt.
ID_JRQSQM,"Well, as I said, there are a number of factors that are beyond the control of the election authorities."
ID_COTUNB,"Five Caribbean Prime Ministers are expected to participate, Maria Liberia Peters of the Netherlands Antilles, James Mitchell of St."
ID_LZZOHA,"The crowd has been as much as eight thousand, nine thousand, as quoted by a number of independent sources."
ID_BQAHNN,"He resigned suddenly near the end of the one-day series against Australia earlier in the year, ironically in a country Barbados that accepted him as one of their own."
ID_JEPPWG,"And still in Guyana, two men convicted of a double murder committed in nineteen eighty-five were hanged this morning at the Georgetown prison."
ID_KKRHZU,"It appears after today the number is up to eight Cuban athletes who have defected, and the most prominent being a baseball player by the name of Denis Vallas, who's a pitcher."
ID_YKSOGK,Montserrat's chief minister rules out political union between Barbados and the OECS and Jamaican students to receive CXC exams.
ID_IUFQAQ,He has actually left Canada following yesterday's game against QN Canada.
ID_QFLHGX,we reported in the new york times a few days ago colleague and i got
ID_XGCSGG,Is it just another case of the big guy beating up the little guy?
ID_ITLXDP,The ACP currently only have a small share of the EU market.
ID_RNNBLG,A Cuban official says his country does not want an escalation of hostilities between Cuba and the United States.
ID_KGEHRK,"From London, BBC Caribbean Report. The Caribbean is warned of possible new conditionalities for a revised Lomé Agreement."
ID_KFXPWY,She tested positive for the banned substance Nandrolone last July and faces suspension by the IAAF.
ID_EYUJDW,Mr. Clinton promised an upgrading of the processing of refugee applications at the U.S.
ID_FPIIQU,You're listening to BBC Caribbean Report.
ID_KEWYYX,"It was an attempt to fit them into their right place, also to achieve as much efficiency as we possibly can."
ID_HEXFFQ,I'm Ken Richards and this is BBC Caribbean Report.
ID_WUKGTC,has retorted that it's foreign policy and not a trade issue and won't take part in the hearing involving a panel of judges appointed by the WTO.
ID_MVOFEE,More explosions at Cuban hotels claim one life and Britain's royal family trying to deflect criticism of their response to Princess Diana's death.
ID_RHRVSI,The Barbados Prime Minister said that was not the case.
ID_XMAURO,And the issue of race overshadows the West Indies South Africa test.
ID_GFDMAJ,in that this will allow for a screening process to take place and to make sure that the conditions for the request to be honoured or to be complied with have been met.
ID_VOLDEL,Trinidad and Tobago's Prime Minister lamented that the community was not known for speedy results.
ID_BEXAFN,"Martin, and almost very worried."
ID_OMTJCP,"And this was the first opportunity, the first time the Privy Council had an opportunity to consider this decision in that case."
ID_YAIZIN,But I don't think that this is a position where people start to take nationalistic positions.
ID_JJDTNR,A former secretary in the Reagan administration has called on Washington to lift the thirty-eight-year-old economic embargo against Cuba.
ID_PHVKIC,Cuban authorities break up street protests to mark International Human Rights Day.
ID_DVMOIK,Attorney General Janet Reno could order the use of force to remove protesters from the military training ground on Vieques.
ID_NPKGQA,It doesn't matter whether the bill is going to go through or not.
ID_BBUKQD,"Today I telephoned the project director of Guyana's Electoral Assistance Bureau, Clement Lai, and asked him if he was satisfied that the new voters' list is a credible one."
ID_NXZCIJ,The measures were confirmed by President Clinton earlier today.
ID_ZSXCMH,I just want everybody to see what the mother went through.
ID_GDNIGF,I am Keith Stonegraves and this is BBC Caribbean Report.
ID_KXRPLC,"I'm Mike Jarvis, and this is BBC Caribbean Report."
ID_YVQTJS,"The Trade Union Congress, which spearheaded the demonstration, has been petitioning the government for a while now to deal with several matters related to the country's industrial climate."
ID_AUPGUS,"That's not the ideal situation, but we would regard that as a reasonable compromise if we felt that there was a good chance that..."
ID_OXXVXL,We don't see it as a panic measure at all.
ID_XMRVYF,"I think the big thing on the agenda tomorrow, Ken, is talk about the Caribbean Court of Justice."
ID_LOQQCT,The BBC has obtained a copy of that report.
ID_HATPUO,"If they fail to do that, they will be reneging on their responsibility to this nation."
ID_DKIIMQ,at translating this very clear objective.
ID_VCACXM,Quebec's Prime Minister Jacques Parizet.
ID_HAXWES,BMA President Ralph Johnson told a news conference that the decision by the manufacturers to march was unanimous.
ID_AWOXMC,What's on offer are voluntary evacuation packages for anyone wishing to leave.
ID_HGKARL,So this policy is far more meant to do damage control than as a humanitarian act of concern for potential Haitian boat people.
ID_EAVXFU,"Puerto Rico defends its Caribbean policy, and even a prime minister is not immune from the hassle in regional travel."
ID_JMBIUZ,At least twenty-five people were killed in four days of gun battles between police and opposition supporters in West Kingston.
ID_WGFMXU,A report this week in the Washington Post says the local telephone company would this year take in nearly one hundred million dollars from its audio tech services.
ID_TEVLDO,"With the Prime Minister of Jamaica seemingly about to announce a date for general elections, there are concerns that the final voters list has not yet been produced."
ID_ZXEFSJ,"In Britain, there is a lot of egg-giving, eggs being symbolic of new life."
ID_CUAIXK,Lawyers for Poma Antigua and Attorney General Dr Errol Court are considering whether to appeal the dismissal of a case he brought against the government after he was fired.
ID_RPGFTP,"Community leader Michael Caesar, who was at the forefront of the demonstration, told the Caribbean report this evening that efforts to get the project going today roused the anger of the people there."
ID_UJHPFG,President Robinson says removing the two
ID_UDXGUC,I suppose Australia is somewhat isolated from the world in some parts in particular.
ID_USAMND,"Parliamentarians are protesting, but there have been no formal declarations as yet, neither from national bodies nor from international bodies."
ID_XMCVOZ,"That's some twelve miles east of the capital, Georgetown."
ID_KGEHZX,I'm Oren Gordon and this is BBC Caribbean Report.
ID_FNENIV,This follows the US decision on Monday to publish a list of European products it's targeting for sanctions.
ID_TNMYBL,"Well, I mean, even if it is from a security point of view, I don't think it is something that one wishes to publicize and to advertise."
ID_CBZPVQ,Ambassador Patricia Durant speaking at the U.N.
ID_KDITPR,"a special treatment, not the one that every country in the world may merit in connection with the possible situations of human rights."
ID_GCTZWZ,"ACS ambassador to Brussels, Edwin Laurent, was not privy to the behind-closed-doors decision-making, but speaking on a mobile phone from Belgium, the ambassador told me what he hoped the outcome would entail."
ID_EWCZTY,Grenadian opposition calls for elections following the sacking of the Minister of Health.
ID_DFZDAU,"What comes to my mind is, it is just..."
ID_VOUHWK,The life after those who've been Prime Minister talk about adjusting away from the limelight and a musical event set to benefit one of the region's oral traditions.
ID_KVYYXN,The Windward Islands Farmers Association has made a public appeal to British Prime Minister Tony Blair to show his commitment to the Caribbean's banana industry.
ID_SFFNSA,"Naipaul, the man who never wanted to be a writer, wins the Nobel Prize for Literature."
ID_SEXCIJ,I'm Debbie Ransom and this is BBC Caribbean Report.
ID_SJLQPB,The government of the Netherlands Antilles is on the verge of collapsing.
ID_OPLFPD,"I am convinced that our country faces a natural disaster, and I am now declaring a state of national emergency in the interest of the nation and our people."
ID_DSAZAE,The Grenada Court of Appeal didn't sit today as scheduled to hear the latest motions in the long-running Maurice Bishop murder case.
ID_AFWIPM,I'm Ken Richards and this is BBC Caribbean Report.
ID_NFFETL,They had felt that the nineteen ninety-three single European market was going to have an open sesame market in Europe.
ID_OHAIYB,Everyone will be around the table at Seattle.
ID_VFQLSX,the date on which I first took the oath of Prime Minister of Jamaica.
ID_CWFQNB,"From London, BBC Caribbean Report."
ID_NSFGXA,"In the final analysis, the whole argument is the move from non-reciprocal free trade as exists towards..."
ID_BCBICW,The Jamaican parents of murdered British teenager Stephen Lawrence have received a preview of an official report into their son's death.
ID_DEHUTY,"I know you don't have a culture of public opinion polling, but what's the sense you get of the way this is likely to go?"
ID_EHCVRW,"But with Marc Bazin, Marc Bazin himself has been involved in any government that has been in their transitory government, that we had about six of them, and he has always found a way to move himself in them."
ID_CLNSFH,"According to opposition leader Dr. Denzel Douglas of the Labour Party, a truck carrying supporters of the ruling People's Action Movement pulled up at his public meeting and blocked the road near his platform."
ID_FDODSX,and they will take things in their own hands.
ID_AJZQZX,The relatives of Elian Gonzalez have had to hold the building of a fence that they hoped would protect him from the constant glare of the media.
ID_JMQAKR,Jody would be J-O-D-I-A.
ID_EZLMJJ,Criticism from Antigua over the attitude towards the Caribbean of the United States and the European community.
ID_OUBANW,"with most of the ash not coming into Plymouth as it did on Monday morning, but instead going across the mountain chain and going towards the south of the island to an area called..."
ID_QKZJWX,"The debate did, however, bring a move from the EEC Commission that could be important for the export hopes of Caribbean rum producers."
ID_KHNLSE,"Another prison source confirmed that after breaking through parts of the wall and wrecking two offices, including that of the superintendent of prisons, the prisoners set fire to the offices."
ID_VYTQOV,Why Trinidad's local government election results may not be as clear-cut as they seem.
ID_GCRQDM,And a double dose of test cricket for Trinidad starts tomorrow.
ID_YVZLAH,"Lots of media in town covering the Elian Gonzalez case, so the Haitian community was able to take advantage of that and get their story out."
ID_LMQRLZ,"They would have a chance to assess the media coverage, every aspect of the electoral, running up to the general elections, and of course the election process on Election Day, and of course the content process which takes place after the voting."
ID_PLGVOV,Correspondent Lionel Martin visited the Ministry of Interior where the bodies lay in state today.
ID_XCJWJP,"I'm Hugh Crosskill, and this is BBC Caribbean Report."
ID_FBYSFD,"And we were made very, very welcome."
ID_KVAYHO,Buxton residents in Guyana protest violently against a crackdown by security forces.
ID_WPGRVO,"From London, BBC Caribbean Report."
ID_ZLTJLX,"That was her last dying witch, which she expressed to the other survivors in that boat."
ID_JIOPSU,"From London, BBC Caribbean Report."
ID_CZDCDT,of the BBC Caribbean report in Santo Domingo.
ID_BHSGNB,International Creole Day is this Sunday.
ID_ZUHAEN,"Antiguan Barbados opposition leader Baldwin Spencer is still sifting through a twenty-six page Eastern Caribbean Court of Appeal document, dismissing his appeal against a controversial Asian village on Guyana Island."
ID_IRWOFW,"And that addendum, based on what we have been able to look at just at face value, does indicate that there is a tremendous mix-up in terms of where the voters are actually placed."
ID_UWAVJI,So the West Indies' involvement in the World Cup ends crushingly for the two-time champions in the first round.
ID_ZCCDVB,I think the emphasis is that we should seek to coordinate our decision-making in terms of how we vote in the international forum and in terms of our foreign policy imperative.
ID_REKIKQ,"solutions in connection with this latest incident, and he has indicated the need for a speedy resolution of the issue in terms of apportioning blame, taking remedial action, and so on."
ID_ASZKHG,ULP Deputy Leader Ken Boyer.
ID_LCJUZL,The claim has absolutely no basis in justice.
ID_YSPDYH,"So what we have, in fact, is one branch of government alone on the tree, and that branch is the executive."
ID_HUZLXD,"The leader of the opposition PPP, Dr. Chetty Jagan, has suggested that the government might be trying to lay the foundation for an assault against the opposition as they prepare to present their budget, he believes, in a couple of weeks' time."
ID_KTLUUS,"He supports one potential successor, oddly sure, over Colonel Charles's campaign manager, Henry."
ID_WIFGLB,Guyana's opposition challenges the clean slate given to general elections last March.
ID_AORNZL,"On Thursday, Mr. Clinton said he would, for the time being, continue the policy of the Bush administration to forcibly repatriate all refugees trying to leave Haiti."
ID_WOERBM,"That is, you know, how best to, because when we make a statement like Reverend Jackson did, it is for purposes of being helpful and building bridges of understanding with the leadership of the Caribbean community and not for the purposes of creating antagonism."
ID_LDFGAZ,"Nothing was resolved and to be quite fair to the twenty-five economies that were represented at the meeting, nobody ever thought anything was going to be resolved."
ID_QZUUEE,And very often they'd encourage me to help them in all kinds of areas.
ID_RIRHYX,"team of official election advisers would be going to Guyana to, among other things, assess the willingness of President Hoyt to ensure free and fair elections."
ID_FHBMGG,"In Jamaica, the opposition JLP says the pace of deregulation is causing much pain for working people."
ID_VQEDQT,"The Lomé countries, that is the English-speaking islands,"
ID_JBWJZH,"I'm Hugh Crosskill, and this is BBC Caribbean Report."
ID_MTMXIU,"Both officers on the death watch, junior in their capacities,"
ID_XBRSKS,"From London, BBC Caribbean Report."
ID_CMBDRI,He told me that the territory is on full alert as Hurricane Jose approaches.
ID_NTQQZL,"People have been flooding newspaper offices and so on, trying to find out what the results are."
ID_WZKDNL,Heads of government gathered in Barbados to discuss the proposed single market and the region's economy.
ID_USSUBL,"which can rightly claim to be a community of democracies and a commonwealth whose hallmark is diversity, tolerance, and understanding in a world too often enthralled of darker forces."
ID_PWZXRF,Caribbean tourism officials say post-September there has been a gradual increase in business in the region.
ID_JTSVIV,"Because, as we understand it, it would appear as though the Seven is no longer going through with their threat to defeat the budget for nineteen ninety-one."
ID_ZJKCDG,Bombing exercises are to stop on Vieques in two years.
ID_SESODT,"Well, I should stress that what we've done in Latin America, in Costa Rica particularly so far, is set up a plantation which has not yet come into production."
ID_XKMHDO,The WTO board backed the EU complaint against what Europe sees as a tax advantage for US exporters.
ID_XHNOSF,Haitian officials in Port-au-Prince don't want their nationals in Saint Martin deported and want to see the Haitians there rehoused.
ID_DQIELQ,"From London, BBC Caribbean Report."
ID_QBLFNJ,I'm Leslie Goff and this is BBC Caribbean Report.
ID_UYBFZO,Just over four hundred and thirty-eight thousand Guyanese are now registered to vote.
ID_AHECUY,on the issue of generally OECD's unity and specifically Wynwood Island's political...
ID_VTUYKN,"It's one the British government has always backed, and they've welcomed the first of the specially labelled fruit going on sale."
ID_WDWJRC,"The EU is proposing radical change to the Convention, but Sir Sridhar was in no mood to yield."
ID_FMITXA,"From London, BBC Caribbean Report."
ID_STCUVY,Caribbean tourism is reporting very positively from the World Tourism Market and Fair in London this week.
ID_ZLPVTD,The programme was devised by Grenadian and other Caribbean economists.
ID_RUJTIQ,"American Coast Guard cutters and US Navy vessels were being deployed in the waters surrounding Haiti today, ready to turn back a possible mass exodus of refugees."
ID_JCYPWR,British Labour Party MP George Fook speaking this morning in one of the final sessions of the fourteenth Miami Conference.
ID_YGZFSK,what was America's vital stake in Kosovo.
ID_SSAQGY,The officers are charged with second-degree murder.
ID_RKATRV,"From London, BBC Caribbean Report."
ID_TPZXAE,I would describe this budget as a scud missile of Desmond Hoyt.
ID_PWHDMX,A small group of Haitian refugees in Miami gathered outside the Air Force base to protest Avril's presence and called on the United States to send him back to Haiti for trial.
ID_XGWJXQ,"They waited and prepared for it, but Hurricane Gert threw a feint at Bermuda, then landed its punch in the open sea."
ID_CWAXEZ,"They ran into some problems in terms of having the necessary votes to push this through, and there were some elements that were still unconvinced of the merit of this legislation."
ID_MFGNPP,George Roddick of the UK edition of the Jamaica Gleaner.
ID_RSUGAR,"There's criticism that the agenda for this week's CARICOM Leaders Summit is repetitive, and Aruba slaps visa restrictions on Jamaicans and Grenadians."
ID_THYYJK,"From Amsterdam, Stephen Flay reports."
ID_DNSEBQ,But then he went on to say that not all the states were equal in his view.
ID_KKCVYH,"Earlier, Dr Douglas and Division Premier Vance Emery took part in a joint discussion with BBC Caribbean Report."
ID_YCXPJQ,"Anybody could form a political party, but you had to have seven hundred and fifty people signing up so that you can get your name on the ballot paper."
ID_YAKTTZ,"European Community Foreign Ministers discussed aid and trade proposals for the next Lomé Convention at a long session into the night on Monday, but they failed to agree on a package of modest concessions to offer the ACP Group of African, Caribbean and Pacific countries."
ID_JKVBAW,"The fire took place on Sunday morning, destroying the possessions of the families living there."
ID_LKBMTP,Post-Prime Minister Eugenia Charles says the Antigua arms scandal will not be on the agenda at the OECS summit.
ID_MUDTDZ,and I've just instructed security to just rent a boat and go downriver to Butukari and every settlement you can and just deliver water to people.
ID_KXIYHW,That figure is thirty-three percent higher than last year's production.
ID_YJRLSG,"No, we from time to time on a fairly regular basis take note of American commitments to places in the world where the form of government and government practices."
ID_FQZIDH,The Navy seem pretty determined to carry on with their exercises.
ID_LNVRNS,He said hotels are making arrangements for their guests to leave the valley tomorrow if they want to do so.
ID_SHDFIV,Authorities in Guyana and the local telephone company are at odds over the sex lines industry issue.
ID_EGCIMD,"He told Sandra Baptiste, even though cruise ship arrivals are likely to increase, the outlook for the main revenue-earning hotel sector doesn't look good."
ID_SKIADT,We are saying that we require more than one airline.
ID_INDZEN,And Britain's main political parties are accused of sacrificing black candidates.
ID_ZQPWSO,His mother gave up her life so that he could escape communism.
ID_YSTOBU,I'm Oren Gordon and this is BBC Caribbean Report.
ID_THFDNO,It's a major problem.
ID_JVOUZI,and we report on efforts made to encourage young black Britons to seek a new life in the Caribbean.
ID_SBPQEG,"What we want to do is to build as strong a support, not only among developing, but even some developed countries, if we can garner that support for the issues which we consider to be of high priority to us."
ID_PKMYTR,Grenada's opposition MPs back a colleague's refusal to withdraw a statement by walking out of Parliament.
ID_DVYZDV,We have always stated clearly that we are not into the business of inciting the people to do any such thing.
ID_XBSOER,I'm Ken Richards and this is BBC Caribbean Report.
ID_NCYECL,"From London, BBC Caribbean Report."
ID_BNAJFA,I don't come here with no uncivil righteousness that I'm the purest person in terms of government.
ID_RZMVPP,"The two carriers have been targeted for being the first to cut their commissions by a third, from nine to six percent."
ID_FBVHUI,"That is true, except that it did get us somewhere in nineteen ninety-one when we were able to convince the then Guatemalan government to accept the independence and sovereignty of Belize and to establish diplomatic relations."
ID_UUSNBY,Surely our ideas can no longer be applicable in the nineteen nineties.
ID_AEOCPS,as the trial of the man accused of the murder of Joanne Clark nears the end of its third week.
ID_QZGSOO,Caribbean sugar headed for a price cut in Europe.
ID_POCMFO,Haiti's Prime Minister René Préval finally turns up in Parliament to defend himself against a no-confidence motion.
ID_MBBPJX,Caribbean Attorneys General push ahead with plans to pull out of human rights organizations to speed up the hanging process.
ID_COCAFA,"Well, in the first place, it means a continued ability to secure access to the EU market, the only market that is available to Caribbean growers."
ID_VSBPVL,Guyana's Inter-Party Committee rejects some electoral reforms proposed by the Elections Commission chairman.
ID_HDEKZX,"As Emma Joseph reports, this latest development is part of the growing chorus of Republican voices who think that the blockade should be lifted."
ID_VIZGLB,"There are, I'm sure, elements within the military who perhaps are not as enthusiastic."
ID_ZJEMLZ,His Foreign Minister and Deputy Billy Miller will be a member of the action group.
ID_GPNHCU,The Caribbean banana lobby continues as Europe and the US square off in another dispute over home-owned traded beef.
ID_LHEHIW,"A number of employees of the country's high court were injured when riot police opened fire on them, apparently by accident."
ID_PMSUVE,The leaders will get down to business tomorrow when they'll tackle the financial position of the organization and the proposed OECS Barbados Confederation.
ID_LOPNRP,"From London, BBC Caribbean Report."
ID_UIRCHE,We are not about to jump off the CARICOM boat at all.
ID_JDFVSQ,Public workers warn the Ghana government to seek arbitration or face prolonged strike action.
ID_XWIRPZ,And El Nino was kind to the Caribbean last year.
ID_LYTFBI,I'm Ken Richards and this is BBC Caribbean Report.
ID_ICGCTL,"And so it really takes a little bit more time than, say, one land mass like Jamaica or Trinidad."
ID_MGQRPS,but Cambio Cubano takes the opposite view.
ID_JMIXTT,Mike Costello ending BBC Caribbean Report.
ID_SVOMUR,And the whole of South America and Central America have gone democracy.
ID_MVBDHA,Lara's withdrawal from the test side now playing in Australia sparked of considerable concern about his playing in the World Cup next year.
ID_WKYQEP,"For example, the Secretariat as it is, is supposed to be creating an implementation unit to deal specifically with the single market and single economy."
ID_FOXEIS,"kits, damage in the Spanish-speaking country appeared to be greater."
ID_LBHHDR,The Commission also proposes to abolish the current import licensing arrangements.
ID_XGXWGD,Gerry George has the details of the bank's offer.
ID_ECBKLZ,"Vincent and the Grenadines, the use of both cocaine and crack continues to increase."
ID_UWRQVO,to be not properly prepared to cope with the new realities of its contemporary international economic relations.
ID_OXFGBK,I am Ken Richards and this is BBC Caribbean Report.
ID_MYAHJY,"There are in management and administration of the islands, I think, by common consent."
ID_RRZNUO,Walsh is something of a wonder in the cricketing world.
ID_UIUAHY,I think there are a lot of people in the JLP who must be seriously questioning whether Mr. Seaga should continue as leader if the elections were lost.
ID_OHWPLA,"Tonight, the leaders of both political parties are down to address the nation on radio and television."
ID_SLVUFE,"But as I say, they're spending more time perhaps talking to us than other delegates simply because we try and focus as broadcasters and journalists on the people who suffer from these things."
ID_ONNFPU,"The proposal was presented by the Akka Loeb Group, which recently signed an investment agreement on the divestment of Biwi."
ID_YXORVH,Thousands turn out to pay last respects to late Guyanese President Chetty Jagan and American medical experts maintain the US embargo is having a devastating effect on Cuban health.
ID_OJRGTA,"If they were to enforce the recommendation, there is a possibility that they would become..."
ID_REZGHJ,We have worked with the governments of Montserrat and the Pan American Health Organization.
ID_VQSYTH,"Lucia's Minister of Public Utilities, Calix Judge, has given a grudging welcome to plans by the phone giant Cable & Wireless to reduce the cost of telephone calls for Dominicans and St."
ID_JDIKBN,"Of course, we prefer to work collectively."
ID_ZZAEVY,Reports are that over one billion dollars in deposits was withdrawn in the two weeks leading up to the takeover in the wake of mounting speculation.
ID_OMTBSI,The British government says most of the committee's recommendations are being implemented or are under consideration.
ID_GWHGKL,A Kingstown prediction that some Vincentian-based offshore banks will call it quits.
ID_FBUGBK,"This, the Prime Minister says, would be subject to the approval of President Arthur N.R."
ID_IRDRVN,"But it's just that, well, quite frankly, I suppose neither of us have pursued it with sort of extreme vigor, because it's been agreed in principle."
ID_FYWCQG,The Americans who are preparing for war against Iraq say the UN Security Council must now face its responsibilities.
ID_QLFTCO,Mayor Rudolph Giuliani says the final death toll at the site will likely be in the thousands.
ID_DUVTXK,The Jamaican government has announced plans to overhaul its police and military to fight rise in violent crime.
ID_XCKAFN,"Under the new rules, MPs can only appeal on behalf of visitors denied entry to the United Kingdom if the circumstances are exceptional or compelling."
ID_FXUDAT,And a row in Guyana over one newspaper's reportage of the president's illness.
ID_RLAQHU,Jamaica's final electoral list should be ready by month end.
ID_JQUQKO,I'm Electra Naismith and this is BBC Caribbean Report.
ID_PJANHL,"From London, BBC Caribbean Report."
ID_GBQCWK,"But Chris Alleyne, chief executive officer of Sunbeach, one of the Caribbean's leading internet service providers, believes that governments around the world spend too much money on an apparently non-existent problem."
ID_SVGLFR,"Well, it certainly looks like that, take it or leave it, but within the three-month period or in three-month time, there is room for some negotiations."
ID_BLHIQY,"From London, BBC Caribbean Report."
ID_WDKCIH,"Johns is Mr. Baldwin Spencer, parliamentary leader of the opposition UNDP."
ID_RRWSVL,"Grenada's information minister, Jocelyn Whiteman, who's in London for the market, criticised the airline, saying it has to be run in a more business-like manner."
ID_DVPKSD,"However, the Maraj faction says it will not give up its fight to control the party and will file an appeal."
ID_QVJSJV,I'm Oren Gordon and this is BBC Caribbean Report.
ID_FDDAGQ,Are we seeing any of that level of technical assistance at this early stage?
ID_QMUSTA,Grenada faces major structural adjustment and the governor of the Bank of Jamaica cautions Caricom countries against rushing headlong into liberalizing their foreign exchange controls.
ID_EKJTBB,"Mr. John was the ULP spokesman for legal and foreign affairs, but the party's top brass is contending that he has disregarded ULP decisions and politics."
ID_MQKDOZ,These include working conditions at some government corporations and plans to privatize a number of such government-owned institutions.
ID_GXGSPA,"Mr. Artiaga maintains the government is not to blame, partly because, he says, it's hard to distinguish Haitian adults from Haitian children."
ID_OWELDR,with a so complex situation concerning refugees.
ID_AFBSHB,"From London, BBC Caribbean Report."
ID_DVTQGK,And we take a different view.
ID_DSNFNJ,His father is alive and is well in Cuba and ought to be reunited with his child.
ID_PWAKYT,"And with the widespread nature of the violence, it does appear as though the police and army are either being outnumbered or outmuscled at this stage, but they are definitely not at this time in control of what is happening."
ID_WYBZDD,"The former head of the US war on drugs gives high marks to Cuba, but a failing grade to the rest of the Caribbean."
ID_UVOJDN,Venezuela joins Trinidad and Tobago in calling for an end to the U.S.
ID_LPZJMO,I am Keith Stonegraves with a special edition of BBC Caribbean Report.
ID_GGJGNX,The US boycotts legal hearings into Helms-Burton by the World Trade Organization.
ID_QDXDQC,"From London, BBC Caribbean Report."
ID_CJUFCL,"That key World Bank meeting in Washington in a moment, but first, Trinidad."
ID_WGUTRD,"In spite of sharp ideological and philosophical differences with the political opposition, he undoubtedly gained not only their deep respect, but even their admiration."
ID_IWGPXH,It will mark a breakthrough for freedom of movement of journalists in the region.
ID_HYGPOL,Chief Minister Bertrand Osborne says intense heat in the area is declared unsafe after the explosion is continuing to pose problems for workers trying to assess the scale of the destruction.
ID_OTXJGE,"On Saturday, a further one hundred and eight Haitians were deported, making the total one hundred and thirty-seven since last week."
ID_LVVNIL,"But in the meantime, CARICOM remains locked in to support for the war, even though it has no idea what are the long-term aims of the United States and its allies."
ID_KGGVTC,"United States President Bill Clinton making his closing speech at the Summit of the Americas in Chile. Leaders from thirty-four countries attended the Santiago meeting, which was intended to focus on creating the world's largest free trade zone. Instead, the agenda was dominated by two other regional issues, the fight against drugs and the absence of Cuba from the summit."
ID_LSVSYW,We managed to catch up with one of them and get some insight into the thinking of the airline's board.
ID_MEAXRY,"When we started to ask what they thought would happen to them, they shouted with confidence that there had been an amnesty."
ID_QBBRBB,Threatened British jobs off the hook after the Americans removed Kashmir products off the hit list.
ID_JONTCE,and to hold the reins during the electoral period.
ID_TGMZJY,Ketishians know little or nothing of the tests.
ID_FLOSVJ,"It's now claimed that instead of renal failure, she might have died from suffocation."
ID_ISQWWW,"He has come through as very articulate, very warm."
ID_VPTNQR,"The fifty percent increase in wages and salaries will bring the minimum wage to about seventy dollars, which is less than seventy-five cents."
ID_GTDJCL,some of the amendments even being suggested by members of the majority in the House of Representatives.
ID_HPRSUG,I'm Emma Joseph and this is BBC Caribbean Report.
ID_HHWFEN,have given these airlines concessions.
ID_JQZNOQ,"But Dr. Douglas said he was confident that the financial services sector in the Caribbean could still grow, with clean money, as he put it."
ID_FHTJPK,"Ecuador, the region's biggest banana exporter, has become increasingly frustrated with the procedural wrangling between the United States and the European Union."
ID_TGPUKT,They've all reduced their commissions to travel agents.
ID_OENCBI,Gary Cum chairman secures agreement between main parties in Guyana.
ID_ABBTEI,Mr. Clark held bilateral talks with St.
ID_PYDWEP,"In Anguilla, the departing Governor Robert Harris has fired a broadside against the government of Hubert Hughes."
ID_REZMQB,I'm Oren Gordon and this is BBC Caribbean Report.
ID_MDSKEP,"With election outcomes always a questionable matter, one thing is certain."
ID_VOTGAS,"But over the last few decades, Belize has begun going through dramatic demographic changes."
ID_GZOLPT,Cracks began to appear as some heads expressed differing opinions on how to move towards a single market and economy.
ID_RFNQLU,"For the latest, we go now live to the BBC's UN."
ID_TQEYHX,"The American Secretary of State cancels a visit to the Bahamas, and Cubans worry about Fidel Castro's health as he prepares to leave on a trip to Venezuela."
ID_IXHDVF,I'm Mike Jarvis and this is BBC Caribbean Report.
ID_PWPENE,Suriname police say a fire which destroyed the home of the country's president was set by a sister-in-law.
ID_JRSFFG,"And as a result of that, the whole country is being plunged into a state of continuous crisis."
ID_OAWCNU,The leaders of the nineteen eighty-three revolution which led to the assassination of Prime Minister Morris Bishop may have apologized from their prison cells but while some Grenadians believe they deserve a second chance an overwhelming majority says sorry but they cannot forgive.
ID_NBVRFK,"Floyd now has category four status, one notch below the strongest winds a hurricane can offer."
ID_CDSCAI,The immigration service wants him to return to Cuba.
ID_TIIZVV,Razing figures of gun crimes and even reports of the use of guns at parties first gave the police a hint that there may be more guns in Britain's West Indian community than previously suspected.
ID_GBOTVB,"I mean, the country is aching, suicide rates are up, murder rate is up."
ID_NIQMUW,"Reno brushes aside the cut ruling, won't anti-Castro campaigners still be able to tie up the process of aliens' return with challenge after challenge?"
ID_CUWPDZ,"State Department report, which says too much cocaine is passing through the islands."
ID_LTNKPW,A young Marine faces a possible court-martial and US authorities are looking at ways to improve their training exercises.
ID_KIVMMC,I wish to make it clear that I am not making any statement whatsoever on the merits of this case.
ID_UTQHGA,General elections are due in Guyana by March of
ID_SIPABQ,He says the ACP needs a formal position as soon as possible.
ID_QPIRPN,But Wibdeco officials are frustrated by the insistence of the St.
ID_JSZGKY,Are we seeing the whole situation quietening down now?
ID_FPZFSH,That's because that has switched the focus away from the autocracy of the middle classes to a different kind of concern about popular movements.
ID_WIQTVF,"And so they sent me over here to speak with the government if they can give humanitarian help to the interland, medical help, food, and to find a way maybe to help stop the fight in Suriname."
ID_XTQVKL,I'm Ken Richards and this is BBC Caribbean Report.
ID_TTQEQL,"The Secretary General of the CTO, Gene Holder, warns that the industry could lose up to thirty million dollars a day."
ID_VORLAC,"Just after eight o'clock, it became very, very dark indeed."
ID_TZFNOQ,There certainly will be one in due course.
ID_KEMRCE,"In a separate development, the WTO agreed to reconvene a panel to decide if the EU had brought its banana import regime into line with free trade rules."
ID_UIBIUM,"Guyana's use of the death penalty was today criticized by the Bishop of Trinidad and Tobago, Clive Abdullah."
ID_HSKVLC,"From London, BBC Caribbean Report."
ID_WVEMPQ,Hundreds of deportations daily by Dominican Republic authorities leading to a tense situation with Haiti.
ID_GLOBUX,blockade of Haiti so that the economic sanctions are effective.
ID_TPWJVX,This is the first Commonwealth Heads of Government meeting where economic issues are to be the special subject of discussion.
ID_BYJKEZ,"After all, Cuba is our nearest island neighbor."
ID_HIRNXG,Dr. Rupert Rupnerine of the Working People's Alliance feels it will be difficult to monitor the process.
ID_UAOYKY,"Hello, this is Hugh Crosskill in London with a special edition of BBC Caribbean Report."
ID_FRWXCV,"However, Dame Eugenia told Caribbean Report this evening that cold water was being poured on that initiative by at least one Wynwood Island government, the Edison James administration in Roseau."
ID_JAFUQN,"Earlier today, I asked Canadian Prime Minister Dr. Denzel Douglas how that kind of advice would affect the proposed review."
ID_SGZELQ,Commissioner Staishen and others have accused American multinational firms of deliberately exaggerating the impact of the new regime on Central American banana exporters.
ID_QVMBKZ,American business groups are pressing for Caribbean countries to remove barriers to the entry of their goods into CARICOM.
ID_ZZSXLZ,"John Higgs was found dead on Wednesday morning, the eve of his execution."
ID_CLSJGY,Nomination day is the twenty-ninth of May.
ID_FTBJCC,"Not only are two officers, Constables Jeffrey Tucker and Constable Gerald Monville, dead, making three in ten days, but questions remain as to what exactly happened in the patrol car."
ID_LTJXCJ,Europe warned not to stand in the way of the banana trade ruling.
ID_KLDLPS,But those kinds of suggestions are not playing well in the dumb rep.
ID_YQOGWR,"From London, BBC Caribbean Report."
ID_XCKPZW,"At one point, they were ready to accept an offer that you made."
ID_HOGMKW,I'm Mike Jarvis and this is BBC Caribbean Report.
ID_NLEHJZ,"I mean, I think John Howard, the Prime Minister, who was advocating a no vote, has come out of this in the short term looking successful."
ID_TPGPGG,Fears that Europe's banana market will collapse into chaos have intensified.
ID_CZKOBH,i don't think he would be in this mess if he had behaved as a democratic ruler
ID_YCRLJI,"You know, my party, as an external organization, we have an office in Miami, another office in other cities in the United States."
ID_EURTKT,"group that went to Pakistan to try to get a timetable for the return to democracy from General Pervez Musharraf, but unsuccessfully."
ID_AEGYKC,The Caribbean's top diplomat in New York assesses the agreement on nuclear weapons and why some Jamaicans are unhappy about their country's portrayal as a sex holiday paradise.
ID_QMFJWG,"The Commonwealth embraces people in the streets, in the rural areas, and poverty is the major challenge to them."
ID_NTGSMR,"Mr. Waddell, who was a candidate for the main opposition party, the People's National Congress, in the recent general election, has been placed on a six thousand dollars bill."
ID_NGVZZO,"Not far from the Oval Cricket Ground in South London is an area which has one of the highest concentrations of single-parent families, unemployment and street crime."
ID_DUIUJH,Regional cooperation leads to a clampdown on the illicit drug trade.
ID_MGFEPK,Public transport remained crippled and the island's radio stations and lone television station were also affected as people turned to prayer in an effort to push back government's austerity measures.
ID_CIQMDI,"It took some time for us to get into gear, but having got into gear, I think there's no stopping us now."
ID_ZYXRRW,"Martin, where the islands of the Dutch windward St."
ID_ZQTYAJ,in New York City for BBC Caribbean Report.
ID_DFZFRD,"and the cruelties and exploitation of colonialism, the debilitating effects of neocolonialism have failed to shatter these bonds."
ID_CHKPSL,The numbers represent the restart of the executions in Trinidad after a five-year lap.
ID_UHDLZQ,Nobody plans to get into a financial bind.
ID_SZZCOB,But the sense I get is that they feel it is for the European Union to put forward a proposal with respect to the modification of the regime.
ID_CHTGTO,"One of his immediate jobs will be easing Montserrat's politically troubled waters, as he acknowledged in his swearing-in speech."
ID_JTWKLK,Street demonstrations in Haiti amidst talk of a possible dissolution of Parliament.
ID_DWMQDY,"And in that process, you may be able, they may get a little bit careless with their activities."
ID_UHJNLP,"The prison was privatized sometime last year, almost a year now, and it's now run by Amalgamated Security Services."
ID_BMLPWU,"From London, BBC Caribbean Report."
ID_NOWGGX,It is important because I think the people of Nevis have clearly indicated that they would wish to have re-examined the relationship between St.
ID_FSODGD,"From London, BBC Caribbean Report."
ID_YRFEOK,I'm Ken Richards and this is BBC Caribbean Report.
ID_HAMORO,We don't have to do it because there is nothing between them.
ID_NHRHST,But we have also been informed that officially no decision has been taken to withdraw any troops from Belize.
ID_WXNMCM,The Trinidad and Tobago Attorney General sends a verbal warning shot at the Prime Minister.
ID_GMRMHL,CARICOM leaders hope their latest summit will be the one to put regional integration on the fast track and controversial.
ID_EDBFUH,"In a letter to the Speaker of the House, Britain's Minister for Overseas Development, Baroness Patricia Scotland, indicated that she had written to the Chief Minister, suggesting that if the court ruled in favour of the Speaker, the best solution would be the holding of fresh elections immediately."
ID_LLFKJT,"Charles was elected Prime Minister in July of nineteen eighty, two years after independence."
ID_DIYJQK,"Four years ago, we were exporting about eight hundred and ninety tons of lobster."
ID_ZWDZUQ,"So, what does the Barbados Board of Tourism's London office think about the advisory, and how do they plan to deal with it?"
ID_ZQLNDF,The English Teston County Board tonight refused to reveal the tactics they will take into Monday's crucial meeting of the International Cricket Conference.
ID_KRUFTS,"From London, BBC Caribbean Report."
ID_NMJXJX,These measures would include more staff and international observers to ensure applicants are not victimized.
ID_WQGWPO,Ken Richards reports that the banana discussions are also causing some upset in the region.
ID_OCUSGG,We hear from former Captain Viv Richards.
ID_JYKKTL,And some kind of non-reciprocal fair trade agreement was one of the ideas mentioned there that we are now exploring at board level and with the public sector.
ID_JFYGVQ,The mechanism is an interim stage in the development of European Monetary and Economic Union.
ID_IIRXUQ,"Already, the Dominican Republic is preparing to make a series of test shipments to Fife's, the British fruit importers."
ID_LBDCKG,"From London, BBC Caribbean Report."
ID_ILJTWH,Diana's Sugar Corporation says it can fill the shortfall on the European market because of a drop in production caused by drought in Mauritius.
ID_LYKBSM,"The party will elect a new General Secretary, and as we hear in this report from Gary Allen, an announcement by the Prime Minister on his political future is widely expected."
ID_QMUOVO,Prime Minister Patrick Manning told the Parliament that his government attempted to persuade the British Foreign and Commonwealth Office not to publish the travel advisory.
ID_BZHYTG,"The challenge was turned down at the level of the High Court, but lawyers for Sir John and Dr. Lewis moved to the Appeal Court, where the challenge was upheld."
ID_JFMBKN,The scientists have advised the government that a phased relocation should be implemented as a precaution.
ID_YRCLFI,"I think generally the turnout has been fairly large, I would say, in Antigua."
ID_CPAAQU,But isn't it at all conceivable that he may choose to remain there?
ID_MSUPZM,John says this is unique and should not be allowed.
ID_MRDSPP,"But in the past year, a handful of gay men from Jamaica have successfully sought asylum in Britain."
ID_JOSYSU,"That money is badly needed for rebuilding, according to the Nicaraguan ambassador to London, Nora Campos de Lanquez."
ID_HZOZTJ,"No, we are quite prepared to take the matter to the Privy Council in London because also in the Act we see as being contra-constitution the section which states that the classification of the decision taken by the three judges is final."
ID_DRSLMR,"Ironically, it moved into first gear on Sunday, the same day that the official carnival season was launched."
ID_TNYZPK,And angry Caribbean nationals in New York point an accusing finger at police they see tortured a Haitian man.
ID_KQCSKZ,Mr. Jennings-Clark says there's a need for a simplified building code.
ID_ETYYER,"Lucia's bananas were wiped out, with the east coast suffering particularly badly."
ID_ZJPBOX,Guyana's President Chedi Jagan says Umai will have to pay for the cost of one of the country's biggest environmental disasters and a final report on the Commission of Inquiry into St.
ID_JPAHLB,"embargo was still in place, he would stay in power."
ID_FZLXCW,"From London, BBC Caribbean Report."
ID_UCXMPC,A Trinidad government minister says the region's decision-makers are too long on rhetoric.
ID_XJJFMQ,"It turned out that yes, the river of fire did work, but because it was so rapid and spanned six miles, no one on the river saw it."
ID_NGSGSO,"How disappointed are you, Dr. Douglas, that Ms."
ID_MZGIGU,One key Latin American envoy says diplomats from his region have little hope that the talks will produce any movement.
ID_ODOWFA,Secretary Powell was speaking at the conclusion of a meeting with Caribbean foreign ministers in Nassau Thursday.
ID_OJQDWE,They've described it as inhumane and despotic.
ID_ASQPRU,The JLP has slipped badly in the polls.
ID_KZQLHR,This has led to speculation that the decision to rescind the order was brought about by the media hype which greeted the sitting and hunger strike.
ID_KDHMHN,Britain's pressing for more ethnically correct labels.
ID_ERZZNC,I asked him what guarantees there are that those plans will be implemented expeditiously.
ID_PJALZY,The Grenadian Prime Minister Keith Mitchell has been explaining why he's come out publicly against what he says is a lack of American support for CARICOM countries.
ID_GICYHU,"Today there were violent incidents around the PNC headquarters, but Colin Smith reports that there's hope that proposed talks between the country's president and the leader of the opposition will help ease the tension."
ID_WTCVGG,"There are some polling stations which still have not received any of their ballot papers, have not received any of their electoral implements and equipment."
ID_WVSANR,The UN Forum offers Caribbean countries help to set up their regulations.
ID_HXANYW,We will evaluate it after two weeks.
ID_GKRHIT,As long as he's blunt in the same way in the meeting room as he is out in the court...
ID_UIHZBJ,"On Montserrat itself, the long-suffering residents are facing a new crisis."
ID_XJUVSJ,Under Secretary of State for Commerce Stuart Eisenstadt says the U.S.
ID_UFRPUI,"I spoke with journalist Lionel Martin in Havana and Dr. Philip Brenner, head of the Department of International Relations and Foreign Policy at American University in Washington."
ID_UQTQQR,Jamaican manufacturers gave the thumbs down to reductions in the CET and major internal wrangling beset opposition parties in Jamaica and St.
ID_SKBMRP,The latest from the National Hurricane Center is that Hurricane Lenny has virtually landed on St.
ID_SGQBIC,"In the nineteen ninety-five general elections, the United Workers Party secured just over a third of the popular vote."
ID_UTRAUX,I'm Bertram Niles and this is BBC Caribbean Report.
ID_BHGHWB,Grenada went through a tremendous period of instability for twenty years and one of the reasons that Grenada did not make enough economic progress has to do with the political instability and the problem of political trauma in the country over the years.
ID_PIQBGT,"As the Antiguan government approached, said a British High Commissioner in Barbados or the Foreign Office in terms of dealing with the situation."
ID_XHYCHS,"Privately, of course, State Department officials don't expect President Avril of Haiti or his supporters to meet these demands overnight."
ID_SFUIMT,"Many residents fled to Britain, the United States or neighboring islands after the initial 1995 eruption."
ID_PJCMRV,The deal also put hundreds of Liat staffers back on the job without any loss of pay after they were faced with threats of dismissal for what authorities deemed an illegal strike.
ID_LGGOGX,I'm Bert Trimnells and this is BBC Caribbean Report.
ID_QPWLNF,I'm Ken Richards and this is BBC Caribbean Report.
ID_LEFGTK,Trinidad and Tobago's Prime Minister appeals for union help in his economic plans.
ID_NRRHWX,Mr. Bermudez said that working conditions had been deteriorating ever since nineteen eighty-five.
ID_IDUNAB,And the systems are coming off the African coast.
ID_ZTKTRG,"Joseph Edmead, the Cabinet Secretary, speaking about the motion, says the National Assembly is opposed to the secession of Nevis from St Kitts."
ID_KPJCQK,"The Grenada government says the family has no links to international terrorism, but Mr. Batiste told me their presence in Grenada could be a breach of national security at a time when the United States is on the verge of going to war with Iraq."
ID_UHUCWP,"He was, however, caught on a common and particularly brutal set of murders."
ID_UBKMAP,Haiti's military-backed government today declared the northwest section of the country a famine disaster area and said some people had died of starvation.
ID_DRNPYC,"In Trinidad and Tobago, the ruling National Alliance for Reconstruction faces an uphill battle to regain the support of an electorate that swept it into power so enthusiastically just four years ago."
ID_DYYTEQ,Dr. Lewis says Carrick has asked ministries of health to work closely with their wildlife specialists to get a sense of bird movement.
ID_QROAOY,So whether or not this constitutional motion succeeds...
ID_VPKCGV,There was an informal meeting of WTO members to try and find a way out of the impasse after Dominica and St.
ID_UPGQXD,"Down to the last situation which happened just an hour or so ago, the defense filed a writ against..."
ID_YHLSTR,I'm Oren Gordon and this is BBC Caribbean Report.
ID_OUECWQ,A US Democratic congressman says Mr. Michael Manley hit all the right notes during his visit to Washington.
ID_BHVLNI,Mr. Simmons estimates that the annual cost of operating the court could amount to ten million EC dollars.
ID_VPLLBI,"But in our case, we are not likely to have a resident ambassador right away."
ID_EOFSBA,"However, whether he will be able to meet that deadline depends to a large extent on how soon parties in Curacao are able to form a new local government."
ID_PVGLJX,"We understand from previous discussions with Chiquita or with AFG, its controlling stockholder, that they may be interested in selling the company and may consider undertaking an auction process through which they would sell the company."
ID_PNHAIQ,"Anguilla's opposition, ANA, taking a hard, cautious look at the coalition government's political crisis."
ID_MWWGNI,That's just two and a half points ahead of Dr. Francisco Peña Gomez.
ID_OIFIUK,"In the meantime, they'll try to get some kind of concrete assurance from General Musharraf that he intends to return Pakistan to civilian rule soon."
ID_BWAAPK,"Well, the governor, Governor Frank Savage, will be issuing a short time, any time now, the emergency order, which, with this order, the police will be given special powers to protect the properties."
ID_YYTFDI,"With the economies of the United States and Europe in recession, people were being forced to forego or to scale down their annual holidays."
ID_AHBUSH,The health ministry there is boasting of a major breakthrough in the treatment of HIV-infected persons on the island.
ID_NRAQYC,"They deduct, they make the deductions, the three and a half percent deductions from every employee of government."
ID_YOJRVP,"A third case involves the association's president, Lazaro Jordano, who received a twenty-year sentence for illegally trying to escape Cuba in nineteen eighty."
ID_JIEEVX,The immigration service has suspended its deadline of Friday for returning Elian to Cuba.
ID_BQIBVG,I am Keith Stonegraves in London and this is BBC Caribbean Report.
ID_ZRZBLG,"While American Marines helped to eradicate Caribbean marijuana production, back in the USA it's become the country's biggest cash crop."
ID_REFDAF,Another of the rebel ministers in the Trinidad and Tobago government has left office.
ID_MNWMMF,"Attorney General Janet Reno says the decision acknowledged his father's legal right to speak for him, but the exiles are outraged."
ID_CIUSSU,"If accepted, Cuba could be joining other ACP countries at the Suva signing."
ID_XVRDCN,I think Mr. Fuchs is falling into the way that I think many of us do.
ID_BLHYMT,"How then can the Caribbean head off, finding its existing economic relationships being threatened as"
ID_DAWONN,Both Finlay and Croft agreed that Brian Lara should remain as captain of the team.
ID_CHMEXB,"They actually liked the idea of being a republic by and large, despite the fact there were some monarchists left."
ID_BLIZVO,"It's accepted that reforms have been made, but can the government afford to pat itself on the back?"
ID_RSXZZI,"Dr. Douglas says while the islands can't send troops to Afghanistan or support the action financially,"
ID_HWAKPV,to gain Canadian-landed immigrant status for this particular young lady.
ID_RYOWDY,"As he continues to chase the record as the greatest wicket-taker of all time, some in the Caribbean are asking how long he can continue."
ID_YKNSAU,"Lucia Ambassador to the United Nations, George Odlam."
ID_GTXAFQ,And agreements between beleaguered banana farmers and local bankers in St Lucia.
ID_AZLGSV,New Zealand's foreign minister talks about his bid for the Commonwealth's top post.
ID_NHPKEU,Most of the ash was blown away from the central zone over Plymouth and into the sea.
ID_TVNCSZ,Dominica's Prime Minister Dame Eugenia Charles is counting on continued British backing for maintaining the Caribbean's special access to the European banana market.
ID_HZYYWO,"And if we continue not to meet them, it will only raise the level of cynicism."
ID_XUQIRJ,CARICOM's solidarity will be essential in negotiating with the large industrial economies of the atmosphere.
ID_LHVNRR,"The people of this country have seen the work that the government has done, and we are satisfied that the people of this country are ready to renew the mandate."
ID_LRHXYK,"those that import into the country, but not necessarily for those producing in that country, then they become a matter for a contention."
ID_PXIQCB,"This was the AP correspondent in Port-au-Prince, Michael Norton."
ID_QZMCBO,to announce it had got permission from the Federal Aviation Authority to fly into Miami.
ID_WXMCSU,and why Puerto Rico's referendum still hasn't settled its relationship with the US.
ID_FRNTMZ,And Hurricane Marco losing strength and speed and could be downgraded to a tropical storm.
ID_WOHURJ,"If a week is a long time in politics, Dr. Jagan's been there for more than half a century."
ID_VSSWNM,"As I mentioned just now, the fact that government is now making, I think, a determined effort to curtail their expenditure."
ID_KCVUBL,"This situation was conveyed to the governor of the Netherlands, Antilles Jaime Salay, and the prime minister, Susie Camelia Reimer, who visited St."
ID_PVONCL,"The star's front page was devoted to a single headline which read, PM's shocking love letters."
ID_FVETLX,The Bahamas government has begun a damage limitation exercise against publicity generated by the murder of a British tourist on Paradise Island.
ID_IUBWJC,Marshall was diagnosed with colon cancer in May during the World Cup and gave up the job of coach to undergo chemotherapy in Birmingham.
ID_QIMQIN,"The CARICOM Secretariat in Georgetown says that to date, no regional government has been informed of nuclear shipments passing through Caribbean waters."
ID_HUVHNB,Mr. Wilson told me he was confident that they would meet the new deadline of September the thirtieth.
ID_DRSZAF,"In the area, I met Sister Kulcha, born in Guyana, currently unemployed and living on state benefits with her two children."
ID_KNDCFM,"From London, BBC Caribbean Report."
ID_XHUKSY,The draft plan says barriers to their exports in key industries need to be addressed.
ID_OPKAPW,"When that is done, and we are endeavouring, a number of us, to have that done, when that is done, I think then voices, public and private, in the English-speaking Caribbean, can add their voice to that case."
ID_VQSONW,"Dominica Prime Minister, Edison James."
ID_HBVKLC,"However, it was for his brilliant political polling career that he was best known, this after he accurately predicted the results of every election held in Jamaica since nineteen seventy-six."
ID_FLAJQY,"Mike Jarvis reports from Betty's estate, which is virtually underwater."
ID_IHIWFU,Gary Allen spoke with political analyst Dr. Brian Meeks about the implications of the popular sentiment in the race between Patterson and Simpson to lead the PNP and Jamaica.
ID_LEZQXA,The joint assembly just today approved the...
ID_PMXIOG,How long that can go on is anyone's guess really.
ID_NULJYP,"When migrants are interdicted at sea and they're evacuated due to a medical emergency, children or other immediate family members are evacuated with the principal without hesitation."
ID_KLLFWI,Trinidad seeks to dispense with appeals to the British Privy Council.
ID_QPPFOX,I'm Mike Jarvis and this is BBC Caribbean Report.
ID_DEAPJM,"It also, in my view, offends the constitutions of many of the countries of the world, including those in the Caribbean, the provisions on cruel and inhumane punishment."
ID_AFKVHW,Today's programme is a special edition looking at the next crop of regional politicians.
ID_XRNFFS,"In this special edition, we focus on today's general election here in Britain, the role of the black vote in the election campaign, and the implications of the final result for the Caribbean."
ID_VHRRFC,"Just after lunchtime today, there was another major..."
ID_UOCUNF,"Generally speaking, we brought it to bear in Nigeria and in Sierra Leone and the Gambia."
ID_FDCVCU,"What I have become, good or bad, I learned there."
ID_SRBZMX,"Sadly, few Haitians or other Caribbean people turned up at the event, though it took place in Brooklyn, in the very heart of the expatriate community."
ID_LGEYKD,I'm Mike Jarvis and this is BBC Caribbean Report.
ID_HKIHPW,Mr. Valtasari will be hoping that his team has better luck trying to persuade General Musharraf to let them see Nawaz Sharif.
ID_JLEECT,but we believe that certainly assistance will be provided and with a chance for even greater amounts next year.
ID_UVVCZU,The second thing is I think there's a real appreciation of Paterson's style of leadership.
ID_IECDUD,"The committee will also try to determine where development aid has gone since nineteen eighty-nine, as well as the roles of the Office for Development Assistance and the Department of International Development."
ID_NMIRLV,Several leaders have written to United States President Bill Clinton asking him to do what he could to help avert the strike.
ID_LHLWTQ,"I'm Hugh Crosskill, and this is BBC Caribbean Report."
ID_VYYRXS,"Regrettably, ladies and gentlemen, I heard nothing today that, in over six hours, I heard nothing that suggested to me any Iraqi flexibility whatsoever on complying with the United Nations Security Council resolution."
ID_MXRWIC,The Grenada government and the International Monetary Fund are reviewing figures for an economic recovery programme for the island.
ID_UJZPJF,"The Minister will be meeting with the Board of Directors on Monday at two o'clock to further discuss the impasse in County, with the expectation of reaching to a permanent conclusion in due course."
ID_GHEHJN,Oren Gordon had the daunting task of quizzing the veteran Caribbean politician.
ID_YTFLWO,Guyana is preparing for a high-level visit tomorrow of four prime ministers from the Caribbean community.
ID_LFAJFC,I asked Dr. Monroe for his thoughts on Mr. Gorbachev's demise.
ID_XEFPOJ,"Meanwhile in Bermuda, the government has been receiving the plaudits of human rights organisations for abolishing the death penalty."
ID_EDURWR,The French side did not suffer the damage that the Dutch side suffered.
ID_TGJNLN,I'm Mike Jarvis and this is BBC Caribbean Report.
ID_EHBLOS,The Premier of Nevis defends his decision to call a snap election.
ID_QHUCZK,"economic blockade of Nicaragua and the bloody fratricidal Contra War, sponsored by Washington, tore away at popular support for the Sandinista government."
ID_LJUDIY,The International Sugar Organization announced today that it could be forced to close by month-end if unpaid Jews are not made available.
ID_EHGHMU,"Mr. Mitchell was an observer at the Nicaraguan elections, was among the group of Caribbean leaders to meet with U.S."
ID_BIXODX,I'm Emma Joseph saying goodbye from London.
ID_OIKJVV,"Big problems are for food and medicine, and that is the first big problem."
ID_UOGRCY,"Well, as far as I was concerned, we should have voted against their coming into the European community, into the ACP."
ID_UGVGSQ,Bahamian workers ruffle the industrial climate with noisy protests.
ID_HMRABU,"And this would have, of course, enormous consequences."
ID_XSZIPK,"Jesse Helms, chairman of the Senate Foreign Affairs Committee, announced today he's introducing a bill to tighten the U.S."
ID_TPYOYZ,I think that there will immediately be an impact encouraging U.S.
ID_GHLLJH,So to what extent could Mr. Siaga now be viewed as more of a liability than an asset to his party?
ID_LPVFUM,"We are not saying that it is general strike, neither are we saying that it is not general strike."
ID_YEEELU,"Chief Executive Officer of CaribExpress, Brian Pocock, cited cash flow problems as the root of the current crisis."
ID_LBKWIM,One hundred and five persons in Trinidad and Tobago are on death row.
ID_LCBVSH,economic domination of the region under the guise of a massive free trade agreement.
ID_HCFXZJ,We need to discuss matters openly and without fear of generating more bitterness and hatred.
ID_RFAHXL,Business leaders seek a political truce in Jamaica.
ID_DXXBZR,Bureau Executive Director Mr. Albert Deeterville has also been critical of the police for the way they handled the case.
ID_MEHMHK,"Well, if you talk to the banana farmer, you will find that they are fully confident that given the right backup..."
ID_GDVMOC,"The PLP and the Fall Party have very strong support among the working class people, the Labour Party obviously being a Labour Party."
ID_JVWUZM,Wynwood Islands growers say they've reason to be cautious about going into organic production.
ID_PKTSNB,"Demonstrators in Haiti's coastal city of Gonaive set up flaming street barricades today, demanding police find the killers of a government Member of Parliament shot to death over the weekend."
ID_ANIZVU,They need to work from feeder one to ten.
ID_PZXCMH,"But as Ken Richards now reports, the Essequibo has been given a clean bill of health."
ID_SSRAES,And that's how we end the Caribbean report today.
ID_VUHJPK,"As store owners became aware of what was happening, they quickly closed their doors and erected barricades."
ID_SBVOSN,"Seven women are expected to be among them, the highest number ever to contest an election on the island."
ID_JTVWSH,Overall figures also confirm that Haiti has the highest rate of HIV and AIDS infection in the Americas.
ID_BERBSZ,He left behind a letter accusing the government of using the death penalty for political ends.
ID_HFVUTD,The ruling came against the background of a challenge to the sentence imposed on the men by then trial judge Dennis Byron.
ID_TWNYMZ,Where are the mobile biological laboratories?
ID_SBIAAK,"Meanwhile, the Spanish-speaking equivalent of the Commonwealth, the Ibero-American grouping, meet in Cuba this weekend."
ID_SSYXFC,Vincentian Prime Minister James Mitchell has confirmed that the Wynwood Islands are putting in a bid to buy over Gist's banana business.
ID_IPTUBP,"The leader of Nevis' Reformation Party, Simeon Daniel, makes himself clear on secession."
ID_CLCHJQ,"From London, BBC Caribbean Report."
ID_NIEXIJ,"Prime Minister Robinson of Trinidad and Tobago, and there'll be more from him later."
ID_CVPFNJ,Cuba's Communist Party Congress today approved a resolution for the country to keep a one-party state beyond the year two thousand.
ID_THZUGP,"The ruling United Workers Party now holds twelve seats in the twenty-one-member parliament, while the Labour Party has five and the Freedom Party four."
ID_MCHCDN,Today's memorial service is now in progress.
ID_XZMTLO,Three Wynwood Islands Prime Ministers are due in London on Sunday for talks on the proposed sale of geese banana business.
ID_RPRPUE,"among others, have a kind of leverage on..."
ID_UAYRMJ,Further efforts to avert the threatened secession of Nevis and Rastafarians celebrate in Ethiopia.
ID_IOOHYH,but we're prepared to protect ourselves and to use the necessary force to compel compliance with minimum safety requirements.
ID_OXNHHE,I'm Mike Jarvis and this is BBC Caribbean Report.
ID_CNHVXP,Many Caribbean leaders were apprehensive about plans to speed up the creation of the free trade zone in the first place.
ID_UMXVHY,Electoral officials say yesterday's poll won by the Virgin Islands Party of Chief Minister Ralph O'Neill was peaceful.
ID_QOQHIP,But I don't want to engender or encourage any feeling of insecurity in the population.
ID_OHLXHM,"Jamaica's Deputy Prime Minister and Minister of Finance, PJ Paterson, is out of the cabinet of Prime Minister Michael Manley."
ID_AKFMXY,"When Red's leaders discuss aid for their ailing banana industry, the U.S."
ID_JYIBVK,And of course we know what has happened throughout the Caribbean.
ID_MXNNOU,"From London, BBC Caribbean Report."
ID_IXHYKD,I asked UWP Chairman Stevenson King about the complaints against Mr Wilson.
ID_GIXCOQ,Fresh fears of electoral malpractice have surfaced in the run-up to Guyana's elections.
ID_FPPWXS,"Having exhausted all legal appeals, Mitchell, the twenty-seven-year-old convicted murderer of Germans Horst and Trout Henning, went to the gallows with little notice and even less sympathy from the Bahamian public."
ID_WJBARH,This is Michael Norton in Port-au-Prince for the BBC Caribbean Report.
ID_RVDDKN,And a British charity wants the UK to pay the airfares of dislocated Montserratians.
ID_HRSGGO,while Washington has put security at the top of his list.
ID_THCJVO,and end the crisis without violence.
ID_QBJJDM,Jamaica blames its crime wave on gangs of deportees.
ID_UCVAAY,"I have no ideas yet, you know, looking and listening."
ID_FHQOMX,"without reference to the various ministries of finance, the selling of foreign exchange for certain purposes."
ID_AKMFPC,"I'm Hugh Crosskill, and this is BBC Caribbean Report."
ID_XUDUTN,"So they have offloaded a great deal of aluminum, and this has resulted in a situation where we are faced with declining earnings, although our volume of bauxite and aluminum is actually on the increase."
ID_FWRPOL,We will continue the dialogue with them to see what further assistance they require.
ID_LMOUPF,Guyana witnesses the swearing-in of its new Prime Minister.
ID_LBRJXX,because President Robinson suggests that is why he in turn went public.
ID_INCONI,"The scheme, run by the former Ukrainian Prime Minister Pavlo Lazarenko, involved more than US dollars and appears to be the proceeds of major fraud between the Ukraine and Switzerland."
ID_VXOTMH,"When the standards start to become a moving target, or they're applied in a variable context, in other words, they're applied for..."
